# extract_ntm_directives.py started 2026-10-09T10:23:10.799825+00:00
  12_augusti_1949_genfi_konventsioonide_8_juuni_1977_i_lisaprotokolli_rahvusvaheli__tid331466.xml: 0 directive(s) → 1 file(s)
  1949_aasta_12_augusti_genfi_konventsioonide_2005_aasta_8_detsembri_iii_lisaproto__tid317477.xml: 0 directive(s) → 1 file(s)
  1966_aasta_rahvusvahelise_laadungimargi_konventsiooni_1988_aasta_protokolli_rati__tid129508.xml: 0 directive(s) → 1 file(s)
  1974_aasta_rahvusvahelise_konventsiooni_inimelude_ohutusest_merel_1988_aasta_pro__tid156643.xml: 0 directive(s) → 1 file(s)
  1981_aasta_protokolliga_muudetud_eurocontroli_lennuliikluse_ohutuse_alast_koosto__tid1026648.xml: 0 directive(s) → 1 file(s)
  1992_aasta_piiriveekogude_ja_rahvusvaheliste_jarvede_kaitse_ning_kasutamise_konv__tid156303.xml: 0 directive(s) → 1 file(s)
  1992_aasta_rahvusvahelise_konventsiooni_rahvusvahelise_naftareostuskahjude_huvit__tid323041.xml: 0 directive(s) → 1 file(s)
  1996_aasta_rahvusvahelise_konventsiooni_vastutusest_ja_kahju_huvitamisest_ohtlik__tid1051594.xml: 0 directive(s) → 1 file(s)
  2006_aasta_rahvusvaheline_troopilise_puidu_lepingu_ratifitseerimise_seadus__tid1001124.xml: 0 directive(s) → 1 file(s)
  2026_aasta_riigieelarve_seadus__tid1062439.xml: 0 directive(s) → 1 file(s)
  aafrika_ja_euraasia_randveelindude_kaitse_kokkuleppega_uhinemise_seadus__tid323048.xml: 0 directive(s) → 1 file(s)
  abielulahutuse_ja_kooselu_lopetamise_tunnustamise_konventsiooniga_uhinemise_sead__tid155662.xml: 0 directive(s) → 1 file(s)
  abieluvararegistri_seadus__tid161919.xml: 0 directive(s) → 1 file(s)
  abipolitseiniku_seadus__tid1000259.xml: 0 directive(s) → 1 file(s)
  advokatuuriseadus__tid159430.xml: 0 directive(s) → 1 file(s)
  aiandus_ja_suvilakooperatiivide_vara_erastamise_kohta__tid159187.xml: 0 directive(s) → 1 file(s)
  ajutise_sisseveo_konventsiooniga_uhinemise_seadus__tid159297.xml: 0 directive(s) → 1 file(s)
  albaania_vabariigi_ja_horvaatia_vabariigi_uhinemist_kasitlevate_pohja_atlandi_le__tid331468.xml: 0 directive(s) → 1 file(s)
  alkoholi_tubaka_kutuse_ja_elektriaktsiisi_seadus__tid163125.xml: 11 directive(s) → 1 file(s)
  alkoholiseadus__tid100988.xml: 0 directive(s) → 1 file(s)
  alusharidusseadus__tid1060261.xml: 0 directive(s) → 1 file(s)
  ametiuhingute_seadus__tid152862.xml: 1 directive(s) → 1 file(s)
  antarktika_lepinguga_uhinemise_seadus__tid153273.xml: 0 directive(s) → 1 file(s)
  arenguseire_seadus__tid1035231.xml: 0 directive(s) → 1 file(s)
  arheoloogiaparandi_kaitse_euroopa_konventsiooni_ratifitseerimise_seadus__tid151890.xml: 0 directive(s) → 1 file(s)
  arhiiviseadus__tid1000761.xml: 0 directive(s) → 1 file(s)
  ariregistri_seadus__tid1054042.xml: 1 directive(s) → 1 file(s)
  ariseadustik__tid161909.xml: 11 directive(s) → 1 file(s)
  arvutikuritegevusvastase_konventsiooni_ratifitseerimise_seadus__tid156316.xml: 0 directive(s) → 1 file(s)
  asendustaitmise_ja_sunniraha_seadus__tid160825.xml: 0 directive(s) → 1 file(s)
  asjaoigusseadus__tid159211.xml: 1 directive(s) → 9 file(s)
  asjaoigusseaduse_rakendamise_seadus__tid159222.xml: 0 directive(s) → 1 file(s)
  atmosfaariohu_kaitse_seadus__tid1035400.xml: 27 directive(s) → 1 file(s)
  audiitortegevuse_seadus__tid341226.xml: 1 directive(s) → 1 file(s)
  austria_vabariigi_belgia_kuningriigi_hispaania_kuningriigi_luksemburgi_suurherts__tid322800.xml: 0 directive(s) → 1 file(s)
  autorioiguse_seadus__tid159194.xml: 13 directive(s) → 1 file(s)
  autoveoseadus__tid1041613.xml: 6 directive(s) → 1 file(s)
  avaliku_teabe_seadus__tid162383.xml: 3 directive(s) → 1 file(s)
  avaliku_teenistuse_seadus__tid1003782.xml: 4 directive(s) → 1 file(s)
  avatud_taeva_lepinguga_uhinemise_seadus__tid158507.xml: 0 directive(s) → 1 file(s)
  bakterioloogiliste_bioloogiliste_ja_toksiinrelvade_taiustamist_tootmist_ja_varum__tid151485.xml: 0 directive(s) → 1 file(s)
  balti_pataljoniga_seotud_valislepingute_lopetamise_seadus__tid142344.xml: 0 directive(s) → 1 file(s)
  belgia_kuningriigi_bulgaaria_vabariigi_tsehhi_vabariigi_taani_kuningriigi_saksam__tid1004628.xml: 0 directive(s) → 1 file(s)
  berni_kirjandus_ja_kunstiteoste_kaitse_konventsiooniga_uhinemise_seadus__tid151610.xml: 0 directive(s) → 1 file(s)
  bioloogilise_mitmekesisuse_konventsiooni_cartagena_bioloogilise_ohutuse_protokol__tid157172.xml: 0 directive(s) → 1 file(s)
  bioloogilise_mitmekesisuse_konventsiooni_geneetilistele_ressurssidele_juurdepaas__tid1044575.xml: 0 directive(s) → 1 file(s)
  bioloogilise_mitmekesisuse_konventsiooni_ratifitseerimise_seadus__tid151607.xml: 0 directive(s) → 1 file(s)
  biotsiidiseadus__tid335613.xml: 0 directive(s) → 1 file(s)
  bulgaaria_vabariigi_ja_rumeenia_euroopa_majanduspiirkonnas_osalemise_lepingu_rat__tid328974.xml: 0 directive(s) → 1 file(s)
  cartagena_bioohutuse_protokolli_vastutust_ja_kahju_huvitamist_kasitleva_nagoya_k__tid1026649.xml: 0 directive(s) → 1 file(s)
  cotonou_lepingu_alusel_antava_uhenduse_abi_rahastamist_ning_finantsabi_eraldamis__tid313832.xml: 0 directive(s) → 1 file(s)
  cotonou_lepingu_muutmislepingu_ratifitseerimise_seadus__tid313833.xml: 0 directive(s) → 1 file(s)
  cotonou_lepingu_teistkordse_muutmise_lepingu_ratifitseerimise_seadus__tid1001125.xml: 0 directive(s) → 1 file(s)
  e_identimise_ja_e_tehingute_usaldusteenuste_seadus__tid1036212.xml: 0 directive(s) → 1 file(s)
  ebaausa_konkurentsi_takistamise_ja_arisaladuse_kaitse_seadus__tid1045095.xml: 1 directive(s) → 1 file(s)
  eesoigustatud_merevolgade_ja_merehupoteekide_kohta_kaivate_maaruste_uhtlustamise__tid154396.xml: 0 directive(s) → 1 file(s)
  eesti_islandi_leedu_lati_norra_rootsi_soome_ja_taani_vahelise_pohjamaade_investe__tid158251.xml: 0 directive(s) → 1 file(s)
  eesti_islandi_leedu_lati_norra_rootsi_soome_ja_taani_vahelisele_pohjamaade_inves__tid1049637.xml: 0 directive(s) → 1 file(s)
  eesti_keskmise_palgaga_seotud_ametipalkade_maksmise_ajutise_korralduse_seadus__tid328670.xml: 0 directive(s) → 1 file(s)
  eesti_kultuurkapitali_seadus__tid159245.xml: 0 directive(s) → 1 file(s)
  eesti_kunstiakadeemia_seadus__tid1046444.xml: 0 directive(s) → 1 file(s)
  eesti_lipu_seadus__tid158618.xml: 0 directive(s) → 1 file(s)
  eesti_maaulikooli_seadus__tid1046446.xml: 0 directive(s) → 1 file(s)
  eesti_muusika_ja_teatriakadeemia_seadus__tid1046445.xml: 0 directive(s) → 1 file(s)
  eesti_panga_seadus__tid159205.xml: 0 directive(s) → 1 file(s)
  eesti_rahvusraamatukogu_seadus__tid1000705.xml: 0 directive(s) → 1 file(s)
  eesti_rahvusringhaalingu_seadus__tid310173.xml: 0 directive(s) → 1 file(s)
  eesti_teaduste_akadeemia_seadus__tid159333.xml: 0 directive(s) → 1 file(s)
  eesti_territooriumi_haldusjaotuse_seadus__tid159284.xml: 0 directive(s) → 1 file(s)
  eesti_vabariigi_haridusseadus__tid161870.xml: 0 directive(s) → 1 file(s)
  eesti_vabariigi_ja_ameerika_uhendriikide_vahelise_tulumaksuga_topeltmaksustamise__tid118873.xml: 0 directive(s) → 1 file(s)
  eesti_vabariigi_ja_andorra_vurstiriigi_vahelise_tulu_ja_kapitalimaksudega_topelt__tid1062775.xml: 0 directive(s) → 1 file(s)
  eesti_vabariigi_ja_araabia_uhendemiraatide_vahelise_tulumaksudega_topeltmaksusta__tid1002440.xml: 0 directive(s) → 1 file(s)
  eesti_vabariigi_ja_armeenia_vabariigi_vahelise_tulu_ja_kapitalimaksuga_topeltmak__tid156028.xml: 0 directive(s) → 1 file(s)
  eesti_vabariigi_ja_austraalia_vahelise_sotsiaalkindlustuslepingu_ratifitseerimis__tid1034677.xml: 0 directive(s) → 1 file(s)
  eesti_vabariigi_ja_austria_vabariigi_vahelise_investeeringute_soodustamise_ja_ka_2__tid151707.xml: 0 directive(s) → 1 file(s)
  eesti_vabariigi_ja_austria_vabariigi_vahelise_investeeringute_soodustamise_ja_ka__tid1054252.xml: 0 directive(s) → 1 file(s)
  eesti_vabariigi_ja_austria_vabariigi_vahelise_tulu_ja_kapitalimaksuga_topeltmaks__tid155661.xml: 0 directive(s) → 1 file(s)
  eesti_vabariigi_ja_belgia_kuningriigi_vahelise_tulumaksuga_topeltmaksustamise_va__tid153008.xml: 0 directive(s) → 1 file(s)
  eesti_vabariigi_ja_belgia_luksemburgi_majandusuniooni_vahelise_investeeringute_v__tid151918.xml: 0 directive(s) → 1 file(s)
  eesti_vabariigi_ja_botswana_vabariigi_vahelise_tulumaksudega_topeltmaksustamise___tid1061185.xml: 0 directive(s) → 1 file(s)
  eesti_vabariigi_ja_bulgaaria_vabariigi_vahelise_tulumaksudega_topeltmaksustamise__tid329977.xml: 0 directive(s) → 1 file(s)
  eesti_vabariigi_ja_euroopa_investeerimispanga_vahelise_raamlepingu_euroopa_inves__tid118870.xml: 0 directive(s) → 1 file(s)
  eesti_vabariigi_ja_euroopa_rekonstrueerimis_ja_arengupanga_vahel_solmitud_garant__tid152695.xml: 0 directive(s) → 1 file(s)
  eesti_vabariigi_ja_euroopa_tuumauuringute_organisatsiooni_cern_vahelise_cern_iga__tid1050711.xml: 0 directive(s) → 1 file(s)
  eesti_vabariigi_ja_gruusia_vahelise_investeeringute_soodustamise_ja_vastastikuse__tid1036450.xml: 0 directive(s) → 1 file(s)
  eesti_vabariigi_ja_gruusia_vahelise_tulu_ja_kapitalimaksudega_topeltmaksustamise_2__tid1000673.xml: 0 directive(s) → 1 file(s)
  eesti_vabariigi_ja_gruusia_vahelise_tulu_ja_kapitalimaksudega_topeltmaksustamise__tid316883.xml: 0 directive(s) → 1 file(s)
  eesti_vabariigi_ja_guernsey_vahelise_tulumaksudega_topeltmaksustamise_valtimise___tid1048920.xml: 0 directive(s) → 1 file(s)
  eesti_vabariigi_ja_hiina_rahvavabariigi_vahelise_lepingu_vastastikusest_oigusabi__tid1000023.xml: 0 directive(s) → 1 file(s)
  eesti_vabariigi_ja_hispaania_kuningriigi_vahelise_investeeringute_vastastikuse_s__tid154392.xml: 0 directive(s) → 1 file(s)
  eesti_vabariigi_ja_hispaania_kuningriigi_vahelise_tulu_ja_kapitalimaksudega_tope__tid158326.xml: 0 directive(s) → 1 file(s)
  eesti_vabariigi_ja_hollandi_kuningriigi_vahelise_tulu_ja_kapitalimaksuga_topeltm_2__tid334191.xml: 0 directive(s) → 1 file(s)
  eesti_vabariigi_ja_hollandi_kuningriigi_vahelise_tulu_ja_kapitalimaksuga_topeltm_3__tid118695.xml: 0 directive(s) → 1 file(s)
  eesti_vabariigi_ja_hollandi_kuningriigi_vahelise_tulu_ja_kapitalimaksuga_topeltm__tid302368.xml: 0 directive(s) → 1 file(s)
  eesti_vabariigi_ja_iisraeli_riigi_vahelise_tulumaksudega_topeltmaksustamise_valt__tid339041.xml: 0 directive(s) → 1 file(s)
  eesti_vabariigi_ja_india_vabariigi_kohtulikult_karistatud_isikute_uleandmise_kok__tid1038020.xml: 0 directive(s) → 1 file(s)
  eesti_vabariigi_ja_india_vabariigi_vahelise_tulumaksudega_topeltmaksustamise_val__tid1003005.xml: 0 directive(s) → 1 file(s)
  eesti_vabariigi_ja_islandi_vabariigi_vahelise_tulu_ja_kapitalimaksuga_topeltmaks__tid151671.xml: 0 directive(s) → 1 file(s)
  eesti_vabariigi_ja_jaapani_vahelise_tulumaksudega_topeltmaksustamise_valtimise_n__tid1041615.xml: 0 directive(s) → 1 file(s)
  eesti_vabariigi_ja_jersey_vahelise_tulumaksudega_topeltmaksustamise_valtimise_ni__tid1001867.xml: 0 directive(s) → 1 file(s)
  eesti_vabariigi_ja_kanada_vahelise_sotsiaalkindlustuslepingu_ratifitseerimise_se__tid159088.xml: 0 directive(s) → 1 file(s)
  eesti_vabariigi_ja_kanada_vahelise_tulu_ja_kapitalimaksuga_topeltmaksustamise_va__tid151808.xml: 0 directive(s) → 1 file(s)
  eesti_vabariigi_ja_kasahstani_vabariigi_vahelise_tulu_ja_kapitalimaksumusega_top__tid152849.xml: 0 directive(s) → 1 file(s)
  eesti_vabariigi_ja_kasahstani_vabariigi_vahelise_vastastikuse_moistmise_ja_koost__tid151670.xml: 0 directive(s) → 1 file(s)
  eesti_vabariigi_ja_keemiarelvade_keelustamise_organisatsiooni_vahelise_eesoigust__tid1003390.xml: 0 directive(s) → 1 file(s)
  eesti_vabariigi_ja_lati_vabariigi_vahelise_lepingu_merepiiri_kehtestamisest_liiv__tid151879.xml: 0 directive(s) → 1 file(s)
  eesti_vabariigi_ja_lati_vabariigi_vahelise_riigipiiri_taastamise_lepingu_lisapro__tid153248.xml: 0 directive(s) → 1 file(s)
  eesti_vabariigi_ja_lati_vabariigi_vahelise_tulu_ja_kapitalimaksuga_topeltmaksust__tid151549.xml: 0 directive(s) → 1 file(s)
  eesti_vabariigi_ja_leedu_vabariigi_vahelise_tulu_ja_kapitalimaksudega_topeltmaks__tid159067.xml: 0 directive(s) → 1 file(s)
  eesti_vabariigi_ja_leedu_vabariigi_vahelise_tulu_ja_kapitalimaksuga_topeltmaksus__tid151553.xml: 0 directive(s) → 1 file(s)
  eesti_vabariigi_ja_liechtensteini_vurstiriigi_vahelise_tulu_ja_kapitalimaksudega__tid1062319.xml: 0 directive(s) → 1 file(s)
  eesti_vabariigi_ja_luksemburgi_suurhertsogiriigi_vahelise_andmete_ja_infosusteem__tid1042584.xml: 0 directive(s) → 1 file(s)
  eesti_vabariigi_ja_luksemburgi_suurhertsogiriigi_vahelise_tulu_ja_kapitalimaksud__tid1028396.xml: 0 directive(s) → 1 file(s)
  eesti_vabariigi_ja_makedoonia_vabariigi_vahelise_tulumaksudega_topeltmaksustamis__tid334962.xml: 0 directive(s) → 1 file(s)
  eesti_vabariigi_ja_mani_saare_vahelise_tulumaksudega_topeltmaksustamise_valtimis__tid339039.xml: 0 directive(s) → 1 file(s)
  eesti_vabariigi_ja_maroko_kuningriigi_vahelise_tulumaksudega_topeltmaksustamise___tid1026319.xml: 0 directive(s) → 1 file(s)
  eesti_vabariigi_ja_mauritiuse_vabariigi_vahelise_tulumaksudega_topeltmaksustamis__tid1052678.xml: 0 directive(s) → 1 file(s)
  eesti_vabariigi_ja_mehhiko_uhendriikide_vahelise_tulumaksudega_topeltmaksustamis__tid1017595.xml: 0 directive(s) → 1 file(s)
  eesti_vabariigi_ja_moldova_vabariigi_vahelise_sotsiaalkindlustuslepingu_muutmise__tid1051824.xml: 0 directive(s) → 1 file(s)
  eesti_vabariigi_ja_moldova_vabariigi_vahelise_sotsiaalkindlustuslepingu_ratifits__tid1003006.xml: 0 directive(s) → 1 file(s)
  eesti_vabariigi_ja_moldova_vabariigi_vahelise_teineteisemoistmise_sopruse_ja_koo__tid151907.xml: 0 directive(s) → 1 file(s)
  eesti_vabariigi_ja_norra_kuningriigi_vahelise_tulu_ja_kapitalimaksuga_topeltmaks__tid151550.xml: 0 directive(s) → 1 file(s)
  eesti_vabariigi_ja_norra_kuningriigi_vahelise_vabakaubanduslepingu_ratifitseerim__tid151604.xml: 0 directive(s) → 1 file(s)
  eesti_vabariigi_ja_norra_kuningriigi_valitsuse_vahelise_pollumajandustoodete_kau__tid151611.xml: 0 directive(s) → 1 file(s)
  eesti_vabariigi_ja_omaani_sultaniriigi_vahelise_tulumaksudega_topeltmaksustamise__tid1062258.xml: 0 directive(s) → 1 file(s)
  eesti_vabariigi_ja_pohjamaade_investeerimispanga_garantiilepingute_ratifitseerim__tid158571.xml: 0 directive(s) → 1 file(s)
  eesti_vabariigi_ja_pohjamaade_investeerimispanga_vahel_solmitud_lepingu_ratifits__tid151585.xml: 0 directive(s) → 1 file(s)
  eesti_vabariigi_ja_pohjamaade_keskkonnainvesteeringute_korporatsiooni_nordic_env__tid155707.xml: 0 directive(s) → 1 file(s)
  eesti_vabariigi_ja_poola_vabariigi_regioonide_ja_kohalike_omavalitsuste_vahelise__tid151537.xml: 0 directive(s) → 1 file(s)
  eesti_vabariigi_ja_poola_vabariigi_vahelise_investeeringute_vastastikuse_soodust__tid1044830.xml: 0 directive(s) → 1 file(s)
  eesti_vabariigi_ja_poola_vabariigi_vahelise_konsulaarkonventsiooni_ratifitseerim__tid151453.xml: 0 directive(s) → 1 file(s)
  eesti_vabariigi_ja_poola_vabariigi_vahelise_lepingu_oigusabi_osutamise_ja_oiguss__tid152371.xml: 0 directive(s) → 1 file(s)
  eesti_vabariigi_ja_poola_vabariigi_vahelise_sobraliku_koostoo_ja_laanemeremaade___tid151473.xml: 0 directive(s) → 1 file(s)
  eesti_vabariigi_ja_poola_vabariigi_vahelise_tulu_ja_kapitalimaksuga_topeltmaksus__tid151675.xml: 0 directive(s) → 1 file(s)
  eesti_vabariigi_ja_portugali_vabariigi_vahelise_tulumaksudega_topeltmaksustamise__tid157779.xml: 0 directive(s) → 1 file(s)
  eesti_vabariigi_ja_prantsuse_vabariigi_vahelise_teineteisemoistmise_sopruse_ja_k__tid327263.xml: 0 directive(s) → 1 file(s)
  eesti_vabariigi_ja_rahvusvahelise_rekonstrueerimis_ja_arengupanga_vahel_solmitud__tid152874.xml: 0 directive(s) → 1 file(s)
  eesti_vabariigi_ja_rootsi_kuningriigi_vahelise_eesti_vabariigis_rootsi_kuningrii__tid1063880.xml: 0 directive(s) → 1 file(s)
  eesti_vabariigi_ja_rootsi_kuningriigi_vahelise_tulu_ja_kapitalimaksuga_topeltmak__tid151552.xml: 0 directive(s) → 1 file(s)
  eesti_vabariigi_ja_rumeenia_vaheline_tulu_ja_kapitalimaksudega_topeltmaksustamis__tid159090.xml: 0 directive(s) → 1 file(s)
  eesti_vabariigi_ja_rumeenia_vahelise_sopruse_ja_koostoo_lepingu_ratifitseerimise__tid151535.xml: 0 directive(s) → 1 file(s)
  eesti_vabariigi_ja_saksamaa_liitvabariigi_vahelise_1996_aasta_29_novembril_allak__tid1051906.xml: 0 directive(s) → 1 file(s)
  eesti_vabariigi_ja_saksamaa_liitvabariigi_vahelise_investeeringute_soodustamise___tid151502.xml: 0 directive(s) → 1 file(s)
  eesti_vabariigi_ja_saksamaa_liitvabariigi_vahelise_tulu_ja_kapitalimaksudega_top__tid118654.xml: 0 directive(s) → 1 file(s)
  eesti_vabariigi_ja_serbia_vabariigi_vahelise_tulumaksudega_topeltmaksustamise_va__tid339936.xml: 0 directive(s) → 1 file(s)
  eesti_vabariigi_ja_slovaki_vabariigi_vahelise_tulu_ja_kapitalimaksudega_topeltma__tid159089.xml: 0 directive(s) → 1 file(s)
  eesti_vabariigi_ja_soome_vabariigi_vahel_solmitud_soome_lahel_ja_laanemere_pohja__tid151921.xml: 0 directive(s) → 1 file(s)
  eesti_vabariigi_ja_soome_vabariigi_vahelise_sotsiaalkindlustuslepingu_ratifitsee__tid118615.xml: 0 directive(s) → 1 file(s)
  eesti_vabariigi_ja_soome_vabariigi_vahelise_tulu_ja_kapitalimaksuga_topeltmaksus__tid151554.xml: 0 directive(s) → 1 file(s)
  eesti_vabariigi_ja_sveitsi_konfoderatsiooni_vaheline_investeeringute_vastastikus__tid151503.xml: 0 directive(s) → 1 file(s)
  eesti_vabariigi_ja_sveitsi_konfoderatsiooni_vahelise_vabakaubanduslepingu_juurde__tid151758.xml: 0 directive(s) → 1 file(s)
  eesti_vabariigi_ja_sveitsi_konfoderatsiooni_vahelise_vabakaubanduslepingu_ratifi__tid151440.xml: 0 directive(s) → 1 file(s)
  eesti_vabariigi_ja_taani_kuningriigi_vahelise_tulu_ja_kapitalimaksuga_topeltmaks__tid151551.xml: 0 directive(s) → 1 file(s)
  eesti_vabariigi_ja_taani_kuningriigi_vahelise_vastastikuse_moistmise_memorandumi__tid118719.xml: 0 directive(s) → 1 file(s)
  eesti_vabariigi_ja_tsehhi_vabariigi_vahelise_investeeringute_soodustamise_ja_vas_2__tid151688.xml: 0 directive(s) → 1 file(s)
  eesti_vabariigi_ja_tsehhi_vabariigi_vahelise_investeeringute_soodustamise_ja_vas__tid341856.xml: 0 directive(s) → 1 file(s)
  eesti_vabariigi_ja_tsehhi_vabariigi_vahelise_tulu_ja_kapitalimaksuga_topeltmaksu__tid151687.xml: 0 directive(s) → 1 file(s)
  eesti_vabariigi_ja_turgi_vabariigi_vahelise_investeeringute_vastastikuse_soodust__tid118712.xml: 0 directive(s) → 1 file(s)
  eesti_vabariigi_ja_turgi_vabariigi_vahelise_sopruse_ja_koostoo_lepingu_ratifitse__tid151577.xml: 0 directive(s) → 1 file(s)
  eesti_vabariigi_ja_ukraina_lepingu_oigusabi_ja_oigussuhete_kohta_tsiviil_ning_kr__tid151754.xml: 0 directive(s) → 1 file(s)
  eesti_vabariigi_ja_ukraina_sopruse_ja_koostoo_lepingu_ratifitseerimise_seadus__tid151483.xml: 0 directive(s) → 1 file(s)
  eesti_vabariigi_ja_ukraina_sotsiaalkindlustuslepingu_ratifitseerimise_seadus__tid1001480.xml: 0 directive(s) → 1 file(s)
  eesti_vabariigi_ja_ukraina_vahelise_vabakaubanduslepingu_eesti_vabariigi_ja_efta__tid156797.xml: 0 directive(s) → 1 file(s)
  eesti_vabariigi_ja_ungari_vabariigi_sopruse_ja_koostoo_aluste_lepingu_ratifitsee__tid151472.xml: 0 directive(s) → 1 file(s)
  eesti_vabariigi_ja_ungari_vabariigi_vahelise_tulu_ja_kapitalimaksuga_topeltmaksu__tid157782.xml: 0 directive(s) → 1 file(s)
  eesti_vabariigi_ja_valgevene_vabariigi_sotsiaalkindlustuslepingu_ratifitseerimis__tid1046450.xml: 0 directive(s) → 1 file(s)
  eesti_vabariigi_ja_valgevene_vabariigi_vahelise_tulumaksuga_topeltmaksustamise_v_2__tid118774.xml: 0 directive(s) → 1 file(s)
  eesti_vabariigi_ja_valgevene_vabariigi_vahelise_tulumaksuga_topeltmaksustamise_v__tid1061250.xml: 0 directive(s) → 1 file(s)
  eesti_vabariigi_ja_vene_foderatsiooni_lepingu_oigusabi_ja_oigussuhete_kohta_tsiv_2__tid151493.xml: 0 directive(s) → 1 file(s)
  eesti_vabariigi_ja_vene_foderatsiooni_lepingu_oigusabi_ja_oigussuhete_kohta_tsiv__tid1058680.xml: 0 directive(s) → 1 file(s)
  eesti_vabariigi_ja_vene_foderatsiooni_vahel_1993_aasta_26_jaanuaril_solmitud_lep__tid129136.xml: 0 directive(s) → 1 file(s)
  eesti_vabariigi_ja_vene_foderatsiooni_vahelise_eesti_vene_riigipiiri_lepingu_nin__tid158824.xml: 0 directive(s) → 1 file(s)
  eesti_vabariigi_ja_vene_foderatsiooni_vahelise_konsulaarkonventsiooni_ratifitsee__tid151536.xml: 0 directive(s) → 1 file(s)
  eesti_vabariigi_ja_vene_foderatsiooni_vahelise_lepingu_vene_foderatsiooni_relvaj__tid151809.xml: 0 directive(s) → 1 file(s)
  eesti_vabariigi_ja_venemaa_foderatsiooni_pensionikindlustust_kasitleva_koostoole__tid1001438.xml: 0 directive(s) → 1 file(s)
  eesti_vabariigi_lati_vabariigi_ja_leedu_vabariigi_vahelise_kokkuleppe_uhise_rahu__tid151682.xml: 0 directive(s) → 1 file(s)
  eesti_vabariigi_lati_vabariigi_ja_leedu_vabariigi_vahelise_vabakaubanduslepingu___tid118626.xml: 0 directive(s) → 1 file(s)
  eesti_vabariigi_leedu_vabariigi_ja_lati_vabariigi_kokkuleppe_parlamentaarsest_ja_2__tid151667.xml: 0 directive(s) → 1 file(s)
  eesti_vabariigi_leedu_vabariigi_ja_lati_vabariigi_kokkuleppe_parlamentaarsest_ja__tid158290.xml: 0 directive(s) → 1 file(s)
  eesti_vabariigi_leedu_vabariigi_ja_lati_vabariigi_oigussuhete_lepingu_ratifitsee__tid151446.xml: 0 directive(s) → 1 file(s)
  eesti_vabariigi_maailma_kaubandusorganisatsiooni_asutamislepinguga_marrakesi_lep__tid152563.xml: 0 directive(s) → 1 file(s)
  eesti_vabariigi_ning_nato_euroopa_vagede_korgema_peakorteri_ja_nato_arenduse_kor__tid1013778.xml: 0 directive(s) → 1 file(s)
  eesti_vabariigi_omandireformi_aluste_seadus__tid159169.xml: 0 directive(s) → 1 file(s)
  eesti_vabariigi_pohiseadus__tid151381.xml: 0 directive(s) → 1 file(s)
  eesti_vabariigi_pohiseaduse_rakendamise_seadus__tid151382.xml: 0 directive(s) → 1 file(s)
  eesti_vabariigi_pohiseaduse_taiendamise_seadus__tid156787.xml: 0 directive(s) → 1 file(s)
  eesti_vabariigi_poolt_rahvusvaheliste_organisatsioonide_liikmeks_olemisega_seotu__tid155094.xml: 0 directive(s) → 1 file(s)
  eesti_vabariigi_seadus_vara_voorandamise_oigusvastasuse_toendamise_lihtsustatud___tid151334.xml: 0 directive(s) → 1 file(s)
  eesti_vabariigi_soome_vabariigi_ja_rootsi_kuningriigi_vahelise_reisiparvlaeva_es__tid151773.xml: 0 directive(s) → 1 file(s)
  eesti_vabariigi_ulemnoukogu_xii_koosseisu_ning_riigikogu_vii_viii_ja_ix_koosseis__tid159188.xml: 0 directive(s) → 1 file(s)
  eesti_vabariigi_valitsuse_ja_albaania_vabariigi_ministrite_noukogu_vahelise_tulu__tid1000074.xml: 0 directive(s) → 1 file(s)
  eesti_vabariigi_valitsuse_ja_ameerika_uhendriikide_valitsuse_kaitsekoostoo_kokku__tid1039046.xml: 0 directive(s) → 1 file(s)
  eesti_vabariigi_valitsuse_ja_ameerika_uhendriikide_valitsuse_teadus_ja_tehnoloog_2__tid337981.xml: 0 directive(s) → 1 file(s)
  eesti_vabariigi_valitsuse_ja_ameerika_uhendriikide_valitsuse_teadus_ja_tehnoloog__tid1055113.xml: 0 directive(s) → 1 file(s)
  eesti_vabariigi_valitsuse_ja_ameerika_uhendriikide_valitsuse_vahelise_investeeri_2__tid157481.xml: 0 directive(s) → 1 file(s)
  eesti_vabariigi_valitsuse_ja_ameerika_uhendriikide_valitsuse_vahelise_investeeri__tid151627.xml: 0 directive(s) → 1 file(s)
  eesti_vabariigi_valitsuse_ja_ameerika_uhendriikide_valitsuse_vahelise_lepingu_va_2__tid307792.xml: 0 directive(s) → 1 file(s)
  eesti_vabariigi_valitsuse_ja_ameerika_uhendriikide_valitsuse_vahelise_lepingu_va__tid118832.xml: 0 directive(s) → 1 file(s)
  eesti_vabariigi_valitsuse_ja_ameerika_uhendriikide_valitsuse_vahelise_rahvusvahe__tid1024951.xml: 0 directive(s) → 1 file(s)
  eesti_vabariigi_valitsuse_ja_ameerika_uhendriikide_valitsuse_vahelise_valjaandmi__tid307794.xml: 0 directive(s) → 1 file(s)
  eesti_vabariigi_valitsuse_ja_araabia_uhendemiraatide_valitsuse_vahelise_lennulii__tid1047691.xml: 0 directive(s) → 1 file(s)
  eesti_vabariigi_valitsuse_ja_aserbaidzaani_vabariigi_valitsuse_vahelise_tulu_ja___tid326110.xml: 0 directive(s) → 1 file(s)
  eesti_vabariigi_valitsuse_ja_austraalia_valitsuse_vastastikuse_moistmise_memoran__tid158539.xml: 0 directive(s) → 1 file(s)
  eesti_vabariigi_valitsuse_ja_bahreini_kuningriigi_valitsuse_vahelise_tulumaksude__tid1019848.xml: 0 directive(s) → 1 file(s)
  eesti_vabariigi_valitsuse_ja_euroopa_kosmoseagentuuri_vahelise_eesti_uhinemist_e__tid1048029.xml: 0 directive(s) → 1 file(s)
  eesti_vabariigi_valitsuse_ja_firma_taas_israel_industries_ltd_endine_imi_vahel_s__tid151560.xml: 0 directive(s) → 1 file(s)
  eesti_vabariigi_valitsuse_ja_hiina_rahvavabariigi_hongkongi_erihalduspiirkonna_v__tid1048367.xml: 0 directive(s) → 1 file(s)
  eesti_vabariigi_valitsuse_ja_hiina_rahvavabariigi_valitsuse_vahelise_tulumaksuga_2__tid1031476.xml: 0 directive(s) → 1 file(s)
  eesti_vabariigi_valitsuse_ja_hiina_rahvavabariigi_valitsuse_vahelise_tulumaksuga__tid118914.xml: 0 directive(s) → 1 file(s)
  eesti_vabariigi_valitsuse_ja_horvaatia_vabariigi_valitsuse_vahelise_tulumaksudeg__tid157780.xml: 0 directive(s) → 1 file(s)
  eesti_vabariigi_valitsuse_ja_iiri_valitsuse_vahelise_tulu_ja_kapitali_juurdekasv__tid118824.xml: 0 directive(s) → 1 file(s)
  eesti_vabariigi_valitsuse_ja_itaalia_vabariigi_valitsuse_vahelise_kultuuri_harid__tid118798.xml: 0 directive(s) → 1 file(s)
  eesti_vabariigi_valitsuse_ja_itaalia_vabariigi_valitsuse_vahelise_tulumaksuga_to__tid118780.xml: 0 directive(s) → 1 file(s)
  eesti_vabariigi_valitsuse_ja_jaapani_valitsuse_vahelise_tootamisoigusega_turismi__tid1048028.xml: 0 directive(s) → 1 file(s)
  eesti_vabariigi_valitsuse_ja_kanada_valitsuse_audiovisuaalkoostoo_kokkuleppe_rat__tid158168.xml: 0 directive(s) → 1 file(s)
  eesti_vabariigi_valitsuse_ja_kanada_valitsuse_noortevahetuse_kokkuleppe_ratifits__tid344594.xml: 0 directive(s) → 1 file(s)
  eesti_vabariigi_valitsuse_ja_katari_riigi_valitsuse_vahelise_tulumaksudega_topel__tid1059484.xml: 0 directive(s) → 1 file(s)
  eesti_vabariigi_valitsuse_ja_kirgiisi_vabariigi_valitsuse_vahelise_tulumaksudega__tid1041614.xml: 0 directive(s) → 1 file(s)
  eesti_vabariigi_valitsuse_ja_korea_vabariigi_valitsuse_vahelise_lennuteenuste_le__tid1058724.xml: 0 directive(s) → 1 file(s)
  eesti_vabariigi_valitsuse_ja_korea_vabariigi_valitsuse_vahelise_tulumaksudega_to__tid339925.xml: 0 directive(s) → 1 file(s)
  eesti_vabariigi_valitsuse_ja_kreeka_vabariigi_valitsuse_vahelise_investeeringute__tid118813.xml: 0 directive(s) → 1 file(s)
  eesti_vabariigi_valitsuse_ja_kreeka_vabariigi_valitsuse_vahelise_tulu_ja_kapital__tid308132.xml: 0 directive(s) → 1 file(s)
  eesti_vabariigi_valitsuse_ja_kuprose_vabariigi_valitsuse_vahelise_tulumaksudega___tid1016739.xml: 0 directive(s) → 1 file(s)
  eesti_vabariigi_valitsuse_ja_lati_vabariigi_valitsuse_vahelise_endise_nsv_liidu___tid322679.xml: 0 directive(s) → 1 file(s)
  eesti_vabariigi_valitsuse_ja_lati_vabariigi_valitsuse_vahelise_tulumaksuga_topel__tid155725.xml: 0 directive(s) → 1 file(s)
  eesti_vabariigi_valitsuse_ja_leedu_vabariigi_valitsuse_vahelise_lepingu_nsv_liid__tid322373.xml: 0 directive(s) → 1 file(s)
  eesti_vabariigi_valitsuse_ja_liitlasvagede_atlandi_ulemjuhataja_staabi_vahelise___tid155676.xml: 0 directive(s) → 1 file(s)
  eesti_vabariigi_valitsuse_ja_luksemburgi_suurhertsogiriigi_valitsuse_vahelise_tu__tid309061.xml: 0 directive(s) → 1 file(s)
  eesti_vabariigi_valitsuse_ja_malta_valitsuse_vahelise_tulumaksuga_topeltmaksusta__tid156029.xml: 0 directive(s) → 1 file(s)
  eesti_vabariigi_valitsuse_ja_moldova_vabariigi_valitsuse_vahelise_tulu_ja_kapita__tid118827.xml: 0 directive(s) → 1 file(s)
  eesti_vabariigi_valitsuse_ja_norra_kuningriigi_valitsuse_vahelise_investeeringut__tid1055310.xml: 0 directive(s) → 1 file(s)
  eesti_vabariigi_valitsuse_ja_norra_kuningriigi_valitsuse_vahelise_vastastikuse_m__tid151903.xml: 0 directive(s) → 1 file(s)
  eesti_vabariigi_valitsuse_ja_pakistani_islamivabariigi_valitsuse_vahelise_tuluma__tid1058725.xml: 0 directive(s) → 1 file(s)
  eesti_vabariigi_valitsuse_ja_prantsuse_vabariigi_valitsuse_vahelise_tulu_ja_kapi__tid118777.xml: 0 directive(s) → 1 file(s)
  eesti_vabariigi_valitsuse_ja_rootsi_kuningriigi_valitsuse_vahelise_investeeringu__tid1050620.xml: 0 directive(s) → 1 file(s)
  eesti_vabariigi_valitsuse_ja_singapuri_vabariigi_valitsuse_vahelise_18_septembri__tid1001868.xml: 0 directive(s) → 1 file(s)
  eesti_vabariigi_valitsuse_ja_singapuri_vabariigi_valitsuse_vahelise_tulumaksudeg__tid315864.xml: 0 directive(s) → 1 file(s)
  eesti_vabariigi_valitsuse_ja_sloveenia_vabariigi_valitsuse_vahelise_tulumaksudeg__tid304750.xml: 0 directive(s) → 1 file(s)
  eesti_vabariigi_valitsuse_ja_soome_vabariigi_valitsuse_sotsiaalkindlustuse_kokku__tid303959.xml: 0 directive(s) → 1 file(s)
  eesti_vabariigi_valitsuse_ja_soome_vabariigi_valitsuse_vahelise_investeeringute___tid1051649.xml: 0 directive(s) → 1 file(s)
  eesti_vabariigi_valitsuse_ja_soome_vabariigi_valitsuse_vahelise_rahvastiku_regis__tid1056164.xml: 0 directive(s) → 1 file(s)
  eesti_vabariigi_valitsuse_ja_sos_kinderdorf_international_i_vahelise_eesti_vabar__tid151666.xml: 0 directive(s) → 1 file(s)
  eesti_vabariigi_valitsuse_ja_suurbritannia_ja_pohja_iirimaa_uhendatud_kuningriig_2__tid1052827.xml: 0 directive(s) → 1 file(s)
  eesti_vabariigi_valitsuse_ja_suurbritannia_ja_pohja_iirimaa_uhendatud_kuningriig__tid151669.xml: 0 directive(s) → 1 file(s)
  eesti_vabariigi_valitsuse_ja_sveitsi_liidunoukogu_vahelise_11_juunil_2002_allaki__tid1028413.xml: 0 directive(s) → 1 file(s)
  eesti_vabariigi_valitsuse_ja_sveitsi_liidunoukogu_vahelise_tulu_ja_kapitalimaksu__tid157785.xml: 0 directive(s) → 1 file(s)
  eesti_vabariigi_valitsuse_ja_tai_kuningriigi_valitsuse_vahelise_kokkuleppe_kurja__tid153356.xml: 0 directive(s) → 1 file(s)
  eesti_vabariigi_valitsuse_ja_tai_kuningriigi_valitsuse_vahelise_tulumaksudega_to__tid1019853.xml: 0 directive(s) → 1 file(s)
  eesti_vabariigi_valitsuse_ja_turgi_vabariigi_valitsuse_vahelise_tulumaksudega_to__tid158461.xml: 0 directive(s) → 1 file(s)
  eesti_vabariigi_valitsuse_ja_turkmenistani_valitsuse_vahelise_tulumaksudega_tope__tid1010995.xml: 0 directive(s) → 1 file(s)
  eesti_vabariigi_valitsuse_ja_ukraina_valitsuse_vahelise_investeeringute_soodusta__tid151757.xml: 0 directive(s) → 1 file(s)
  eesti_vabariigi_valitsuse_ja_ukraina_valitsuse_vahelise_sotsiaalkindlustusleping__tid118676.xml: 0 directive(s) → 1 file(s)
  eesti_vabariigi_valitsuse_ja_ukraina_valitsuse_vahelise_tulu_ja_kapitalimaksuga___tid151915.xml: 0 directive(s) → 1 file(s)
  eesti_vabariigi_valitsuse_ja_ungari_vabariigi_valitsuse_vahelise_terrorismi_ebas__tid118686.xml: 0 directive(s) → 1 file(s)
  eesti_vabariigi_valitsuse_ja_ungari_vabariigi_valitsuse_viisakohustuste_vastasti__tid151454.xml: 0 directive(s) → 1 file(s)
  eesti_vabariigi_valitsuse_ja_usbekistani_vabariigi_valitsuse_vahelise_tulu_ja_ka__tid1019846.xml: 0 directive(s) → 1 file(s)
  eesti_vabariigi_valitsuse_ja_uus_meremaa_valitsuse_tootamisoigusega_turismi_kasi__tid315648.xml: 0 directive(s) → 1 file(s)
  eesti_vabariigi_valitsuse_ja_vabadusel_turvalisusel_ja_oigusel_rajaneva_ala_suur__tid1028555.xml: 0 directive(s) → 1 file(s)
  eesti_vabariigi_valitsuse_ja_vene_foderatsiooni_valitsuse_tulumaksuga_topeltmaks__tid157783.xml: 0 directive(s) → 1 file(s)
  eesti_vabariigi_valitsuse_ja_vene_foderatsiooni_valitsuse_vahelise_pensionilise___tid156302.xml: 0 directive(s) → 1 file(s)
  eesti_vabariigi_valitsuse_ja_vietnami_sotsialistliku_vabariigi_valitsuse_vahelis__tid1036451.xml: 0 directive(s) → 1 file(s)
  eesti_vabariigi_valitsuse_lati_vabariigi_valitsuse_ja_leedu_vabariigi_valitsuse__10__tid118859.xml: 0 directive(s) → 1 file(s)
  eesti_vabariigi_valitsuse_lati_vabariigi_valitsuse_ja_leedu_vabariigi_valitsuse__2__tid118911.xml: 0 directive(s) → 1 file(s)
  eesti_vabariigi_valitsuse_lati_vabariigi_valitsuse_ja_leedu_vabariigi_valitsuse__3__tid339961.xml: 0 directive(s) → 1 file(s)
  eesti_vabariigi_valitsuse_lati_vabariigi_valitsuse_ja_leedu_vabariigi_valitsuse__4__tid152370.xml: 0 directive(s) → 1 file(s)
  eesti_vabariigi_valitsuse_lati_vabariigi_valitsuse_ja_leedu_vabariigi_valitsuse__5__tid1028322.xml: 0 directive(s) → 1 file(s)
  eesti_vabariigi_valitsuse_lati_vabariigi_valitsuse_ja_leedu_vabariigi_valitsuse__6__tid118810.xml: 0 directive(s) → 1 file(s)
  eesti_vabariigi_valitsuse_lati_vabariigi_valitsuse_ja_leedu_vabariigi_valitsuse__7__tid118893.xml: 0 directive(s) → 1 file(s)
  eesti_vabariigi_valitsuse_lati_vabariigi_valitsuse_ja_leedu_vabariigi_valitsuse__8__tid152573.xml: 0 directive(s) → 1 file(s)
  eesti_vabariigi_valitsuse_lati_vabariigi_valitsuse_ja_leedu_vabariigi_valitsuse__9__tid1037234.xml: 0 directive(s) → 1 file(s)
  eesti_vabariigi_valitsuse_lati_vabariigi_valitsuse_ja_leedu_vabariigi_valitsuse___tid316162.xml: 0 directive(s) → 1 file(s)
  eesti_vabariigi_valitsuse_lati_vabariigi_valitsuse_ja_rootsi_kuningriigi_valitsu__tid118706.xml: 0 directive(s) → 1 file(s)
  eesti_vabariigi_valitsuse_leedu_vabariigi_valitsuse_ja_lati_vabariigi_valitsuse__2__tid1044829.xml: 0 directive(s) → 1 file(s)
  eesti_vabariigi_valitsuse_leedu_vabariigi_valitsuse_ja_lati_vabariigi_valitsuse__3__tid1049448.xml: 0 directive(s) → 1 file(s)
  eesti_vabariigi_valitsuse_leedu_vabariigi_valitsuse_ja_lati_vabariigi_valitsuse___tid1039435.xml: 0 directive(s) → 1 file(s)
  eesti_vabariigi_valitsuse_nato_arendusstaabi_ulemjuhatuse_ja_liitlasvagede_euroo__tid157482.xml: 0 directive(s) → 1 file(s)
  eesti_vabariigi_valitsuse_ning_suurbritannia_ja_pohja_iirimaa_uhendatud_kuningri__tid151676.xml: 0 directive(s) → 1 file(s)
  eesti_vabariigi_valitsuse_soome_vabariigi_valitsuse_ja_rootsi_kuningriigi_valits__tid153398.xml: 0 directive(s) → 1 file(s)
  eestis_tegutsenud_teiste_riikide_julgeoleku_ja_luureorganite_materjalide_kogumis__tid159233.xml: 0 directive(s) → 1 file(s)
  eestisse_lahetatud_tootajate_tootingimuste_seadus__tid157343.xml: 4 directive(s) → 1 file(s)
  eestit_okupeerinud_riikide_julgeolekuorganite_voi_relvajoudude_luure_voi_vastulu__tid159272.xml: 0 directive(s) → 1 file(s)
  ehitusseadustik__tid1028504.xml: 9 directive(s) → 1 file(s)
  ehitusseadustiku_ja_planeerimisseaduse_rakendamise_seadus__tid1028731.xml: 0 directive(s) → 1 file(s)
  ekspordi_riikliku_tagamise_seadus__tid338521.xml: 2 directive(s) → 1 file(s)
  elamuseadus__tid159179.xml: 0 directive(s) → 1 file(s)
  elektrituruseadus__tid156289.xml: 10 directive(s) → 1 file(s)
  elektroonilise_side_seadus__tid158292.xml: 6 directive(s) → 1 file(s)
  eluruumide_erastamise_seadus__tid159203.xml: 0 directive(s) → 1 file(s)
  endise_kruntrendimaa_obrokimaa_omandisse_andmise_ja_kompenseerimise_seadus__tid159226.xml: 0 directive(s) → 1 file(s)
  endisest_noukogude_liidust_tekkinud_uute_soltumatute_riikide_teadlastega_koostoo__tid152875.xml: 0 directive(s) → 1 file(s)
  endiste_korteriuhingute_liikmete_korterite_tagastamise_ja_kompenseerimise_seadus__tid159210.xml: 0 directive(s) → 1 file(s)
  endiste_omanike_odedele_ja_vendadele_voi_nende_alanejatele_sugulastele_endise_om__tid151427.xml: 0 directive(s) → 1 file(s)
  energiaharta_lepingu_tolgendamise_ja_kohaldamise_kokkuleppe_ratifitseerimise_sea__tid1063942.xml: 0 directive(s) → 1 file(s)
  energiamajanduse_korralduse_seadus__tid1035398.xml: 4 directive(s) → 1 file(s)
  erakonnaseadus__tid161890.xml: 0 directive(s) → 1 file(s)
  erakooliseadus__tid161931.xml: 0 directive(s) → 1 file(s)
  erastamisseadus__tid159215.xml: 0 directive(s) → 1 file(s)
  estpla_6_kohta_kaiva_vastastikuse_moistmise_memorandumi_eesti_jalavaeruhma_posit__tid118835.xml: 0 directive(s) → 1 file(s)
  etendusasutuse_seadus__tid156644.xml: 0 directive(s) → 1 file(s)
  ettevotluse_toetamise_ja_laenude_riikliku_tagamise_seadus__tid156221.xml: 0 directive(s) → 1 file(s)
  ettevotlustulu_lihtsustatud_maksustamise_seadus__tid1039406.xml: 0 directive(s) → 1 file(s)
  euro_kasutusele_votmise_ja_eurodes_tehtavate_sularahamaksete_arveldamise_seadus__tid343409.xml: 0 directive(s) → 1 file(s)
  eurocontroli_lennuliikluse_ohutuse_alast_koostood_kasitlevate_protokollide_ratif__tid1040562.xml: 0 directive(s) → 1 file(s)
  euroopa_ajutise_sotsiaalkindlustusskeemide_lepingu_mis_holmab_vanadus_invaliidsu__tid153625.xml: 0 directive(s) → 1 file(s)
  euroopa_ajutise_sotsiaalkindlustusskeemide_lepingu_valja_arvatud_vanadus_invalii__tid153626.xml: 0 directive(s) → 1 file(s)
  euroopa_arhitektuuriparandi_kaitse_konventsiooni_ratifitseerimise_seadus__tid151889.xml: 0 directive(s) → 1 file(s)
  euroopa_energiaharta_lepingu_ja_protokolli_ratifitseerimise_seadus__tid118753.xml: 0 directive(s) → 1 file(s)
  euroopa_farmakopoa_koostamise_konventsiooni_ja_selle_muutmise_protokolliga_uhine__tid153641.xml: 0 directive(s) → 1 file(s)
  euroopa_filmialase_koostoo_konventsiooni_ratifitseerimise_seadus__tid118595.xml: 0 directive(s) → 1 file(s)
  euroopa_inimoiguste_ja_pohivabaduste_kaitse_konventsiooni_protokolli_nr_13_surma__tid156922.xml: 0 directive(s) → 1 file(s)
  euroopa_inimoiguste_kohtu_menetluses_osalevaid_isikuid_kasitleva_euroopa_kokkule__tid1001639.xml: 0 directive(s) → 1 file(s)
  euroopa_ja_vahemeremaade_taimekaitseorganisatsiooni_asutamise_konventsiooni_rati__tid151527.xml: 0 directive(s) → 1 file(s)
  euroopa_keskpika_ilmaennustuse_keskuse_asutamise_konventsiooniga_uhinemiseks_vaj__tid1050321.xml: 0 directive(s) → 1 file(s)
  euroopa_kohaliku_omavalitsuse_harta_kohaliku_omavalitsuse_uksuse_tegevuses_osale__tid1000728.xml: 0 directive(s) → 1 file(s)
  euroopa_kohaliku_omavalitsuse_harta_ratifitseerimise_seadus__tid151653.xml: 0 directive(s) → 1 file(s)
  euroopa_kosmoseagentuuri_asutamise_konventsiooniga_uhinemise_ning_eesti_vabariig__tid1030231.xml: 0 directive(s) → 1 file(s)
  euroopa_liidu_kodaniku_seadus__tid304753.xml: 2 directive(s) → 1 file(s)
  euroopa_liidu_lepingu_artikli_k_3_alusel_koostatud_infotehnoloogia_tollialase_ka__tid158478.xml: 0 directive(s) → 1 file(s)
  euroopa_liidu_lepingu_artikli_k_3_loike_2_punktil_c_pohineva_euroopa_uhenduste_a__tid158288.xml: 0 directive(s) → 1 file(s)
  euroopa_liidu_lepingu_artiklil_k_3_pohineva_euroopa_politseiameti_konventsioonig__tid158477.xml: 0 directive(s) → 1 file(s)
  euroopa_liidu_lepingu_euroopa_liidu_toimimise_lepingu_ja_euroopa_aatomienergiauh__tid1000141.xml: 0 directive(s) → 1 file(s)
  euroopa_liidu_lepingule_ja_euroopa_liidu_toimimise_lepingule_lisatava_protokolli__tid1014072.xml: 0 directive(s) → 1 file(s)
  euroopa_liidu_liikmesriigist_ebaseaduslikult_valjaviidud_kultuurivaartuste_tagas__tid156645.xml: 1 directive(s) → 1 file(s)
  euroopa_liidu_liikmesriikide_vahelise_kriminaalasjades_vastastikuse_oigusabi_kon__tid157748.xml: 0 directive(s) → 1 file(s)
  euroopa_liidu_liikmesriikide_vahelise_valjaandmise_konventsiooniga_uhinemise_sea__tid158272.xml: 0 directive(s) → 1 file(s)
  euroopa_liidu_liikmesriikide_vahelise_valjaandmise_lihtsustatud_korra_konventsio__tid158273.xml: 0 directive(s) → 1 file(s)
  euroopa_liidu_liikmesriikide_vaheliste_kahepoolsete_investeerimislepingute_lopet__tid1050603.xml: 0 directive(s) → 1 file(s)
  euroopa_liidu_ning_ladina_ameerika_ja_kariibi_piirkonna_rahvusvahelise_sihtasutu__tid1040107.xml: 0 directive(s) → 1 file(s)
  euroopa_liidu_noukogu_konventsiooni_sissenoudmiskulude_maaramise_kohta_kesksel_t__tid1002439.xml: 0 directive(s) → 1 file(s)
  euroopa_liidu_noukogu_maaruse_emu_nr_2137_85_euroopa_majandushuviuhingu_kohta_ra__tid154108.xml: 0 directive(s) → 1 file(s)
  euroopa_liidu_noukogu_maaruse_eu_nr_1435_2003_euroopa_uhistu_sce_pohikirja_kohta__tid300172.xml: 0 directive(s) → 1 file(s)
  euroopa_liidu_noukogu_maaruse_eu_nr_2157_2001_euroopa_ariuhingu_se_pohikirja_koh__tid158234.xml: 0 directive(s) → 1 file(s)
  euroopa_liidu_toimimise_lepingu_muudatuse_ratifitseerimise_seadus__tid1004118.xml: 0 directive(s) → 1 file(s)
  euroopa_liidu_uhise_pollumajanduspoliitika_rakendamise_seadus__tid1055121.xml: 0 directive(s) → 1 file(s)
  euroopa_majanduspiirkonna_finantsmehhanismi_ja_norra_finantsmehhanismi_rakendami__tid303141.xml: 0 directive(s) → 1 file(s)
  euroopa_majandusuhenduse_ja_eesti_vabariigi_kaubavahetuse_ja_ari_ning_majandusko__tid151429.xml: 0 directive(s) → 1 file(s)
  euroopa_meteoroloogiasatelliitide_kasutamise_organisatsiooni_asutamise_konventsi__tid1014613.xml: 0 directive(s) → 1 file(s)
  euroopa_meteoroloogiasatelliitide_kasutamise_organisatsiooni_eesoiguste_ja_puutu__tid1014623.xml: 0 directive(s) → 1 file(s)
  euroopa_metsainstituudi_konventsiooniga_uhinemise_seadus__tid1042548.xml: 0 directive(s) → 1 file(s)
  euroopa_mitteregulaarse_lennuliikluse_arilisi_oigusi_kasitleva_mitmepoolse_lepin__tid153249.xml: 0 directive(s) → 1 file(s)
  euroopa_molekulaarbioloogia_konverentsi_asutamislepinguga_uhinemise_seadus__tid159125.xml: 0 directive(s) → 1 file(s)
  euroopa_molekulaarbioloogia_laboratooriumi_asutamiskokkuleppega_uhinemise_seadus__tid1055528.xml: 0 directive(s) → 1 file(s)
  euroopa_noukogu_dopinguvastase_konventsiooni_ratifitseerimise_seadus__tid118679.xml: 0 directive(s) → 1 file(s)
  euroopa_noukogu_filmialase_kaastootmise_konventsiooni_uuendatud_ratifitseerimise__tid1050853.xml: 0 directive(s) → 1 file(s)
  euroopa_noukogu_privileegide_ja_immuniteetide_uldkokkuleppe_kolmanda_protokolli___tid152274.xml: 0 directive(s) → 1 file(s)
  euroopa_noukogu_privileegide_ja_immuniteetide_uldkokkuleppe_kuuenda_protokolli_r__tid118888.xml: 0 directive(s) → 1 file(s)
  euroopa_noukogu_privileegide_ja_immuniteetide_uldkokkuleppega_ning_selle_juurde___tid151662.xml: 0 directive(s) → 1 file(s)
  euroopa_noukogu_rahapesu_ning_kriminaaltulu_avastamise_arestimise_ja_konfiskeeri__tid152746.xml: 0 directive(s) → 1 file(s)
  euroopa_noukogu_sotsiaalarengu_fondi_kokkuleppe_vastuvotmise_seadus__tid118759.xml: 0 directive(s) → 1 file(s)
  euroopa_noukogu_statuudi_ratifitseerimise_seadus__tid151492.xml: 0 directive(s) → 1 file(s)
  euroopa_parlamendi_ja_noukogu_maaruse_el_2019_788_euroopa_kodanikualgatuse_kohta__tid1048448.xml: 0 directive(s) → 1 file(s)
  euroopa_parlamendi_ja_noukogu_maaruse_eu_nr_1082_2006_euroopa_territoriaalse_koo__tid322376.xml: 0 directive(s) → 1 file(s)
  euroopa_parlamendi_valimise_seadus__tid156035.xml: 1 directive(s) → 1 file(s)
  euroopa_patentide_valjaandmise_konventsiooni_muutmise_aktiga_uhinemise_seadus__tid129117.xml: 0 directive(s) → 1 file(s)
  euroopa_patentide_valjaandmise_konventsiooni_ning_euroopa_parlamendi_ja_noukogu___tid155041.xml: 0 directive(s) → 1 file(s)
  euroopa_patentide_valjaandmise_konventsiooniga_uhinemise_seadus__tid129115.xml: 0 directive(s) → 1 file(s)
  euroopa_pohiseaduse_lepingu_ratifitseerimise_seadus__tid304549.xml: 0 directive(s) → 1 file(s)
  euroopa_raadiosideburoo_moodustamise_konventsiooni_muutmisdokumendi_ja_selle_lis__tid156833.xml: 0 directive(s) → 1 file(s)
  euroopa_raadiosideburoo_moodustamise_konventsiooniga_uhinemise_seadus__tid152786.xml: 0 directive(s) → 1 file(s)
  euroopa_rekonstrueerimis_ja_arengupanga_asutamislepingu_muudatuse_ratifitseerimi__tid158201.xml: 0 directive(s) → 1 file(s)
  euroopa_rekonstruktsiooni_ja_arengupanga_asutamislepingu_artikli_1_ja_artikli_12__tid1058490.xml: 0 directive(s) → 1 file(s)
  euroopa_rekonstruktsiooni_ja_arengupanga_asutamislepingu_artiklite_1_ja_18_muuda__tid1003004.xml: 0 directive(s) → 1 file(s)
  euroopa_sotsiaal_ja_meditsiiniabi_konventsiooni_ning_selle_protokolli_ratifitsee__tid157417.xml: 0 directive(s) → 1 file(s)
  euroopa_sotsiaalkindlustuskoodeksi_ratifitseerimise_seadus__tid157325.xml: 0 directive(s) → 1 file(s)
  euroopa_stabiilsusmehhanismi_asutamislepingu_muutmise_lepingu_ratifitseerimise_s__tid1053114.xml: 0 directive(s) → 1 file(s)
  euroopa_stabiilsusmehhanismi_asutamislepingu_ratifitseerimise_ja_rakendamise_sea__tid1004522.xml: 0 directive(s) → 1 file(s)
  euroopa_telekommunikatsiooniburoo_moodustamise_konventsiooni_ratifitseerimise_se__tid152787.xml: 0 directive(s) → 1 file(s)
  euroopa_tuumauuringute_organisatsiooni_asutamiskonventsiooni_ja_selle_juurde_kuu__tid1059134.xml: 0 directive(s) → 1 file(s)
  euroopa_uhenduse_ja_eesti_vabariigi_kokkuleppe_eesti_vabariigi_osalemise_kohta_e__tid153592.xml: 0 directive(s) → 1 file(s)
  euroopa_uhenduse_ja_selle_liikmesriikide_albaania_vabariigi_bosnia_ja_hertsegovi__tid310830.xml: 0 directive(s) → 1 file(s)
  euroopa_uhendust_esindava_euroopa_uhenduste_komisjoni_ja_eesti_vabariigi_vahel_s__tid157326.xml: 0 directive(s) → 1 file(s)
  euroopa_uhenduste_finantshuvide_kaitse_konventsiooniga_ja_selle_protokollidega_u__tid158289.xml: 0 directive(s) → 1 file(s)
  euroopa_uhenduste_ja_nende_liikmesriikide_ning_eesti_vabariigi_vahelise_assotsie_2__tid137459.xml: 0 directive(s) → 1 file(s)
  euroopa_uhenduste_ja_nende_liikmesriikide_ning_eesti_vabariigi_vahelise_assotsie_3__tid152511.xml: 0 directive(s) → 1 file(s)
  euroopa_uhenduste_ja_nende_liikmesriikide_ning_eesti_vabariigi_vahelise_assotsie_4__tid155107.xml: 0 directive(s) → 1 file(s)
  euroopa_uhenduste_ja_nende_liikmesriikide_ning_eesti_vabariigi_vahelise_assotsie__tid151781.xml: 0 directive(s) → 1 file(s)
  euroopa_uhenduste_komisjoni_kes_esindab_euroopa_uhendust_ja_eesti_vabariigi_vahe_2__tid135268.xml: 0 directive(s) → 1 file(s)
  euroopa_uhenduste_komisjoni_kes_esindab_euroopa_uhendust_ja_eesti_vabariigi_vahe__tid153344.xml: 0 directive(s) → 1 file(s)
  euroopa_ulikool_instituudi_asutamise_konventsiooni_muutmise_konventsiooni_ratifi__tid308446.xml: 0 directive(s) → 1 file(s)
  euroopa_ulikool_instituudi_asutamise_konventsiooniga_uhinemise_seadus__tid159113.xml: 0 directive(s) → 1 file(s)
  filmide_ja_muude_audiovisuaalteoste_kaastootmise_ning_levitamise_toetamiseks_asu__tid158170.xml: 0 directive(s) → 1 file(s)
  finantsinspektsiooni_seadus__tid160824.xml: 10 directive(s) → 1 file(s)
  finantskriisi_ennetamise_ja_lahendamise_seadus__tid1028714.xml: 1 directive(s) → 1 file(s)
  fonogrammitootjat_fonogrammi_loata_paljundamise_vastu_kaitsva_konventsiooniga_uh__tid152622.xml: 0 directive(s) → 1 file(s)
  fuusilise_isiku_maksejouetuse_seadus__tid1054314.xml: 1 directive(s) → 1 file(s)
  geneetiliselt_muundatud_mikroorganismide_suletud_keskkonnas_kasutamise_seadus__tid153685.xml: 2 directive(s) → 1 file(s)
  geneetiliselt_muundatud_organismide_keskkonda_viimise_seadus__tid157540.xml: 1 directive(s) → 1 file(s)
  geograafilise_tahise_kaitse_seadus__tid159410.xml: 0 directive(s) → 1 file(s)
  haagi_rahvusvahelise_eraoiguse_konverentsi_muudetud_pohikirja_heakskiitmise_sead__tid302371.xml: 0 directive(s) → 1 file(s)
  haagi_rahvusvahelise_eraoiguse_konverentsi_pohikirja_vastuvotmise_seadus__tid118786.xml: 0 directive(s) → 1 file(s)
  haldusasjadega_seotud_dokumentide_valisriikides_uleandmise_euroopa_konventsiooni__tid153272.xml: 0 directive(s) → 1 file(s)
  halduskohtumenetluse_seadustik__tid1000609.xml: 1 directive(s) → 1 file(s)
  halduskoostoo_seadus__tid156249.xml: 0 directive(s) → 1 file(s)
  haldusmenetluse_seadus__tid153445.xml: 0 directive(s) → 1 file(s)
  haldusreformi_seadus__tid1035172.xml: 0 directive(s) → 1 file(s)
  hariduses_teaduses_ja_muus_kultuurivaldkonnas_kasutatavate_esemete_sisseveo_kokk__tid153468.xml: 0 directive(s) → 1 file(s)
  hasartmangumaksu_seadus__tid335078.xml: 0 directive(s) → 1 file(s)
  hasartmanguseadus__tid327642.xml: 0 directive(s) → 1 file(s)
  hoiu_laenuuhistu_seadus__tid159390.xml: 0 directive(s) → 1 file(s)
  hoiuste_intresside_maksustamise_ja_intressidealase_teabevahetuse_kokkulepete_rat__tid159073.xml: 0 directive(s) → 1 file(s)
  hongkongi_laevade_ohutu_ja_keskkonnahoidliku_ringlussevotu_rahvusvahelise_konven__tid1046453.xml: 0 directive(s) → 1 file(s)
  hooneuhistuseadus__tid157907.xml: 0 directive(s) → 1 file(s)
  horvaatia_vabariigi_euroopa_majanduspiirkonnas_osalemise_lepingu_ratifitseerimis__tid1036637.xml: 0 directive(s) → 1 file(s)
  huvikooli_seadus__tid309561.xml: 0 directive(s) → 1 file(s)
  ida_ja_kesk_euroopa_kalanduse_arendamise_rahvusvahelise_organisatsiooni_eurofish__tid307684.xml: 0 directive(s) → 1 file(s)
  ida_petserimaal_ja_narva_joe_tagusel_virumaal_oigusvastaselt_voorandatud_vara_ta__tid159252.xml: 0 directive(s) → 1 file(s)
  infouhiskonna_teenuse_seadus__tid157480.xml: 3 directive(s) → 1 file(s)
  inimgeeniuuringute_seadus__tid1063050.xml: 0 directive(s) → 1 file(s)
  inimkaubandusvastase_euroopa_noukogu_konventsiooni_ratifitseerimise_seadus__tid1027335.xml: 0 directive(s) → 1 file(s)
  inimoiguste_ja_biomeditsiini_konventsiooni_inimelundite_ja_kudede_siirdamist_kas__tid156641.xml: 0 directive(s) → 1 file(s)
  inimoiguste_ja_biomeditsiini_konventsiooni_inimoiguste_ja_inimvaarikuse_kaitse_b__tid153800.xml: 0 directive(s) → 1 file(s)
  inimoiguste_ja_pohivabaduste_kaitse_konventsiooni_lisaprotokolli_nr_6_ratifitsee__tid118762.xml: 0 directive(s) → 1 file(s)
  inimoiguste_ja_pohivabaduste_kaitse_konventsiooni_protokolli_nr_14_millega_muude__tid300364.xml: 0 directive(s) → 1 file(s)
  inimoiguste_ja_pohivabaduste_kaitse_konventsiooni_protokolli_nr_16_ratifitseerim__tid1039049.xml: 0 directive(s) → 1 file(s)
  inimoiguste_ja_pohivabaduste_kaitse_konventsiooni_taiendatud_protokollidega_nr_2__tid151831.xml: 0 directive(s) → 1 file(s)
  investeerimisfondide_seadus__tid1037242.xml: 7 directive(s) → 1 file(s)
  investeeringute_soodustamise_ja_vastastikuse_kaitse_lepingute_ratifitseerimise_s__tid1001637.xml: 0 directive(s) → 1 file(s)
  isikuandmete_automatiseeritud_tootlemisel_isiku_kaitse_konventsiooni_lisaprotoko__tid335617.xml: 0 directive(s) → 1 file(s)
  isikuandmete_automatiseeritud_tootlemisel_isiku_kaitse_konventsiooni_muutmise_pr__tid1049916.xml: 0 directive(s) → 1 file(s)
  isikuandmete_automatiseeritud_tootlemisel_isiku_kaitse_konventsiooni_ratifitseer__tid153123.xml: 0 directive(s) → 1 file(s)
  isikuandmete_kaitse_seadus__tid1045568.xml: 1 directive(s) → 1 file(s)
  isikuid_sunniviisilise_kadumise_eest_kaitsva_rahvusvahelise_konventsiooniga_uhin__tid1062342.xml: 0 directive(s) → 1 file(s)
  isikut_toendavate_dokumentide_seadus__tid159396.xml: 1 directive(s) → 1 file(s)
  jaatmeseadus__tid163422.xml: 11 directive(s) → 1 file(s)
  jaatmete_ja_muude_ainete_kaadamisest_pohjustatud_merereostuse_valtimise_1972_aas_2__tid1045110.xml: 0 directive(s) → 1 file(s)
  jaatmete_ja_muude_ainete_kaadamisest_pohjustatud_merereostuse_valtimise_1972_aas__tid1013262.xml: 0 directive(s) → 1 file(s)
  jahiseadus__tid1013770.xml: 0 directive(s) → 1 file(s)
  jalavaemiinide_kasutamist_varumist_tootmist_ja_uleandmist_keelustava_ja_nende_ha__tid157410.xml: 0 directive(s) → 1 file(s)
  jalavaemiinide_kasutamist_varumist_tootmist_ja_uleandmist_keelustavast_ja_nende___tid1061183.xml: 0 directive(s) → 1 file(s)
  jalgpallivoistluste_ja_teiste_spordiurituste_pealtvaatajate_vagivalda_ning_muid__2__tid155797.xml: 0 directive(s) → 1 file(s)
  jalgpallivoistluste_ja_teiste_spordiurituste_pealtvaatajate_vagivalda_ning_muid___tid1047325.xml: 0 directive(s) → 1 file(s)
  julgeolekuasutuste_seadus__tid159428.xml: 0 directive(s) → 1 file(s)
  kaasomandis_oleva_elamu_mottelise_osa_erastamise_seadus__tid159323.xml: 0 directive(s) → 1 file(s)
  kaebemenetlust_kasitleva_lapse_oiguste_konventsiooni_fakultatiivprotokolliga_uhi__tid1060431.xml: 0 directive(s) → 1 file(s)
  kaibemaksuseadus__tid163383.xml: 6 directive(s) → 1 file(s)
  kaitseliidu_seadus__tid1011889.xml: 0 directive(s) → 1 file(s)
  kaitsevae_korralduse_seadus__tid323660.xml: 0 directive(s) → 1 file(s)
  kaitsevaeteenistuse_seadus__tid1003784.xml: 0 directive(s) → 1 file(s)
  kaitsevaeteenistuse_seaduse_rakendamise_seadus__tid1003783.xml: 0 directive(s) → 1 file(s)
  kalandusturu_korraldamise_seadus__tid1055114.xml: 0 directive(s) → 1 file(s)
  kalapuugiseadus__tid1028700.xml: 0 directive(s) → 1 file(s)
  kalapuuki_ja_mereuurimist_reguleerivate_rahvusvaheliste_konventsioonide_ratifits__tid151441.xml: 0 directive(s) → 1 file(s)
  kalmistuseadus__tid1000782.xml: 0 directive(s) → 1 file(s)
  karistusregistri_seadus__tid1000783.xml: 2 directive(s) → 1 file(s)
  karistusseadustik.xml: 5 directive(s) → 3 file(s)
  karistusseadustik__tid162500.xml: 14 directive(s) → 3 file(s)
  karistusseadustiku_rakendamise_seadus__tid155348.xml: 0 directive(s) → 1 file(s)
  kasuliku_mudeli_seadus__tid159235.xml: 0 directive(s) → 1 file(s)
  kasutatud_tuumakutuse_ja_radioaktiivsete_jaatmete_ohutu_kaitlemise_uhendkonvents__tid159087.xml: 0 directive(s) → 1 file(s)
  kaubamargioiguse_lepinguga_uhinemise_seadus__tid340617.xml: 0 directive(s) → 1 file(s)
  kaubamargioiguse_singapuri_lepingu_ratifitseerimise_seadus__tid334542.xml: 0 directive(s) → 1 file(s)
  kaubamargiseadus__tid162870.xml: 1 directive(s) → 1 file(s)
  kaubanduslikku_meresoitu_teostavate_laevade_miinimumnouete_konventsiooni_ja_sell__tid158169.xml: 0 directive(s) → 1 file(s)
  kaubandusliku_meresoidu_koodeks__tid159174.xml: 0 directive(s) → 1 file(s)
  kaubandusliku_meresoidu_seadus__tid155323.xml: 1 directive(s) → 1 file(s)
  kaugkutteseadus__tid156290.xml: 2 directive(s) → 1 file(s)
  kaupade_piirikontrolli_tingimuste_kooskolastamise_rahvusvahelise_konventsiooni_8__tid1002438.xml: 0 directive(s) → 1 file(s)
  kaupade_piirikontrolli_tingimuste_kooskolastamise_rahvusvahelise_konventsiooni_9__tid1010195.xml: 0 directive(s) → 1 file(s)
  kaupade_piirikontrolli_tingimuste_kooskolastamise_rahvusvahelise_konventsiooniga__tid151822.xml: 0 directive(s) → 1 file(s)
  keeleseadus__tid1000784.xml: 0 directive(s) → 1 file(s)
  keemiarelvade_valjatootamise_tootmise_varumise_ja_kasutamise_keelustamise_ning_n__tid152455.xml: 0 directive(s) → 1 file(s)
  keemilise_ja_bioloogilise_fuusika_instituudi_seadus__tid159374.xml: 0 directive(s) → 1 file(s)
  kemikaaliseadus__tid1031478.xml: 4 directive(s) → 1 file(s)
  keskkonna_kriminaaloigusliku_kaitse_konventsiooni_ratifitseerimise_seadus__tid155109.xml: 0 directive(s) → 1 file(s)
  keskkonnainfo_kattesaadavuse_ja_keskkonnaasjade_otsustamiseks_uldsuse_osalemise___tid153446.xml: 0 directive(s) → 1 file(s)
  keskkonnainfo_kattesaadavuse_keskkonnaasjade_otsustamises_uldsuse_osalemise_ning__tid313836.xml: 0 directive(s) → 1 file(s)
  keskkonnajarelevalve_seadus__tid153432.xml: 0 directive(s) → 1 file(s)
  keskkonnamoju_hindamise_ja_keskkonnajuhtimissusteemi_seadus__tid158568.xml: 5 directive(s) → 1 file(s)
  keskkonnaseadustiku_uldosa_seadus__tid1000658.xml: 4 directive(s) → 1 file(s)
  keskkonnaseire_seadus__tid1034848.xml: 0 directive(s) → 1 file(s)
  keskkonnatasude_seadus__tid159154.xml: 0 directive(s) → 1 file(s)
  keskkonnavastutuse_seadus__tid316586.xml: 1 directive(s) → 1 file(s)
  kiirgusseadus__tid1035220.xml: 5 directive(s) → 1 file(s)
  kindlustustegevuse_seadus__tid1030147.xml: 7 directive(s) → 1 file(s)
  kinnisasja_avalikes_huvides_omandamise_seadus__tid1043536.xml: 0 directive(s) → 1 file(s)
  kinnisasja_omandamise_kitsendamise_seadus__tid1002408.xml: 0 directive(s) → 1 file(s)
  kinnistusraamatuseadus__tid161881.xml: 0 directive(s) → 1 file(s)
  kirde_atlandi_tulevase_mitmepoolse_kalanduskoostoo_konventsiooni_denonsseerimise__tid158815.xml: 0 directive(s) → 1 file(s)
  kirde_atlandi_tulevase_mitmepoolse_kalanduskoostoo_konventsiooniga_uhinemise_sea__tid156545.xml: 0 directive(s) → 1 file(s)
  kirikute_ja_koguduste_seadus__tid153997.xml: 0 directive(s) → 1 file(s)
  kodakondsuse_seadus__tid161903.xml: 0 directive(s) → 1 file(s)
  kogumispensionide_seadus__tid157541.xml: 15 directive(s) → 1 file(s)
  kohalike_maksude_seadus__tid159257.xml: 0 directive(s) → 1 file(s)
  kohaliku_omavalitsuse_korralduse_seadus__tid161876.xml: 0 directive(s) → 1 file(s)
  kohaliku_omavalitsuse_uksuse_finantsjuhtimise_seadus__tid346475.xml: 0 directive(s) → 1 file(s)
  kohaliku_omavalitsuse_uksuste_uhinemise_soodustamise_seadus__tid157933.xml: 0 directive(s) → 1 file(s)
  kohaliku_omavalitsuse_volikogu_valimise_seadus__tid155038.xml: 0 directive(s) → 1 file(s)
  kohanimeseadus__tid163335.xml: 0 directive(s) → 1 file(s)
  kohtuekspertiisiseadus__tid1055832.xml: 0 directive(s) → 1 file(s)
  kohtulikult_karistatud_isikute_uleandmise_euroopa_konventsiooni_lisaprotokolli_r__tid152500.xml: 0 directive(s) → 1 file(s)
  kohtulikult_karistatud_isikute_uleandmise_euroopa_konventsiooni_ratifitseerimise__tid118591.xml: 0 directive(s) → 1 file(s)
  kohtuotsuste_rahvusvahelise_kehtivuse_euroopa_konventsiooni_ratifitseerimise_sea__tid153275.xml: 0 directive(s) → 1 file(s)
  kohtutaituri_seadus__tid339941.xml: 0 directive(s) → 1 file(s)
  kohtute_seadus__tid162951.xml: 0 directive(s) → 1 file(s)
  kokkuleppe_eesti_vabariigi_valitsuse_ja_rootsi_kuningriigi_valitsuse_vahel_merea__tid152816.xml: 0 directive(s) → 1 file(s)
  kollektiivlepingu_seadus__tid159199.xml: 1 directive(s) → 1 file(s)
  kollektiivse_tootuli_lahendamise_seadus__tid159200.xml: 0 directive(s) → 1 file(s)
  kommertspandiseadus__tid159315.xml: 0 directive(s) → 1 file(s)
  konkurentsiseadus__tid159431.xml: 2 directive(s) → 1 file(s)
  konsulaarseadus__tid335616.xml: 2 directive(s) → 1 file(s)
  konventsiooni_ajutise_impordi_kohta_lisade_b_4_b_7_b_8_ja_e_heakskiitmise_seadus__tid309058.xml: 0 directive(s) → 1 file(s)
  konventsiooni_kalapuugist_ja_elusressursside_sailitamisest_laanemeres_ja_beltide__tid158216.xml: 0 directive(s) → 1 file(s)
  konventsiooni_tulevasest_mitmepoolsest_koostoost_kalanduse_valdkonnas_atlandi_oo__tid157891.xml: 0 directive(s) → 1 file(s)
  kooseluseadus__tid1026134.xml: 0 directive(s) → 1 file(s)
  korgemate_riigiteenijate_ametipalkade_seadus__tid339952.xml: 0 directive(s) → 1 file(s)
  korgharidusseadus__tid1046443.xml: 0 directive(s) → 1 file(s)
  korgharidustunnistuste_ja_korgharidusele_juurdepaasu_voimaldavate_tunnistuste_eu__tid118744.xml: 0 directive(s) → 1 file(s)
  korrakaitseseadus__tid1000822.xml: 0 directive(s) → 1 file(s)
  korruptsiooni_kriminaaloigusliku_reguleerimise_konventsiooni_lisaprotokolliga_uh__tid1028528.xml: 0 directive(s) → 1 file(s)
  korruptsiooni_kriminaaloigusliku_reguleerimise_konventsiooni_ratifitseerimise_se__tid154386.xml: 0 directive(s) → 1 file(s)
  korruptsiooni_tsiviiloiguslike_aspektide_konventsiooni_ratifitseerimise_seadus__tid153016.xml: 0 directive(s) → 1 file(s)
  korruptsioonivastane_seadus__tid1003613.xml: 0 directive(s) → 1 file(s)
  korteriomandi_ja_korteriuhistuseadus__tid1021904.xml: 0 directive(s) → 1 file(s)
  krediidiandjate_ja_vahendajate_seadus__tid1028716.xml: 1 directive(s) → 1 file(s)
  krediidiasutuste_seadus__tid162617.xml: 3 directive(s) → 1 file(s)
  krediidiinkassode_ja_ostjate_seadus__tid1059137.xml: 1 directive(s) → 1 file(s)
  krediiditeabe_jagamise_seadus__tid1063762.xml: 0 directive(s) → 1 file(s)
  kriisiolukorra_ja_riigikaitse_seadus__tid1063771.xml: 1 directive(s) → 1 file(s)
  kriminaalasjades_vastastikuse_abistamise_euroopa_konventsiooni_ja_selle_lisaprot__tid151953.xml: 0 directive(s) → 1 file(s)
  kriminaalhooldusseadus__tid152074.xml: 0 directive(s) → 1 file(s)
  kriminaalmenetluse_seadustik__tid135277.xml: 10 directive(s) → 1 file(s)
  kriminaalmenetluse_seadustiku_rakendamise_seadus__tid157786.xml: 0 directive(s) → 1 file(s)
  kriminaalmenetluse_ulevotmise_euroopa_konventsiooni_ratifitseerimise_seadus__tid118583.xml: 0 directive(s) → 1 file(s)
  kruptovaraturu_seadus__tid1059031.xml: 0 directive(s) → 1 file(s)
  kuberturvalisuse_seadus__tid1043127.xml: 1 directive(s) → 1 file(s)
  kultuurivaartuste_sailitamise_ja_restaureerimise_rahvusvahelise_uurimiskeskuse_p__tid152983.xml: 0 directive(s) → 1 file(s)
  kultuurivaartuste_valjaveo_ekspordi_ja_sisseveo_seadus__tid317943.xml: 0 directive(s) → 1 file(s)
  kunstiteoste_tellimise_seadus__tid344971.xml: 0 directive(s) → 1 file(s)
  kunstliku_viljastamise_ja_embruokaitse_seadus__tid151987.xml: 0 directive(s) → 1 file(s)
  kutseoppeasutuse_seadus__tid1014831.xml: 0 directive(s) → 1 file(s)
  kutseseadus__tid322074.xml: 0 directive(s) → 1 file(s)
  kyoto_protokolli_doha_muudatuse_ratifitseerimise_seadus__tid1028529.xml: 0 directive(s) → 1 file(s)
  laanemere_piirkonna_merekeskkonna_kaitse_konventsiooni_muudatuste_heakskiitmise___tid342538.xml: 0 directive(s) → 1 file(s)
  laanemere_piirkonna_merekeskkonna_kaitse_konventsiooni_ratifitseerimise_seadus__tid159286.xml: 0 directive(s) → 1 file(s)
  laeva_asjaoigusseadus__tid159355.xml: 0 directive(s) → 1 file(s)
  laeva_lipuoiguse_ja_laevaregistrite_seadus__tid159354.xml: 0 directive(s) → 1 file(s)
  laevade_ballastvee_ja_selle_setete_kontrolli_ning_kaitlemise_2004_aasta_rahvusva__tid1042120.xml: 0 directive(s) → 1 file(s)
  laevade_kahjulike_kattumisvastaste_susteemide_kontrolli_rahvusvahelise_konventsi__tid329657.xml: 0 directive(s) → 1 file(s)
  lammatavate_murgiste_voi_neile_sarnanevate_gaaside_ja_bakterioloogiliste_vahendi__tid152454.xml: 0 directive(s) → 1 file(s)
  lapse_oiguste_konventsiooni_artikli_43_loike_2_muudatuse_ratifitseerimise_seadus__tid152850.xml: 0 directive(s) → 1 file(s)
  lapse_oiguste_konventsiooni_laste_muuki_lasteprostitutsiooni_ja_pornograafiat_ka__tid157873.xml: 0 directive(s) → 1 file(s)
  lapseroovi_suhtes_tsiviiloiguse_kohaldamise_rahvusvahelise_konventsiooniga_uhine__tid153274.xml: 0 directive(s) → 1 file(s)
  laste_hooldusoigust_ja_laste_hooldusoiguse_taastamist_kasitlevate_otsuste_tunnus__tid153247.xml: 0 directive(s) → 1 file(s)
  laste_kaasamist_relvakonfliktidesse_kasitleva_lapse_oiguste_konventsiooni_fakult__tid1020686.xml: 0 directive(s) → 1 file(s)
  laste_kaitset_seksuaalse_arakasutamise_ja_seksuaalse_kuritarvitamise_eest_kasitl__tid1036449.xml: 0 directive(s) → 1 file(s)
  lastekaitseseadus__tid1026887.xml: 0 directive(s) → 1 file(s)
  lennundusseadus__tid161947.xml: 5 directive(s) → 1 file(s)
  lepingu_belgia_kuningriigi_taani_kuningriigi_saksamaa_liitvabariigi_kreeka_vabar__tid157196.xml: 0 directive(s) → 1 file(s)
  lepingu_belgia_kuningriigi_tsehhi_vabariigi_taani_kuningriigi_saksamaa_liitvabar__tid159118.xml: 0 directive(s) → 1 file(s)
  lepingu_eesti_vabariigi_valitsuse_ja_taani_kuningriigi_valitsuse_vahel_investeer__tid1038299.xml: 0 directive(s) → 1 file(s)
  lepingu_eesti_vabariigi_valitsuse_ning_taani_valitsuse_ja_faari_saarte_kohaliku___tid157484.xml: 0 directive(s) → 1 file(s)
  lepingu_tsehhi_vabariigi_eesti_vabariigi_kuprose_vabariigi_lati_vabariigi_leedu___tid157486.xml: 0 directive(s) → 1 file(s)
  lepinguliste_kohustuste_suhtes_kohaldatava_oiguse_konventsiooniga_ning_selle_pro__tid304200.xml: 0 directive(s) → 1 file(s)
  lepitusseadus__tid339044.xml: 0 directive(s) → 1 file(s)
  liikluskindlustuse_seadus__tid1022833.xml: 1 directive(s) → 1 file(s)
  liiklusseadus__tid344969.xml: 16 directive(s) → 1 file(s)
  lissaboni_lepingu_millega_muudetakse_euroopa_liidu_lepingut_ja_euroopa_uhenduse___tid322483.xml: 0 directive(s) → 1 file(s)
  lohkematerjaliseadus__tid1039062.xml: 4 directive(s) → 1 file(s)
  looduskaitseseadus__tid157610.xml: 3 directive(s) → 1 file(s)
  loodusliku_loomastiku_ja_taimestiku_ohustatud_liikidega_rahvusvahelise_kaubandus__tid151538.xml: 0 directive(s) → 1 file(s)
  loomakaitseseadus__tid159425.xml: 6 directive(s) → 1 file(s)
  loovisikute_ja_loomeliitude_seadus__tid158270.xml: 0 directive(s) → 1 file(s)
  maa_hindamise_seadus__tid159231.xml: 0 directive(s) → 1 file(s)
  maaelu_ja_pollumajandusturu_korraldamise_seadus__tid323654.xml: 0 directive(s) → 1 file(s)
  maagaasiseadus__tid156254.xml: 4 directive(s) → 1 file(s)
  maailma_intellektuaalse_omandi_organisatsiooni_autorioiguse_lepingu_ratifitseeri__tid305464.xml: 0 directive(s) → 1 file(s)
  maailma_intellektuaalse_omandi_organisatsiooni_esitus_ja_fonogrammilepingu_ratif__tid305466.xml: 0 directive(s) → 1 file(s)
  maailma_kaubandusorganisatsiooni_teenustekaubanduse_uldlepingu_lisa_euroopa_uhen__tid1027155.xml: 0 directive(s) → 1 file(s)
  maailma_terviseorganisatsiooni_pohikirja_ja_selle_muudatuste_heakskiitmise_seadu__tid158462.xml: 0 directive(s) → 1 file(s)
  maailma_terviseorganisatsiooni_who_tubaka_tarbimise_leviku_vahendamise_raamkonve__tid158725.xml: 0 directive(s) → 1 file(s)
  maakatastriseadus__tid159260.xml: 0 directive(s) → 1 file(s)
  maakorraldusseadus__tid159268.xml: 0 directive(s) → 1 file(s)
  maamaksuseadus__tid161873.xml: 0 directive(s) → 1 file(s)
  maaparandusseadus__tid1043213.xml: 0 directive(s) → 1 file(s)
  maapoueseadus__tid1036448.xml: 2 directive(s) → 1 file(s)
  maareformi_kaigus_kasutusvaldusesse_antud_maa_omandamise_seadus__tid333860.xml: 0 directive(s) → 1 file(s)
  maareformi_seadus__tid159171.xml: 0 directive(s) → 1 file(s)
  reg_1009410.xml: 0 directive(s) → 1 file(s)
  reg_101032011017.xml: 0 directive(s) → 1 file(s)
  reg_101032011025.xml: 0 directive(s) → 1 file(s)
  reg_101032016006.xml: 0 directive(s) → 1 file(s)
  reg_101032019017.xml: 0 directive(s) → 1 file(s)
  reg_101032024002.xml: 0 directive(s) → 1 file(s)
  reg_101042011013.xml: 0 directive(s) → 1 file(s)
  reg_101042011014.xml: 0 directive(s) → 1 file(s)
  reg_101042015005.xml: 0 directive(s) → 1 file(s)
  reg_101042015007.xml: 0 directive(s) → 1 file(s)
  reg_101042021004.xml: 0 directive(s) → 1 file(s)
  reg_101042025004.xml: 0 directive(s) → 1 file(s)
  reg_101042025008.xml: 0 directive(s) → 1 file(s)
  reg_101042026002.xml: 0 directive(s) → 1 file(s)
  reg_101062016008.xml: 0 directive(s) → 1 file(s)
  reg_101062021003.xml: 1 directive(s) → 1 file(s)
  reg_101062021006.xml: 0 directive(s) → 1 file(s)
  reg_101062021008.xml: 0 directive(s) → 1 file(s)
  reg_101072011012.xml: 0 directive(s) → 1 file(s)
  reg_101072011020.xml: 0 directive(s) → 1 file(s)
  reg_101072014006.xml: 0 directive(s) → 1 file(s)
  reg_101072016003.xml: 0 directive(s) → 1 file(s)
  reg_101072022006.xml: 1 directive(s) → 1 file(s)
  reg_101072022020.xml: 0 directive(s) → 1 file(s)
  reg_101072022027.xml: 0 directive(s) → 1 file(s)
  reg_101072022028.xml: 0 directive(s) → 1 file(s)
  reg_101072022029.xml: 0 directive(s) → 1 file(s)
  reg_101072026006.xml: 0 directive(s) → 1 file(s)
  reg_101072026008.xml: 0 directive(s) → 1 file(s)
  reg_101072026009.xml: 0 directive(s) → 1 file(s)
  reg_101072026010.xml: 0 directive(s) → 1 file(s)
  reg_101072026014.xml: 1 directive(s) → 1 file(s)
  reg_101072026016.xml: 1 directive(s) → 1 file(s)
  reg_101072026018.xml: 0 directive(s) → 1 file(s)
  reg_101072026020.xml: 0 directive(s) → 1 file(s)
  reg_101072026022.xml: 1 directive(s) → 1 file(s)
  reg_101082023002.xml: 0 directive(s) → 1 file(s)
  reg_101082023003.xml: 0 directive(s) → 1 file(s)
  reg_101092020003.xml: 0 directive(s) → 1 file(s)
  reg_101092020005.xml: 0 directive(s) → 1 file(s)
  reg_101092022002.xml: 0 directive(s) → 1 file(s)
  reg_101092022005.xml: 0 directive(s) → 1 file(s)
  reg_101092023010.xml: 0 directive(s) → 1 file(s)
  reg_101092026003.xml: 0 directive(s) → 1 file(s)
  reg_101092026005.xml: 0 directive(s) → 1 file(s)
  reg_101092026006.xml: 0 directive(s) → 1 file(s)
  reg_101092026007.xml: 0 directive(s) → 1 file(s)
  reg_101092026008.xml: 0 directive(s) → 1 file(s)
  reg_101092026009.xml: 0 directive(s) → 1 file(s)
  reg_101102019011.xml: 0 directive(s) → 1 file(s)
  reg_101102019012.xml: 0 directive(s) → 1 file(s)
  reg_101102022009.xml: 0 directive(s) → 1 file(s)
  reg_101102024005.xml: 0 directive(s) → 1 file(s)
  reg_101102024007.xml: 0 directive(s) → 1 file(s)
  reg_101102024009.xml: 0 directive(s) → 1 file(s)
  reg_101102026001.xml: 0 directive(s) → 1 file(s)
  reg_101102026004.xml: 0 directive(s) → 1 file(s)
  reg_101102026006.xml: 0 directive(s) → 1 file(s)
  reg_101112010006.xml: 0 directive(s) → 1 file(s)
  reg_101112023004.xml: 0 directive(s) → 1 file(s)
  reg_101122010004.xml: 0 directive(s) → 1 file(s)
  reg_101122017008.xml: 0 directive(s) → 1 file(s)
  reg_101122017014.xml: 1 directive(s) → 1 file(s)
  reg_101122017016.xml: 0 directive(s) → 1 file(s)
  reg_101122020011.xml: 0 directive(s) → 1 file(s)
  reg_101122021001.xml: 1 directive(s) → 1 file(s)
  reg_101122021002.xml: 1 directive(s) → 1 file(s)
  reg_101122021003.xml: 0 directive(s) → 1 file(s)
  reg_101122022001.xml: 0 directive(s) → 1 file(s)
  reg_101122023007.xml: 0 directive(s) → 1 file(s)
  reg_101122023009.xml: 0 directive(s) → 1 file(s)
  reg_101122023011.xml: 0 directive(s) → 1 file(s)
  reg_102022017001.xml: 0 directive(s) → 1 file(s)
  reg_102022017002.xml: 0 directive(s) → 1 file(s)
  reg_102022017003.xml: 0 directive(s) → 1 file(s)
  reg_102022017005.xml: 0 directive(s) → 1 file(s)
  reg_102022018006.xml: 0 directive(s) → 1 file(s)
  reg_102022021004.xml: 0 directive(s) → 1 file(s)
  reg_102022021009.xml: 0 directive(s) → 1 file(s)
  reg_102022024003.xml: 0 directive(s) → 1 file(s)
  reg_102022024005.xml: 0 directive(s) → 1 file(s)
  reg_102022024007.xml: 0 directive(s) → 1 file(s)
  reg_102032022004.xml: 0 directive(s) → 1 file(s)
  reg_102032022005.xml: 0 directive(s) → 1 file(s)
  reg_102032022008.xml: 0 directive(s) → 1 file(s)
  reg_102032023010.xml: 1 directive(s) → 1 file(s)
  reg_102042015012.xml: 0 directive(s) → 1 file(s)
  reg_102042015016.xml: 0 directive(s) → 1 file(s)
  reg_102042024012.xml: 0 directive(s) → 1 file(s)
  reg_102042024015.xml: 2 directive(s) → 1 file(s)
  reg_102042025007.xml: 0 directive(s) → 1 file(s)
  reg_102042026002.xml: 0 directive(s) → 1 file(s)
  reg_102042026004.xml: 0 directive(s) → 1 file(s)
  reg_102052011002.xml: 0 directive(s) → 1 file(s)
  reg_102052026002.xml: 0 directive(s) → 1 file(s)
  reg_102052026003.xml: 0 directive(s) → 1 file(s)
  reg_102052026004.xml: 0 directive(s) → 1 file(s)
  reg_102052026005.xml: 0 directive(s) → 1 file(s)
  reg_102052026006.xml: 0 directive(s) → 1 file(s)
  reg_102052026007.xml: 0 directive(s) → 1 file(s)
  reg_102052026008.xml: 0 directive(s) → 1 file(s)
  reg_102052026009.xml: 0 directive(s) → 1 file(s)
  reg_102052026010.xml: 0 directive(s) → 1 file(s)
  reg_102052026011.xml: 0 directive(s) → 1 file(s)
  reg_102052026014.xml: 0 directive(s) → 1 file(s)
  reg_102052026019.xml: 0 directive(s) → 1 file(s)
  reg_102062026007.xml: 0 directive(s) → 1 file(s)
  reg_102062026008.xml: 0 directive(s) → 1 file(s)
  reg_102062026010.xml: 0 directive(s) → 1 file(s)
  reg_102062026012.xml: 0 directive(s) → 1 file(s)
  reg_102072014011.xml: 1 directive(s) → 1 file(s)
  reg_102072019012.xml: 3 directive(s) → 1 file(s)
  reg_102072021002.xml: 0 directive(s) → 1 file(s)
  reg_102072021006.xml: 1 directive(s) → 1 file(s)
  reg_102072021013.xml: 0 directive(s) → 1 file(s)
  reg_102072025001.xml: 0 directive(s) → 1 file(s)
  reg_102072025006.xml: 0 directive(s) → 1 file(s)
  reg_102072025010.xml: 0 directive(s) → 1 file(s)
  reg_102072025012.xml: 0 directive(s) → 1 file(s)
  reg_102072025017.xml: 0 directive(s) → 1 file(s)
  reg_102072025018.xml: 0 directive(s) → 1 file(s)
  reg_102072025019.xml: 0 directive(s) → 1 file(s)
  reg_102072025020.xml: 0 directive(s) → 1 file(s)
  reg_102082017007.xml: 0 directive(s) → 1 file(s)
  reg_102082023002.xml: 0 directive(s) → 1 file(s)
  reg_102082024004.xml: 0 directive(s) → 1 file(s)
  reg_102082025007.xml: 0 directive(s) → 1 file(s)
  reg_102082025011.xml: 0 directive(s) → 1 file(s)
  reg_102082025013.xml: 0 directive(s) → 1 file(s)
  reg_102082025014.xml: 0 directive(s) → 1 file(s)
  reg_102082025023.xml: 0 directive(s) → 1 file(s)
  reg_102082025024.xml: 0 directive(s) → 1 file(s)
  reg_102092011005.xml: 0 directive(s) → 1 file(s)
  reg_102092020001.xml: 0 directive(s) → 1 file(s)
  reg_102092020002.xml: 0 directive(s) → 1 file(s)
  reg_102092025003.xml: 0 directive(s) → 1 file(s)
  reg_102102014003.xml: 0 directive(s) → 1 file(s)
  reg_102102018004.xml: 0 directive(s) → 1 file(s)
  reg_102102019003.xml: 0 directive(s) → 1 file(s)
  reg_102102021002.xml: 0 directive(s) → 1 file(s)
  reg_102102021003.xml: 0 directive(s) → 1 file(s)
  reg_102102026002.xml: 0 directive(s) → 1 file(s)
  reg_102102026008.xml: 0 directive(s) → 1 file(s)
  reg_102102026010.xml: 0 directive(s) → 1 file(s)
  reg_102102026011.xml: 0 directive(s) → 1 file(s)
  reg_102102026012.xml: 0 directive(s) → 1 file(s)
  reg_102102026013.xml: 0 directive(s) → 1 file(s)
  reg_102102026015.xml: 0 directive(s) → 1 file(s)
  reg_102102026016.xml: 0 directive(s) → 1 file(s)
  reg_102102026017.xml: 0 directive(s) → 1 file(s)
  reg_102102026020.xml: 0 directive(s) → 1 file(s)
  reg_102112016006.xml: 1 directive(s) → 1 file(s)
  reg_102112018003.xml: 0 directive(s) → 1 file(s)
  reg_102112018004.xml: 0 directive(s) → 1 file(s)
  reg_102122015010.xml: 0 directive(s) → 1 file(s)
  reg_102122025003.xml: 0 directive(s) → 1 file(s)
  reg_1024240.xml: 0 directive(s) → 1 file(s)
  reg_103012013004.xml: 0 directive(s) → 1 file(s)
  reg_103012023005.xml: 3 directive(s) → 1 file(s)
  reg_103012024004.xml: 0 directive(s) → 1 file(s)
  reg_103012025007.xml: 0 directive(s) → 1 file(s)
  reg_103012025009.xml: 0 directive(s) → 1 file(s)
  reg_103012025010.xml: 0 directive(s) → 1 file(s)
  reg_103022017012.xml: 0 directive(s) → 1 file(s)
  reg_103022017013.xml: 0 directive(s) → 1 file(s)
  reg_103022017014.xml: 0 directive(s) → 1 file(s)
  reg_103022017016.xml: 0 directive(s) → 1 file(s)
  reg_103022017017.xml: 0 directive(s) → 1 file(s)
  reg_103022017021.xml: 0 directive(s) → 1 file(s)
  reg_103022022002.xml: 0 directive(s) → 1 file(s)
  reg_103022022003.xml: 0 directive(s) → 1 file(s)
  reg_103022022004.xml: 0 directive(s) → 1 file(s)
  reg_103022022007.xml: 1 directive(s) → 1 file(s)
  reg_103022022008.xml: 0 directive(s) → 1 file(s)
  reg_103022022009.xml: 0 directive(s) → 1 file(s)
  reg_103022022010.xml: 1 directive(s) → 1 file(s)
  reg_103022022011.xml: 1 directive(s) → 1 file(s)
  reg_103022022012.xml: 0 directive(s) → 1 file(s)
  reg_103022022013.xml: 0 directive(s) → 1 file(s)
  reg_103022022014.xml: 1 directive(s) → 1 file(s)
  reg_103022022015.xml: 0 directive(s) → 1 file(s)
  reg_103022022016.xml: 1 directive(s) → 1 file(s)
  reg_103022022018.xml: 0 directive(s) → 1 file(s)
  reg_103022022020.xml: 0 directive(s) → 1 file(s)
  reg_103022022021.xml: 0 directive(s) → 1 file(s)
  reg_103022022022.xml: 1 directive(s) → 1 file(s)
  reg_103022022024.xml: 0 directive(s) → 1 file(s)
  reg_103022022025.xml: 1 directive(s) → 1 file(s)
  reg_103022023052.xml: 0 directive(s) → 1 file(s)
  reg_103022026003.xml: 0 directive(s) → 1 file(s)
  reg_103022026020.xml: 0 directive(s) → 1 file(s)
  reg_103032015002.xml: 0 directive(s) → 1 file(s)
  reg_103032020001.xml: 0 directive(s) → 1 file(s)
  reg_103032026002.xml: 0 directive(s) → 1 file(s)
  reg_103042020014.xml: 0 directive(s) → 1 file(s)
  reg_103042020015.xml: 0 directive(s) → 1 file(s)
  reg_103042020021.xml: 0 directive(s) → 1 file(s)
  reg_103052017014.xml: 1 directive(s) → 1 file(s)
  reg_103052017015.xml: 0 directive(s) → 1 file(s)
  reg_103052017016.xml: 0 directive(s) → 1 file(s)
  reg_103052024004.xml: 0 directive(s) → 1 file(s)
  reg_103052025001.xml: 0 directive(s) → 1 file(s)
  reg_103062021001.xml: 0 directive(s) → 1 file(s)
  reg_103062022012.xml: 0 directive(s) → 1 file(s)
  reg_103062026048.xml: 0 directive(s) → 1 file(s)
  reg_103062026049.xml: 0 directive(s) → 1 file(s)
  reg_103072012018.xml: 0 directive(s) → 1 file(s)
  reg_103072015027.xml: 0 directive(s) → 1 file(s)
  reg_103072015033.xml: 0 directive(s) → 1 file(s)
  reg_103072018001.xml: 1 directive(s) → 1 file(s)
  reg_103072018028.xml: 0 directive(s) → 1 file(s)
  reg_103072020009.xml: 0 directive(s) → 1 file(s)
  reg_103072024003.xml: 0 directive(s) → 1 file(s)
  reg_103072025002.xml: 0 directive(s) → 1 file(s)
  reg_103082024001.xml: 0 directive(s) → 1 file(s)
  reg_103082024005.xml: 0 directive(s) → 1 file(s)
  reg_103082024006.xml: 1 directive(s) → 1 file(s)
  reg_103082026001.xml: 0 directive(s) → 1 file(s)
  reg_103092013014.xml: 0 directive(s) → 1 file(s)
  reg_103092013024.xml: 0 directive(s) → 1 file(s)
  reg_103092014006.xml: 0 directive(s) → 1 file(s)
  reg_103092015003.xml: 0 directive(s) → 1 file(s)
  reg_103092019007.xml: 0 directive(s) → 1 file(s)
  reg_103092021002.xml: 2 directive(s) → 1 file(s)
  reg_103092021003.xml: 1 directive(s) → 1 file(s)
  reg_103092021005.xml: 0 directive(s) → 1 file(s)
  reg_103092021006.xml: 0 directive(s) → 1 file(s)
  reg_103092021008.xml: 0 directive(s) → 1 file(s)
  reg_103092021009.xml: 46 directive(s) → 1 file(s)
  reg_103092025001.xml: 0 directive(s) → 1 file(s)
  reg_103092025005.xml: 1 directive(s) → 1 file(s)
  reg_103092026002.xml: 0 directive(s) → 1 file(s)
  reg_103102020002.xml: 0 directive(s) → 1 file(s)
  reg_103102023005.xml: 0 directive(s) → 1 file(s)
  reg_103102023009.xml: 0 directive(s) → 1 file(s)
  reg_103102023012.xml: 0 directive(s) → 1 file(s)
  reg_103102025003.xml: 0 directive(s) → 1 file(s)
  reg_103102025004.xml: 0 directive(s) → 1 file(s)
  reg_103102025005.xml: 0 directive(s) → 1 file(s)
  reg_103102025006.xml: 1 directive(s) → 1 file(s)
  reg_103102025007.xml: 0 directive(s) → 1 file(s)
  reg_103102025008.xml: 0 directive(s) → 1 file(s)
  reg_103102025009.xml: 0 directive(s) → 1 file(s)
  reg_103102025010.xml: 0 directive(s) → 1 file(s)
  reg_103102025011.xml: 0 directive(s) → 1 file(s)
  reg_103102025012.xml: 1 directive(s) → 1 file(s)
  reg_103102025013.xml: 0 directive(s) → 1 file(s)
  reg_103102025014.xml: 0 directive(s) → 1 file(s)
  reg_103102025015.xml: 0 directive(s) → 1 file(s)
  reg_103102025016.xml: 0 directive(s) → 1 file(s)
  reg_103102025021.xml: 1 directive(s) → 1 file(s)
  reg_103102025022.xml: 0 directive(s) → 1 file(s)
  reg_103102026001.xml: 0 directive(s) → 1 file(s)
  reg_103112023012.xml: 0 directive(s) → 1 file(s)
  reg_103122010006.xml: 0 directive(s) → 1 file(s)
  reg_103122014009.xml: 1 directive(s) → 1 file(s)
  reg_103122019009.xml: 2 directive(s) → 1 file(s)
  reg_103122019010.xml: 1 directive(s) → 1 file(s)
  reg_103122021006.xml: 0 directive(s) → 1 file(s)
  reg_103122021028.xml: 0 directive(s) → 1 file(s)
  reg_103122021036.xml: 0 directive(s) → 1 file(s)
  reg_103122022005.xml: 0 directive(s) → 1 file(s)
  reg_103122022019.xml: 1 directive(s) → 1 file(s)
  reg_1039870.xml: 0 directive(s) → 1 file(s)
  reg_104012011009.xml: 0 directive(s) → 1 file(s)
  reg_104012013009.xml: 0 directive(s) → 1 file(s)
  reg_104012017005.xml: 1 directive(s) → 1 file(s)
  reg_104012017006.xml: 1 directive(s) → 1 file(s)
  reg_104012017007.xml: 1 directive(s) → 1 file(s)
  reg_104012017008.xml: 1 directive(s) → 1 file(s)
  reg_104012017009.xml: 1 directive(s) → 1 file(s)
  reg_104012017012.xml: 0 directive(s) → 1 file(s)
  reg_104012017013.xml: 0 directive(s) → 1 file(s)
  reg_104012017014.xml: 0 directive(s) → 1 file(s)
  reg_104012017015.xml: 0 directive(s) → 1 file(s)
  reg_104012017016.xml: 0 directive(s) → 1 file(s)
  reg_104012019009.xml: 0 directive(s) → 1 file(s)
  reg_104012019021.xml: 0 directive(s) → 1 file(s)
  reg_104012019022.xml: 0 directive(s) → 1 file(s)
  reg_104012022010.xml: 0 directive(s) → 1 file(s)
  reg_104012022012.xml: 0 directive(s) → 1 file(s)
  reg_104022020007.xml: 0 directive(s) → 1 file(s)
  reg_104022025002.xml: 0 directive(s) → 1 file(s)
  reg_104032015046.xml: 0 directive(s) → 1 file(s)
  reg_104032021001.xml: 0 directive(s) → 1 file(s)
  reg_104032021003.xml: 0 directive(s) → 1 file(s)
  reg_104032023003.xml: 0 directive(s) → 1 file(s)
  reg_104032025001.xml: 0 directive(s) → 1 file(s)
  reg_104032026004.xml: 0 directive(s) → 1 file(s)
  reg_104032026005.xml: 0 directive(s) → 1 file(s)
  reg_104042017007.xml: 1 directive(s) → 1 file(s)
  reg_104042017008.xml: 1 directive(s) → 1 file(s)
  reg_104042020004.xml: 0 directive(s) → 1 file(s)
  reg_104042023003.xml: 0 directive(s) → 1 file(s)
  reg_104042023004.xml: 0 directive(s) → 1 file(s)
  reg_104042023013.xml: 0 directive(s) → 1 file(s)
  reg_104042024001.xml: 0 directive(s) → 1 file(s)
  reg_104042025001.xml: 0 directive(s) → 1 file(s)
  reg_104042025007.xml: 2 directive(s) → 1 file(s)
  reg_104042025008.xml: 2 directive(s) → 1 file(s)
  reg_104042025010.xml: 3 directive(s) → 1 file(s)
  reg_104052012020.xml: 0 directive(s) → 1 file(s)
  reg_104062013011.xml: 1 directive(s) → 1 file(s)
  reg_104062013012.xml: 1 directive(s) → 1 file(s)
  reg_104062014010.xml: 0 directive(s) → 1 file(s)
  reg_104062021007.xml: 0 directive(s) → 1 file(s)
  reg_104062022005.xml: 1 directive(s) → 1 file(s)
  reg_104062025002.xml: 0 directive(s) → 1 file(s)
  reg_104062025003.xml: 0 directive(s) → 1 file(s)
  reg_104062025004.xml: 0 directive(s) → 1 file(s)
  reg_104062025005.xml: 0 directive(s) → 1 file(s)
  reg_104062025006.xml: 0 directive(s) → 1 file(s)
  reg_104062025007.xml: 0 directive(s) → 1 file(s)
  reg_104062025008.xml: 0 directive(s) → 1 file(s)
  reg_104062025011.xml: 0 directive(s) → 1 file(s)
  reg_104062026001.xml: 0 directive(s) → 1 file(s)
  reg_104062026003.xml: 0 directive(s) → 1 file(s)
  reg_104062026004.xml: 0 directive(s) → 1 file(s)
  reg_104062026006.xml: 0 directive(s) → 1 file(s)
  reg_104072013018.xml: 0 directive(s) → 1 file(s)
  reg_104072014022.xml: 0 directive(s) → 1 file(s)
  reg_104072017136.xml: 0 directive(s) → 1 file(s)
  reg_104072019004.xml: 0 directive(s) → 1 file(s)
  reg_104072019005.xml: 0 directive(s) → 1 file(s)
  reg_104072019006.xml: 0 directive(s) → 1 file(s)
  reg_104072023002.xml: 0 directive(s) → 1 file(s)
  reg_104072023004.xml: 0 directive(s) → 1 file(s)
  reg_104072023007.xml: 0 directive(s) → 1 file(s)
  reg_104072023008.xml: 0 directive(s) → 1 file(s)
  reg_104072023009.xml: 0 directive(s) → 1 file(s)
  reg_104072023010.xml: 0 directive(s) → 1 file(s)
  reg_104072023011.xml: 0 directive(s) → 1 file(s)
  reg_104072023012.xml: 0 directive(s) → 1 file(s)
  reg_104072023013.xml: 0 directive(s) → 1 file(s)
  reg_104072023014.xml: 0 directive(s) → 1 file(s)
  reg_104072023015.xml: 0 directive(s) → 1 file(s)
  reg_104072023016.xml: 0 directive(s) → 1 file(s)
  reg_104072023017.xml: 0 directive(s) → 1 file(s)
  reg_104072023027.xml: 0 directive(s) → 1 file(s)
  reg_104072023028.xml: 0 directive(s) → 1 file(s)
  reg_104072023030.xml: 0 directive(s) → 1 file(s)
  reg_104072023037.xml: 0 directive(s) → 1 file(s)
  reg_104072023042.xml: 0 directive(s) → 1 file(s)
  reg_104072023045.xml: 0 directive(s) → 1 file(s)
  reg_104072023046.xml: 0 directive(s) → 1 file(s)
  reg_104072023048.xml: 0 directive(s) → 1 file(s)
  reg_104072023049.xml: 0 directive(s) → 1 file(s)
  reg_104072023050.xml: 0 directive(s) → 1 file(s)
  reg_104072023052.xml: 0 directive(s) → 1 file(s)
  reg_104072023053.xml: 0 directive(s) → 1 file(s)
  reg_104072023054.xml: 0 directive(s) → 1 file(s)
  reg_104072023056.xml: 0 directive(s) → 1 file(s)
  reg_104072026001.xml: 0 directive(s) → 1 file(s)
  reg_104082026013.xml: 0 directive(s) → 1 file(s)
  reg_104082026014.xml: 0 directive(s) → 1 file(s)
  reg_104082026015.xml: 0 directive(s) → 1 file(s)
  reg_104082026016.xml: 0 directive(s) → 1 file(s)
  reg_104082026019.xml: 0 directive(s) → 1 file(s)
  reg_104082026021.xml: 0 directive(s) → 1 file(s)
  reg_104092018006.xml: 0 directive(s) → 1 file(s)
  reg_104092026003.xml: 0 directive(s) → 1 file(s)
  reg_104092026004.xml: 2 directive(s) → 1 file(s)
  reg_104092026005.xml: 0 directive(s) → 1 file(s)
  reg_104092026006.xml: 0 directive(s) → 1 file(s)
  reg_104092026011.xml: 0 directive(s) → 1 file(s)
  reg_104092026012.xml: 0 directive(s) → 1 file(s)
  reg_104092026013.xml: 0 directive(s) → 1 file(s)
  reg_104092026014.xml: 0 directive(s) → 1 file(s)
  reg_104092026018.xml: 0 directive(s) → 1 file(s)
  reg_104092026019.xml: 0 directive(s) → 1 file(s)
  reg_104092026020.xml: 0 directive(s) → 1 file(s)
  reg_104092026022.xml: 1 directive(s) → 1 file(s)
  reg_104092026023.xml: 0 directive(s) → 1 file(s)
  reg_104092026024.xml: 1 directive(s) → 1 file(s)
  reg_104092026025.xml: 0 directive(s) → 1 file(s)
  reg_104102013002.xml: 0 directive(s) → 1 file(s)
  reg_104102016003.xml: 1 directive(s) → 1 file(s)
  reg_104102016005.xml: 0 directive(s) → 1 file(s)
  reg_104102019004.xml: 0 directive(s) → 1 file(s)
  reg_104102022001.xml: 0 directive(s) → 1 file(s)
  reg_104102023007.xml: 1 directive(s) → 1 file(s)
  reg_104102023009.xml: 0 directive(s) → 1 file(s)
  reg_104102023010.xml: 0 directive(s) → 1 file(s)
  reg_104102023011.xml: 0 directive(s) → 1 file(s)
  reg_104102023012.xml: 0 directive(s) → 1 file(s)
  reg_104102024003.xml: 0 directive(s) → 1 file(s)
  reg_104102024004.xml: 0 directive(s) → 1 file(s)
  reg_104102024008.xml: 0 directive(s) → 1 file(s)
  reg_104102024010.xml: 0 directive(s) → 1 file(s)
  reg_104102024011.xml: 0 directive(s) → 1 file(s)
  reg_104102024014.xml: 0 directive(s) → 1 file(s)
  reg_104102024015.xml: 0 directive(s) → 1 file(s)
  reg_104102024019.xml: 0 directive(s) → 1 file(s)
  reg_104102024023.xml: 0 directive(s) → 1 file(s)
  reg_104112020014.xml: 0 directive(s) → 1 file(s)
  reg_104112020015.xml: 0 directive(s) → 1 file(s)
  reg_104112020018.xml: 0 directive(s) → 1 file(s)
  reg_104112020019.xml: 0 directive(s) → 1 file(s)
  reg_104112020021.xml: 0 directive(s) → 1 file(s)
  reg_104112020063.xml: 0 directive(s) → 1 file(s)
  reg_104112020080.xml: 1 directive(s) → 1 file(s)
  reg_104112020081.xml: 0 directive(s) → 1 file(s)
  reg_104112020085.xml: 0 directive(s) → 1 file(s)
  reg_104112020097.xml: 1 directive(s) → 1 file(s)
  reg_104112020101.xml: 0 directive(s) → 1 file(s)
  reg_104112020104.xml: 0 directive(s) → 1 file(s)
  reg_104112020105.xml: 0 directive(s) → 1 file(s)
  reg_104112020109.xml: 0 directive(s) → 1 file(s)
  reg_104112020113.xml: 0 directive(s) → 1 file(s)
  reg_104112020124.xml: 0 directive(s) → 1 file(s)
  reg_104112022001.xml: 0 directive(s) → 1 file(s)
  reg_104112022008.xml: 0 directive(s) → 1 file(s)
  reg_104112025002.xml: 0 directive(s) → 1 file(s)
  reg_104112025004.xml: 0 directive(s) → 1 file(s)
  reg_104112025005.xml: 0 directive(s) → 1 file(s)
  reg_104122012005.xml: 0 directive(s) → 1 file(s)
  reg_104122014017.xml: 1 directive(s) → 1 file(s)
  reg_104122015011.xml: 0 directive(s) → 1 file(s)
  reg_104122018001.xml: 1 directive(s) → 1 file(s)
  reg_104122025006.xml: 0 directive(s) → 1 file(s)
  reg_105012011009.xml: 0 directive(s) → 1 file(s)
  reg_105012022002.xml: 0 directive(s) → 1 file(s)
  reg_105012024009.xml: 0 directive(s) → 1 file(s)
  reg_105012024010.xml: 0 directive(s) → 1 file(s)
  reg_105012024017.xml: 0 directive(s) → 1 file(s)
  reg_105022019011.xml: 1 directive(s) → 1 file(s)
  reg_105022026006.xml: 1 directive(s) → 1 file(s)
  reg_105022026007.xml: 1 directive(s) → 1 file(s)
  reg_105022026008.xml: 0 directive(s) → 1 file(s)
  reg_105022026009.xml: 1 directive(s) → 1 file(s)
  reg_105022026015.xml: 0 directive(s) → 1 file(s)
  reg_105022026020.xml: 0 directive(s) → 1 file(s)
  reg_105032019026.xml: 1 directive(s) → 1 file(s)
  reg_105032024002.xml: 0 directive(s) → 1 file(s)
  reg_105032026002.xml: 0 directive(s) → 1 file(s)
  reg_105032026004.xml: 0 directive(s) → 1 file(s)
  reg_105032026006.xml: 0 directive(s) → 1 file(s)
  reg_105032026010.xml: 0 directive(s) → 1 file(s)
  reg_105032026011.xml: 0 directive(s) → 1 file(s)
  reg_105042012008.xml: 0 directive(s) → 1 file(s)
  reg_105042019007.xml: 0 directive(s) → 1 file(s)
  reg_105042022012.xml: 0 directive(s) → 1 file(s)
  reg_105042022014.xml: 0 directive(s) → 1 file(s)
  reg_105042023002.xml: 0 directive(s) → 1 file(s)
  reg_105042023004.xml: 0 directive(s) → 1 file(s)
  reg_105042023005.xml: 0 directive(s) → 1 file(s)
  reg_105042023007.xml: 0 directive(s) → 1 file(s)
  reg_105042023011.xml: 0 directive(s) → 1 file(s)
  reg_105042023014.xml: 0 directive(s) → 1 file(s)
  reg_105042023017.xml: 0 directive(s) → 1 file(s)
  reg_105042023023.xml: 0 directive(s) → 1 file(s)
  reg_105042025001.xml: 0 directive(s) → 1 file(s)
  reg_105052015008.xml: 0 directive(s) → 1 file(s)
  reg_105052016008.xml: 0 directive(s) → 1 file(s)
  reg_105052020014.xml: 0 directive(s) → 1 file(s)
  reg_105052023003.xml: 0 directive(s) → 1 file(s)
  reg_105052023004.xml: 0 directive(s) → 1 file(s)
  reg_105052026003.xml: 0 directive(s) → 1 file(s)
  reg_105062018001.xml: 0 directive(s) → 1 file(s)
  reg_105062018006.xml: 0 directive(s) → 1 file(s)
  reg_105062024002.xml: 0 directive(s) → 1 file(s)
  reg_105062025003.xml: 0 directive(s) → 1 file(s)
  reg_105062025005.xml: 0 directive(s) → 1 file(s)
  reg_105062025006.xml: 0 directive(s) → 1 file(s)
  reg_105062025007.xml: 0 directive(s) → 1 file(s)
  reg_105062026003.xml: 1 directive(s) → 1 file(s)
  reg_105062026004.xml: 0 directive(s) → 1 file(s)
  reg_105062026005.xml: 0 directive(s) → 1 file(s)
  reg_105062026006.xml: 0 directive(s) → 1 file(s)
  reg_105062026007.xml: 0 directive(s) → 1 file(s)
  reg_105062026008.xml: 0 directive(s) → 1 file(s)
  reg_105062026009.xml: 0 directive(s) → 1 file(s)
  reg_105062026011.xml: 1 directive(s) → 1 file(s)
  reg_105062026012.xml: 0 directive(s) → 1 file(s)
  reg_105072013019.xml: 1 directive(s) → 1 file(s)
  reg_105072017005.xml: 1 directive(s) → 1 file(s)
  reg_105072017006.xml: 1 directive(s) → 1 file(s)
  reg_105072017007.xml: 1 directive(s) → 1 file(s)
  reg_105072017008.xml: 0 directive(s) → 1 file(s)
  reg_105072017023.xml: 0 directive(s) → 1 file(s)
  reg_105072022007.xml: 0 directive(s) → 1 file(s)
  reg_105072023013.xml: 2 directive(s) → 1 file(s)
  reg_105072023014.xml: 1 directive(s) → 1 file(s)
  reg_105072023015.xml: 0 directive(s) → 1 file(s)
  reg_105072023017.xml: 1 directive(s) → 1 file(s)
  reg_105072023018.xml: 1 directive(s) → 1 file(s)
  reg_105072023019.xml: 1 directive(s) → 1 file(s)
  reg_105072023020.xml: 1 directive(s) → 1 file(s)
  reg_105072023021.xml: 0 directive(s) → 1 file(s)
  reg_105072023022.xml: 1 directive(s) → 1 file(s)
  reg_105072023024.xml: 0 directive(s) → 1 file(s)
  reg_105072023026.xml: 0 directive(s) → 1 file(s)
  reg_105072023028.xml: 1 directive(s) → 1 file(s)
  reg_105072023032.xml: 1 directive(s) → 1 file(s)
  reg_105072023033.xml: 1 directive(s) → 1 file(s)
  reg_105072023034.xml: 2 directive(s) → 1 file(s)
  reg_105072023035.xml: 1 directive(s) → 1 file(s)
  reg_105072023036.xml: 1 directive(s) → 1 file(s)
  reg_105072023037.xml: 1 directive(s) → 1 file(s)
  reg_105072023038.xml: 2 directive(s) → 1 file(s)
  reg_105072023040.xml: 1 directive(s) → 1 file(s)
  reg_105072023041.xml: 2 directive(s) → 1 file(s)
  reg_105072023042.xml: 1 directive(s) → 1 file(s)
  reg_105072023043.xml: 2 directive(s) → 1 file(s)
  reg_105072023044.xml: 2 directive(s) → 1 file(s)
  reg_105072023045.xml: 2 directive(s) → 1 file(s)
  reg_105072023048.xml: 1 directive(s) → 1 file(s)
  reg_105072023049.xml: 2 directive(s) → 1 file(s)
  reg_105072023050.xml: 0 directive(s) → 1 file(s)
  reg_105072023051.xml: 0 directive(s) → 1 file(s)
  reg_105072023052.xml: 2 directive(s) → 1 file(s)
  reg_105072023053.xml: 1 directive(s) → 1 file(s)
  reg_105072023055.xml: 0 directive(s) → 1 file(s)
  reg_105072023058.xml: 1 directive(s) → 1 file(s)
  reg_105072023059.xml: 1 directive(s) → 1 file(s)
  reg_105072023060.xml: 1 directive(s) → 1 file(s)
  reg_105072023061.xml: 2 directive(s) → 1 file(s)
  reg_105072023062.xml: 1 directive(s) → 1 file(s)
  reg_105072023063.xml: 1 directive(s) → 1 file(s)
  reg_105072023064.xml: 2 directive(s) → 1 file(s)
  reg_105072023065.xml: 1 directive(s) → 1 file(s)
  reg_105072023066.xml: 2 directive(s) → 1 file(s)
  reg_105072023067.xml: 1 directive(s) → 1 file(s)
  reg_105072023068.xml: 2 directive(s) → 1 file(s)
  reg_105072023069.xml: 0 directive(s) → 1 file(s)
  reg_105072023070.xml: 1 directive(s) → 1 file(s)
  reg_105072023071.xml: 2 directive(s) → 1 file(s)
  reg_105072023072.xml: 0 directive(s) → 1 file(s)
  reg_105072023073.xml: 1 directive(s) → 1 file(s)
  reg_105072023075.xml: 0 directive(s) → 1 file(s)
  reg_105072023076.xml: 1 directive(s) → 1 file(s)
  reg_105072023077.xml: 0 directive(s) → 1 file(s)
  reg_105072023078.xml: 0 directive(s) → 1 file(s)
  reg_105072023080.xml: 0 directive(s) → 1 file(s)
  reg_105072023081.xml: 0 directive(s) → 1 file(s)
  reg_105072023082.xml: 2 directive(s) → 1 file(s)
  reg_105072023083.xml: 1 directive(s) → 1 file(s)
  reg_105072023084.xml: 2 directive(s) → 1 file(s)
  reg_105072023085.xml: 1 directive(s) → 1 file(s)
  reg_105072023086.xml: 1 directive(s) → 1 file(s)
  reg_105072023087.xml: 2 directive(s) → 1 file(s)
  reg_105072023088.xml: 2 directive(s) → 1 file(s)
  reg_105072023089.xml: 0 directive(s) → 1 file(s)
  reg_105072023090.xml: 1 directive(s) → 1 file(s)
  reg_105072023091.xml: 0 directive(s) → 1 file(s)
  reg_105072023092.xml: 0 directive(s) → 1 file(s)
  reg_105072023094.xml: 1 directive(s) → 1 file(s)
  reg_105072023096.xml: 0 directive(s) → 1 file(s)
  reg_105072023097.xml: 1 directive(s) → 1 file(s)
  reg_105072023098.xml: 2 directive(s) → 1 file(s)
  reg_105072023099.xml: 1 directive(s) → 1 file(s)
  reg_105072023100.xml: 2 directive(s) → 1 file(s)
  reg_105072023101.xml: 2 directive(s) → 1 file(s)
  reg_105072023102.xml: 0 directive(s) → 1 file(s)
  reg_105072023103.xml: 1 directive(s) → 1 file(s)
  reg_105072023104.xml: 1 directive(s) → 1 file(s)
  reg_105072023109.xml: 1 directive(s) → 1 file(s)
  reg_105072023110.xml: 2 directive(s) → 1 file(s)
  reg_105072023111.xml: 0 directive(s) → 1 file(s)
  reg_105072023112.xml: 0 directive(s) → 1 file(s)
  reg_105072023113.xml: 1 directive(s) → 1 file(s)
  reg_105072023114.xml: 2 directive(s) → 1 file(s)
  reg_105072023116.xml: 0 directive(s) → 1 file(s)
  reg_105072023117.xml: 1 directive(s) → 1 file(s)
  reg_105072023118.xml: 1 directive(s) → 1 file(s)
  reg_105072023120.xml: 1 directive(s) → 1 file(s)
  reg_105072023121.xml: 0 directive(s) → 1 file(s)
  reg_105072023122.xml: 0 directive(s) → 1 file(s)
  reg_105072023123.xml: 1 directive(s) → 1 file(s)
  reg_105072023124.xml: 1 directive(s) → 1 file(s)
  reg_105072023125.xml: 1 directive(s) → 1 file(s)
  reg_105072023126.xml: 0 directive(s) → 1 file(s)
  reg_105072023127.xml: 0 directive(s) → 1 file(s)
  reg_105072023129.xml: 2 directive(s) → 1 file(s)
  reg_105072023130.xml: 0 directive(s) → 1 file(s)
  reg_105072023131.xml: 1 directive(s) → 1 file(s)
  reg_105072023132.xml: 2 directive(s) → 1 file(s)
  reg_105072023133.xml: 1 directive(s) → 1 file(s)
  reg_105072023134.xml: 2 directive(s) → 1 file(s)
  reg_105072023136.xml: 2 directive(s) → 1 file(s)
  reg_105072023137.xml: 1 directive(s) → 1 file(s)
  reg_105072023138.xml: 1 directive(s) → 1 file(s)
  reg_105072023139.xml: 1 directive(s) → 1 file(s)
  reg_105072023140.xml: 1 directive(s) → 1 file(s)
  reg_105072023142.xml: 2 directive(s) → 1 file(s)
  reg_105072023143.xml: 2 directive(s) → 1 file(s)
  reg_105072023145.xml: 2 directive(s) → 1 file(s)
  reg_105072023146.xml: 1 directive(s) → 1 file(s)
  reg_105072023147.xml: 1 directive(s) → 1 file(s)
  reg_105072023148.xml: 2 directive(s) → 1 file(s)
  reg_105072023150.xml: 1 directive(s) → 1 file(s)
  reg_105072023151.xml: 1 directive(s) → 1 file(s)
  reg_105072023152.xml: 0 directive(s) → 1 file(s)
  reg_105072023153.xml: 1 directive(s) → 1 file(s)
  reg_105072023154.xml: 2 directive(s) → 1 file(s)
  reg_105072023155.xml: 1 directive(s) → 1 file(s)
  reg_105072023156.xml: 1 directive(s) → 1 file(s)
  reg_105072023158.xml: 1 directive(s) → 1 file(s)
  reg_105072023161.xml: 1 directive(s) → 1 file(s)
  reg_105072023162.xml: 1 directive(s) → 1 file(s)
  reg_105072023163.xml: 2 directive(s) → 1 file(s)
  reg_105072023164.xml: 2 directive(s) → 1 file(s)
  reg_105072023165.xml: 1 directive(s) → 1 file(s)
  reg_105072023166.xml: 2 directive(s) → 1 file(s)
  reg_105072023167.xml: 2 directive(s) → 1 file(s)
  reg_105072023168.xml: 1 directive(s) → 1 file(s)
  reg_105072023169.xml: 0 directive(s) → 1 file(s)
  reg_105072023170.xml: 0 directive(s) → 1 file(s)
  reg_105072023171.xml: 1 directive(s) → 1 file(s)
  reg_105072023172.xml: 0 directive(s) → 1 file(s)
  reg_105072023173.xml: 1 directive(s) → 1 file(s)
  reg_105072023174.xml: 2 directive(s) → 1 file(s)
  reg_105072023175.xml: 2 directive(s) → 1 file(s)
  reg_105072023176.xml: 2 directive(s) → 1 file(s)
  reg_105072023177.xml: 0 directive(s) → 1 file(s)
  reg_105072023178.xml: 0 directive(s) → 1 file(s)
  reg_105072023179.xml: 1 directive(s) → 1 file(s)
  reg_105072023180.xml: 1 directive(s) → 1 file(s)
  reg_105072023181.xml: 0 directive(s) → 1 file(s)
  reg_105072023182.xml: 1 directive(s) → 1 file(s)
  reg_105072023183.xml: 0 directive(s) → 1 file(s)
  reg_105072023184.xml: 2 directive(s) → 1 file(s)
  reg_105072023185.xml: 0 directive(s) → 1 file(s)
  reg_105072023186.xml: 0 directive(s) → 1 file(s)
  reg_105072023188.xml: 1 directive(s) → 1 file(s)
  reg_105072023189.xml: 2 directive(s) → 1 file(s)
  reg_105072023190.xml: 0 directive(s) → 1 file(s)
  reg_105072023191.xml: 2 directive(s) → 1 file(s)
  reg_105072023192.xml: 2 directive(s) → 1 file(s)
  reg_105072023193.xml: 2 directive(s) → 1 file(s)
  reg_105072023194.xml: 2 directive(s) → 1 file(s)
  reg_105072023195.xml: 0 directive(s) → 1 file(s)
  reg_105072023196.xml: 1 directive(s) → 1 file(s)
  reg_105072023197.xml: 1 directive(s) → 1 file(s)
  reg_105072023198.xml: 1 directive(s) → 1 file(s)
  reg_105072023199.xml: 1 directive(s) → 1 file(s)
  reg_105072023200.xml: 1 directive(s) → 1 file(s)
  reg_105072023201.xml: 0 directive(s) → 1 file(s)
  reg_105072023203.xml: 2 directive(s) → 1 file(s)
  reg_105072023204.xml: 2 directive(s) → 1 file(s)
  reg_105072023205.xml: 0 directive(s) → 1 file(s)
  reg_105072023207.xml: 2 directive(s) → 1 file(s)
  reg_105072023208.xml: 0 directive(s) → 1 file(s)
  reg_105072023209.xml: 0 directive(s) → 1 file(s)
  reg_105072023210.xml: 0 directive(s) → 1 file(s)
  reg_105072023211.xml: 1 directive(s) → 1 file(s)
  reg_105072023212.xml: 1 directive(s) → 1 file(s)
  reg_105072023218.xml: 0 directive(s) → 1 file(s)
  reg_105072023219.xml: 1 directive(s) → 1 file(s)
  reg_105072023220.xml: 2 directive(s) → 1 file(s)
  reg_105072023222.xml: 2 directive(s) → 1 file(s)
  reg_105072023223.xml: 1 directive(s) → 1 file(s)
  reg_105072023224.xml: 1 directive(s) → 1 file(s)
  reg_105072023225.xml: 2 directive(s) → 1 file(s)
  reg_105072023226.xml: 1 directive(s) → 1 file(s)
  reg_105072023227.xml: 1 directive(s) → 1 file(s)
  reg_105072023228.xml: 0 directive(s) → 1 file(s)
  reg_105072023229.xml: 0 directive(s) → 1 file(s)
  reg_105072023230.xml: 0 directive(s) → 1 file(s)
  reg_105072023231.xml: 1 directive(s) → 1 file(s)
  reg_105072023242.xml: 1 directive(s) → 1 file(s)
  reg_105072023248.xml: 0 directive(s) → 1 file(s)
  reg_105072023251.xml: 0 directive(s) → 1 file(s)
  reg_105072023256.xml: 1 directive(s) → 1 file(s)
  reg_105072023260.xml: 0 directive(s) → 1 file(s)
  reg_105072023262.xml: 0 directive(s) → 1 file(s)
  reg_105072023263.xml: 0 directive(s) → 1 file(s)
  reg_105072023264.xml: 0 directive(s) → 1 file(s)
  reg_105072023269.xml: 0 directive(s) → 1 file(s)
  reg_105072023271.xml: 0 directive(s) → 1 file(s)
  reg_105072023273.xml: 1 directive(s) → 1 file(s)
  reg_105072023274.xml: 0 directive(s) → 1 file(s)
  reg_105072023279.xml: 0 directive(s) → 1 file(s)
  reg_105072023280.xml: 1 directive(s) → 1 file(s)
  reg_105072023282.xml: 0 directive(s) → 1 file(s)
  reg_105072023285.xml: 2 directive(s) → 1 file(s)
  reg_105072023287.xml: 0 directive(s) → 1 file(s)
  reg_105072023290.xml: 0 directive(s) → 1 file(s)
  reg_105072023294.xml: 0 directive(s) → 1 file(s)
  reg_105072023297.xml: 0 directive(s) → 1 file(s)
  reg_105072023300.xml: 0 directive(s) → 1 file(s)
  reg_105072023301.xml: 0 directive(s) → 1 file(s)
  reg_105072023302.xml: 0 directive(s) → 1 file(s)
  reg_105072023306.xml: 0 directive(s) → 1 file(s)
  reg_105072023308.xml: 0 directive(s) → 1 file(s)
  reg_105072023313.xml: 0 directive(s) → 1 file(s)
  reg_105072023314.xml: 0 directive(s) → 1 file(s)
  reg_105072023316.xml: 0 directive(s) → 1 file(s)
  reg_105072023318.xml: 1 directive(s) → 1 file(s)
  reg_105072023319.xml: 0 directive(s) → 1 file(s)
  reg_105072023320.xml: 0 directive(s) → 1 file(s)
  reg_105072023322.xml: 0 directive(s) → 1 file(s)
  reg_105072023324.xml: 0 directive(s) → 1 file(s)
  reg_105072023325.xml: 0 directive(s) → 1 file(s)
  reg_105072023327.xml: 0 directive(s) → 1 file(s)
  reg_105072023333.xml: 0 directive(s) → 1 file(s)
  reg_105072024007.xml: 0 directive(s) → 1 file(s)
  reg_105072024008.xml: 0 directive(s) → 1 file(s)
  reg_105072024016.xml: 0 directive(s) → 1 file(s)
  reg_105082014003.xml: 1 directive(s) → 1 file(s)
  reg_105082020007.xml: 0 directive(s) → 1 file(s)
  reg_105082020009.xml: 0 directive(s) → 1 file(s)
  reg_105082020010.xml: 0 directive(s) → 1 file(s)
  reg_105082020012.xml: 0 directive(s) → 1 file(s)
  reg_105082020013.xml: 0 directive(s) → 1 file(s)
  reg_105082020015.xml: 0 directive(s) → 1 file(s)
  reg_105082020026.xml: 0 directive(s) → 1 file(s)
  reg_105082025007.xml: 0 directive(s) → 1 file(s)
  reg_105082025013.xml: 0 directive(s) → 1 file(s)
  reg_105082026002.xml: 0 directive(s) → 1 file(s)
  reg_105092012001.xml: 0 directive(s) → 1 file(s)
  reg_105092014014.xml: 0 directive(s) → 1 file(s)
  reg_105092017002.xml: 0 directive(s) → 1 file(s)
  reg_105092023004.xml: 0 directive(s) → 1 file(s)
  reg_105092023005.xml: 0 directive(s) → 1 file(s)
  reg_105092023006.xml: 2 directive(s) → 1 file(s)
  reg_105092023019.xml: 0 directive(s) → 1 file(s)
  reg_105092025004.xml: 0 directive(s) → 1 file(s)
  reg_105092025005.xml: 0 directive(s) → 1 file(s)
  reg_105092025006.xml: 0 directive(s) → 1 file(s)
  reg_105092025011.xml: 0 directive(s) → 1 file(s)
  reg_105092025012.xml: 0 directive(s) → 1 file(s)
  reg_105092025013.xml: 0 directive(s) → 1 file(s)
  reg_105092025015.xml: 0 directive(s) → 1 file(s)
  reg_105092025017.xml: 0 directive(s) → 1 file(s)
  reg_105092025018.xml: 0 directive(s) → 1 file(s)
  reg_105092026001.xml: 0 directive(s) → 1 file(s)
  reg_105102016003.xml: 0 directive(s) → 1 file(s)
  reg_105102016004.xml: 0 directive(s) → 1 file(s)
  reg_105102016005.xml: 1 directive(s) → 1 file(s)
  reg_105102021005.xml: 1 directive(s) → 1 file(s)
  reg_105102021008.xml: 1 directive(s) → 1 file(s)
  reg_105112013004.xml: 1 directive(s) → 1 file(s)
  reg_105112020012.xml: 0 directive(s) → 1 file(s)
  reg_105112022001.xml: 0 directive(s) → 1 file(s)
  reg_105112024006.xml: 2 directive(s) → 1 file(s)
  reg_105122017018.xml: 0 directive(s) → 1 file(s)
  reg_105122018009.xml: 1 directive(s) → 1 file(s)
  reg_105122018011.xml: 1 directive(s) → 1 file(s)
  reg_105122018012.xml: 1 directive(s) → 1 file(s)
  reg_105122018014.xml: 1 directive(s) → 1 file(s)
  reg_105122018015.xml: 1 directive(s) → 1 file(s)
  reg_105122023005.xml: 0 directive(s) → 1 file(s)
  reg_105122023008.xml: 0 directive(s) → 1 file(s)
  reg_105122023010.xml: 0 directive(s) → 1 file(s)
  reg_105122024004.xml: 0 directive(s) → 1 file(s)
  reg_105122024006.xml: 0 directive(s) → 1 file(s)
  reg_105122024010.xml: 0 directive(s) → 1 file(s)
  reg_105122025011.xml: 0 directive(s) → 1 file(s)
  reg_105122025012.xml: 0 directive(s) → 1 file(s)
  reg_1052018.xml: 0 directive(s) → 1 file(s)
  reg_106012015014.xml: 0 directive(s) → 1 file(s)
  reg_106012015015.xml: 0 directive(s) → 1 file(s)
  reg_106012015017.xml: 0 directive(s) → 1 file(s)
  reg_106012015018.xml: 0 directive(s) → 1 file(s)
  reg_106012017008.xml: 0 directive(s) → 1 file(s)
  reg_106012017009.xml: 0 directive(s) → 1 file(s)
  reg_106012017014.xml: 0 directive(s) → 1 file(s)
  reg_106012017015.xml: 0 directive(s) → 1 file(s)
  reg_106012021007.xml: 0 directive(s) → 1 file(s)
  reg_106012026003.xml: 0 directive(s) → 1 file(s)
  reg_106012026043.xml: 0 directive(s) → 1 file(s)
  reg_106012026045.xml: 0 directive(s) → 1 file(s)
  reg_106012026046.xml: 0 directive(s) → 1 file(s)
  reg_106022015004.xml: 0 directive(s) → 1 file(s)
  reg_106022018003.xml: 0 directive(s) → 1 file(s)
  reg_106022024009.xml: 0 directive(s) → 1 file(s)
  reg_106022024018.xml: 0 directive(s) → 1 file(s)
  reg_106022025001.xml: 0 directive(s) → 1 file(s)
  reg_106022026002.xml: 0 directive(s) → 1 file(s)
  reg_106032018005.xml: 0 directive(s) → 1 file(s)
  reg_106032019005.xml: 0 directive(s) → 1 file(s)
  reg_106032019012.xml: 2 directive(s) → 1 file(s)
  reg_106032019013.xml: 0 directive(s) → 1 file(s)
  reg_106042018002.xml: 1 directive(s) → 1 file(s)
  reg_106042018003.xml: 1 directive(s) → 1 file(s)
  reg_106042018004.xml: 1 directive(s) → 1 file(s)
  reg_106042018010.xml: 1 directive(s) → 1 file(s)
  reg_106042018011.xml: 0 directive(s) → 1 file(s)
  reg_106042018018.xml: 0 directive(s) → 1 file(s)
  reg_106042018023.xml: 0 directive(s) → 1 file(s)
  reg_106042021007.xml: 0 directive(s) → 1 file(s)
  reg_106052014010.xml: 0 directive(s) → 1 file(s)
  reg_106052021003.xml: 0 directive(s) → 1 file(s)
  reg_106052021004.xml: 0 directive(s) → 1 file(s)
  reg_106052021005.xml: 1 directive(s) → 1 file(s)
  reg_106052025001.xml: 0 directive(s) → 1 file(s)
  reg_106052025002.xml: 0 directive(s) → 1 file(s)
  reg_106052025007.xml: 0 directive(s) → 1 file(s)
  reg_106052025017.xml: 0 directive(s) → 1 file(s)
  reg_106052026004.xml: 0 directive(s) → 1 file(s)
  reg_106052026005.xml: 0 directive(s) → 1 file(s)
  reg_106052026006.xml: 0 directive(s) → 1 file(s)
  reg_106062023005.xml: 0 directive(s) → 1 file(s)
  reg_106062024003.xml: 0 directive(s) → 1 file(s)
  reg_106062024004.xml: 0 directive(s) → 1 file(s)
  reg_106062024008.xml: 0 directive(s) → 1 file(s)
  reg_106062025003.xml: 1 directive(s) → 1 file(s)
  reg_106072011005.xml: 1 directive(s) → 1 file(s)
  reg_106072016007.xml: 1 directive(s) → 1 file(s)
  reg_106072016019.xml: 0 directive(s) → 1 file(s)
  reg_106072016020.xml: 1 directive(s) → 1 file(s)
  reg_106072016025.xml: 1 directive(s) → 1 file(s)
  reg_106072017013.xml: 0 directive(s) → 1 file(s)
  reg_106072017014.xml: 0 directive(s) → 1 file(s)
  reg_106072017015.xml: 0 directive(s) → 1 file(s)
  reg_106072021002.xml: 2 directive(s) → 1 file(s)
  reg_106072021005.xml: 0 directive(s) → 1 file(s)
  reg_106082019002.xml: 0 directive(s) → 1 file(s)
  reg_106082019003.xml: 1 directive(s) → 1 file(s)
  reg_106082019004.xml: 1 directive(s) → 1 file(s)
  reg_106082019008.xml: 1 directive(s) → 1 file(s)
  reg_106082026001.xml: 0 directive(s) → 1 file(s)
  reg_106092017001.xml: 0 directive(s) → 1 file(s)
  reg_106092019031.xml: 0 directive(s) → 1 file(s)
  reg_106092024003.xml: 0 directive(s) → 1 file(s)
  reg_106102015006.xml: 0 directive(s) → 1 file(s)
  reg_106102020002.xml: 1 directive(s) → 1 file(s)
  reg_106102022003.xml: 0 directive(s) → 1 file(s)
  reg_106102023002.xml: 0 directive(s) → 1 file(s)
  reg_106102026005.xml: 0 directive(s) → 1 file(s)
  reg_106112012004.xml: 0 directive(s) → 1 file(s)
  reg_106112020007.xml: 0 directive(s) → 1 file(s)
  reg_106122023002.xml: 0 directive(s) → 1 file(s)
  reg_106122024009.xml: 0 directive(s) → 1 file(s)
  reg_106122024010.xml: 0 directive(s) → 1 file(s)
  reg_106122024011.xml: 0 directive(s) → 1 file(s)
  reg_107012017001.xml: 0 directive(s) → 1 file(s)
  reg_107012020003.xml: 0 directive(s) → 1 file(s)
  reg_107012021006.xml: 0 directive(s) → 1 file(s)
  reg_107012022002.xml: 0 directive(s) → 1 file(s)
  reg_107012026029.xml: 0 directive(s) → 1 file(s)
  reg_107022012003.xml: 0 directive(s) → 1 file(s)
  reg_107022013006.xml: 0 directive(s) → 1 file(s)
  reg_107022019002.xml: 0 directive(s) → 1 file(s)
  reg_107022020009.xml: 0 directive(s) → 1 file(s)
  reg_107022023012.xml: 0 directive(s) → 1 file(s)
  reg_107022023013.xml: 0 directive(s) → 1 file(s)
  reg_107022025008.xml: 0 directive(s) → 1 file(s)
  reg_107032017023.xml: 0 directive(s) → 1 file(s)
  reg_107032019005.xml: 0 directive(s) → 1 file(s)
  reg_107032024002.xml: 0 directive(s) → 1 file(s)
  reg_107032024003.xml: 0 directive(s) → 1 file(s)
  reg_107032025003.xml: 0 directive(s) → 1 file(s)
  reg_107032025004.xml: 0 directive(s) → 1 file(s)
  reg_107032025008.xml: 0 directive(s) → 1 file(s)
  reg_107032025010.xml: 1 directive(s) → 1 file(s)
  reg_107042015003.xml: 0 directive(s) → 1 file(s)
  reg_107042016006.xml: 0 directive(s) → 1 file(s)
  reg_107042016009.xml: 0 directive(s) → 1 file(s)
  reg_107042021003.xml: 0 directive(s) → 1 file(s)
  reg_107052013022.xml: 0 directive(s) → 1 file(s)
  reg_107052024011.xml: 0 directive(s) → 1 file(s)
  reg_107052026002.xml: 0 directive(s) → 1 file(s)
  reg_107052026003.xml: 0 directive(s) → 1 file(s)
  reg_107062019007.xml: 0 directive(s) → 1 file(s)
  reg_107062022020.xml: 0 directive(s) → 1 file(s)
  reg_107062022022.xml: 1 directive(s) → 1 file(s)
  reg_107062022023.xml: 0 directive(s) → 1 file(s)
  reg_107072020021.xml: 0 directive(s) → 1 file(s)
  reg_107072022001.xml: 0 directive(s) → 1 file(s)
  reg_107072026003.xml: 0 directive(s) → 1 file(s)
  reg_107072026007.xml: 0 directive(s) → 1 file(s)
  reg_107072026008.xml: 0 directive(s) → 1 file(s)
  reg_107072026009.xml: 0 directive(s) → 1 file(s)
  reg_107072026010.xml: 0 directive(s) → 1 file(s)
  reg_107072026011.xml: 0 directive(s) → 1 file(s)
  reg_107072026012.xml: 1 directive(s) → 1 file(s)
  reg_107072026015.xml: 0 directive(s) → 1 file(s)
  reg_107082015002.xml: 0 directive(s) → 1 file(s)
  reg_107082015003.xml: 0 directive(s) → 1 file(s)
  reg_107082015018.xml: 0 directive(s) → 1 file(s)
  reg_107092024002.xml: 2 directive(s) → 1 file(s)
  reg_107112013006.xml: 1 directive(s) → 1 file(s)
  reg_107112017011.xml: 0 directive(s) → 1 file(s)
  reg_107112025004.xml: 0 directive(s) → 1 file(s)
  reg_107112025007.xml: 0 directive(s) → 1 file(s)
  reg_107112025009.xml: 0 directive(s) → 1 file(s)
  reg_107112025012.xml: 0 directive(s) → 1 file(s)
  reg_107112025013.xml: 0 directive(s) → 1 file(s)
  reg_107112025014.xml: 2 directive(s) → 1 file(s)
  reg_107122021025.xml: 0 directive(s) → 1 file(s)
  reg_108012013009.xml: 0 directive(s) → 1 file(s)
  reg_108012019007.xml: 0 directive(s) → 1 file(s)
  reg_108012019010.xml: 0 directive(s) → 1 file(s)
  reg_108012025002.xml: 0 directive(s) → 1 file(s)
  reg_108012025003.xml: 0 directive(s) → 1 file(s)
  reg_108012026001.xml: 0 directive(s) → 1 file(s)
  reg_108032011003.xml: 0 directive(s) → 1 file(s)
  reg_108032019002.xml: 0 directive(s) → 1 file(s)
  reg_108032019006.xml: 1 directive(s) → 1 file(s)
  reg_108032022005.xml: 1 directive(s) → 1 file(s)
  reg_108032023009.xml: 0 directive(s) → 1 file(s)
  reg_108032024004.xml: 0 directive(s) → 1 file(s)
  reg_108042017003.xml: 1 directive(s) → 1 file(s)
  reg_108042022002.xml: 0 directive(s) → 1 file(s)
  reg_108042026004.xml: 0 directive(s) → 1 file(s)
  reg_108042026006.xml: 0 directive(s) → 1 file(s)
  reg_108042026008.xml: 0 directive(s) → 1 file(s)
  reg_108042026011.xml: 0 directive(s) → 1 file(s)
  reg_108042026013.xml: 0 directive(s) → 1 file(s)
  reg_108052015006.xml: 0 directive(s) → 1 file(s)
  reg_108052020009.xml: 0 directive(s) → 1 file(s)
  reg_108052020013.xml: 0 directive(s) → 1 file(s)
  reg_108052020015.xml: 0 directive(s) → 1 file(s)
  reg_108052020024.xml: 0 directive(s) → 1 file(s)
  reg_108052020034.xml: 0 directive(s) → 1 file(s)
  reg_108052025004.xml: 0 directive(s) → 1 file(s)
  reg_108052025006.xml: 0 directive(s) → 1 file(s)
  reg_108052025009.xml: 0 directive(s) → 1 file(s)
  reg_108052025010.xml: 0 directive(s) → 1 file(s)
  reg_108062021008.xml: 1 directive(s) → 1 file(s)
  reg_108072022013.xml: 0 directive(s) → 1 file(s)
  reg_108072023007.xml: 0 directive(s) → 1 file(s)
  reg_108072023008.xml: 0 directive(s) → 1 file(s)
  reg_108082014016.xml: 0 directive(s) → 1 file(s)
  reg_108082015004.xml: 0 directive(s) → 1 file(s)
  reg_108082023003.xml: 0 directive(s) → 1 file(s)
  reg_108082025003.xml: 0 directive(s) → 1 file(s)
  reg_108092017002.xml: 0 directive(s) → 1 file(s)
  reg_108092021004.xml: 0 directive(s) → 1 file(s)
  reg_108092021005.xml: 0 directive(s) → 1 file(s)
  reg_108092021006.xml: 0 directive(s) → 1 file(s)
  reg_108092023002.xml: 0 directive(s) → 1 file(s)
  reg_108092023003.xml: 0 directive(s) → 1 file(s)
  reg_108092023004.xml: 0 directive(s) → 1 file(s)
  reg_108092023005.xml: 0 directive(s) → 1 file(s)
  reg_108092023006.xml: 0 directive(s) → 1 file(s)
  reg_108092023007.xml: 0 directive(s) → 1 file(s)
  reg_108092023008.xml: 0 directive(s) → 1 file(s)
  reg_108092023009.xml: 0 directive(s) → 1 file(s)
  reg_108092023010.xml: 0 directive(s) → 1 file(s)
  reg_108092023011.xml: 0 directive(s) → 1 file(s)
  reg_108092023012.xml: 0 directive(s) → 1 file(s)
  reg_108092023013.xml: 1 directive(s) → 1 file(s)
  reg_108092023014.xml: 0 directive(s) → 1 file(s)
  reg_108092023015.xml: 0 directive(s) → 1 file(s)
  reg_108092023016.xml: 0 directive(s) → 1 file(s)
  reg_108092023017.xml: 0 directive(s) → 1 file(s)
  reg_108092023020.xml: 0 directive(s) → 1 file(s)
  reg_108092026002.xml: 0 directive(s) → 1 file(s)
  reg_108102019003.xml: 1 directive(s) → 1 file(s)
  reg_108112011009.xml: 0 directive(s) → 1 file(s)
  reg_108112013001.xml: 0 directive(s) → 1 file(s)
  reg_108112016008.xml: 0 directive(s) → 1 file(s)
  reg_108112016012.xml: 0 directive(s) → 1 file(s)
  reg_108112023001.xml: 0 directive(s) → 1 file(s)
  reg_108112024005.xml: 0 directive(s) → 1 file(s)
  reg_108122010010.xml: 0 directive(s) → 1 file(s)
  reg_108122016001.xml: 1 directive(s) → 1 file(s)
  reg_108122016003.xml: 0 directive(s) → 1 file(s)
  reg_108122016009.xml: 0 directive(s) → 1 file(s)
  reg_108122016011.xml: 0 directive(s) → 1 file(s)
  reg_109012015001.xml: 0 directive(s) → 1 file(s)
  reg_109012015003.xml: 0 directive(s) → 1 file(s)
  reg_109012015005.xml: 0 directive(s) → 1 file(s)
  reg_109012024004.xml: 0 directive(s) → 1 file(s)
  reg_109012024006.xml: 0 directive(s) → 1 file(s)
  reg_109012024009.xml: 0 directive(s) → 1 file(s)
  reg_109012024022.xml: 0 directive(s) → 1 file(s)
  reg_109012024028.xml: 0 directive(s) → 1 file(s)
  reg_109012026004.xml: 1 directive(s) → 1 file(s)
  reg_109012026007.xml: 0 directive(s) → 1 file(s)
  reg_109012026008.xml: 0 directive(s) → 1 file(s)
  reg_109012026009.xml: 0 directive(s) → 1 file(s)
  reg_109012026010.xml: 0 directive(s) → 1 file(s)
  reg_109012026011.xml: 0 directive(s) → 1 file(s)
  reg_109012026027.xml: 0 directive(s) → 1 file(s)
  reg_109012026032.xml: 0 directive(s) → 1 file(s)
  reg_109012026040.xml: 0 directive(s) → 1 file(s)
  reg_109022016008.xml: 1 directive(s) → 1 file(s)
  reg_109032011014.xml: 0 directive(s) → 1 file(s)
  reg_109032018002.xml: 1 directive(s) → 1 file(s)
  reg_109032023006.xml: 0 directive(s) → 1 file(s)
  reg_109032023008.xml: 0 directive(s) → 1 file(s)
  reg_109032023013.xml: 0 directive(s) → 1 file(s)
  reg_109042019002.xml: 0 directive(s) → 1 file(s)
  reg_109042019005.xml: 0 directive(s) → 1 file(s)
  reg_109042026007.xml: 0 directive(s) → 1 file(s)
  reg_109042026008.xml: 0 directive(s) → 1 file(s)
  reg_109052023008.xml: 0 directive(s) → 1 file(s)
  reg_109052023009.xml: 0 directive(s) → 1 file(s)
  reg_109052025003.xml: 0 directive(s) → 1 file(s)
  reg_109052025004.xml: 0 directive(s) → 1 file(s)
  reg_109062015024.xml: 0 directive(s) → 1 file(s)
  reg_109062015025.xml: 0 directive(s) → 1 file(s)
  reg_109062021003.xml: 0 directive(s) → 1 file(s)
  reg_109062021004.xml: 0 directive(s) → 1 file(s)
  reg_109062021009.xml: 0 directive(s) → 1 file(s)
  reg_109062021010.xml: 0 directive(s) → 1 file(s)
  reg_109062021011.xml: 0 directive(s) → 1 file(s)
  reg_109062021016.xml: 0 directive(s) → 1 file(s)
  reg_109062023012.xml: 0 directive(s) → 1 file(s)
  reg_109062023016.xml: 0 directive(s) → 1 file(s)
  reg_109062026004.xml: 0 directive(s) → 1 file(s)
  reg_109062026005.xml: 0 directive(s) → 1 file(s)
  reg_109062026006.xml: 0 directive(s) → 1 file(s)
  reg_109062026007.xml: 0 directive(s) → 1 file(s)
  reg_109062026011.xml: 0 directive(s) → 1 file(s)
  reg_109062026012.xml: 0 directive(s) → 1 file(s)
  reg_109062026013.xml: 0 directive(s) → 1 file(s)
  reg_109062026014.xml: 0 directive(s) → 1 file(s)
  reg_109062026015.xml: 0 directive(s) → 1 file(s)
  reg_109062026016.xml: 0 directive(s) → 1 file(s)
  reg_109062026017.xml: 0 directive(s) → 1 file(s)
  reg_109062026018.xml: 0 directive(s) → 1 file(s)
  reg_109062026019.xml: 0 directive(s) → 1 file(s)
  reg_109062026020.xml: 0 directive(s) → 1 file(s)
  reg_109062026021.xml: 0 directive(s) → 1 file(s)
  reg_109062026022.xml: 0 directive(s) → 1 file(s)
  reg_109062026023.xml: 0 directive(s) → 1 file(s)
  reg_109062026024.xml: 0 directive(s) → 1 file(s)
  reg_109062026026.xml: 0 directive(s) → 1 file(s)
  reg_109062026027.xml: 0 directive(s) → 1 file(s)
  reg_109062026028.xml: 0 directive(s) → 1 file(s)
  reg_109062026030.xml: 0 directive(s) → 1 file(s)
  reg_109062026031.xml: 0 directive(s) → 1 file(s)
  reg_109062026032.xml: 0 directive(s) → 1 file(s)
  reg_109062026033.xml: 0 directive(s) → 1 file(s)
  reg_109062026034.xml: 0 directive(s) → 1 file(s)
  reg_109062026035.xml: 0 directive(s) → 1 file(s)
  reg_109062026036.xml: 0 directive(s) → 1 file(s)
  reg_109062026037.xml: 0 directive(s) → 1 file(s)
  reg_109062026038.xml: 0 directive(s) → 1 file(s)
  reg_109062026041.xml: 0 directive(s) → 1 file(s)
  reg_109062026044.xml: 0 directive(s) → 1 file(s)
  reg_109062026046.xml: 0 directive(s) → 1 file(s)
  reg_109062026047.xml: 0 directive(s) → 1 file(s)
  reg_109062026048.xml: 0 directive(s) → 1 file(s)
  reg_109072011007.xml: 0 directive(s) → 1 file(s)
  reg_109072011015.xml: 0 directive(s) → 1 file(s)
  reg_109072014023.xml: 0 directive(s) → 1 file(s)
  reg_109072016009.xml: 0 directive(s) → 1 file(s)
  reg_109072016028.xml: 0 directive(s) → 1 file(s)
  reg_109072016031.xml: 1 directive(s) → 1 file(s)
  reg_109072019003.xml: 0 directive(s) → 1 file(s)
  reg_109072019004.xml: 0 directive(s) → 1 file(s)
  reg_109072020009.xml: 0 directive(s) → 1 file(s)
  reg_109072020014.xml: 2 directive(s) → 1 file(s)
  reg_109072020017.xml: 0 directive(s) → 1 file(s)
  reg_109072025002.xml: 0 directive(s) → 1 file(s)
  reg_109072025005.xml: 0 directive(s) → 1 file(s)
  reg_109072025006.xml: 0 directive(s) → 1 file(s)
  reg_109082019004.xml: 0 directive(s) → 1 file(s)
  reg_109082019013.xml: 0 directive(s) → 1 file(s)
  reg_109092020004.xml: 0 directive(s) → 1 file(s)
  reg_109092025002.xml: 0 directive(s) → 1 file(s)
  reg_109092025005.xml: 0 directive(s) → 1 file(s)
  reg_109092025007.xml: 0 directive(s) → 1 file(s)
  reg_109092025009.xml: 0 directive(s) → 1 file(s)
  reg_109092025011.xml: 0 directive(s) → 1 file(s)
  reg_109102012001.xml: 0 directive(s) → 1 file(s)
  reg_109102015005.xml: 0 directive(s) → 1 file(s)
  reg_109102018001.xml: 2 directive(s) → 1 file(s)
  reg_109102018002.xml: 1 directive(s) → 1 file(s)
  reg_109102018003.xml: 0 directive(s) → 1 file(s)
  reg_109102018004.xml: 0 directive(s) → 1 file(s)
  reg_109102018005.xml: 1 directive(s) → 1 file(s)
  reg_109102018017.xml: 0 directive(s) → 1 file(s)
  reg_109102019002.xml: 0 directive(s) → 1 file(s)
  reg_109102024002.xml: 1 directive(s) → 1 file(s)
  reg_109102025015.xml: 0 directive(s) → 1 file(s)
  reg_109112010028.xml: 0 directive(s) → 1 file(s)
  reg_109112012011.xml: 0 directive(s) → 1 file(s)
  reg_109112021006.xml: 0 directive(s) → 1 file(s)
  reg_109112022015.xml: 0 directive(s) → 1 file(s)
  reg_109122016008.xml: 0 directive(s) → 1 file(s)
  reg_109122020006.xml: 0 directive(s) → 1 file(s)
  reg_109122021003.xml: 1 directive(s) → 1 file(s)
  reg_109122021004.xml: 1 directive(s) → 1 file(s)
  reg_109122021005.xml: 1 directive(s) → 1 file(s)
  reg_109122021006.xml: 1 directive(s) → 1 file(s)
  reg_109122021007.xml: 1 directive(s) → 1 file(s)
  reg_109122021014.xml: 0 directive(s) → 1 file(s)
  reg_109122022013.xml: 0 directive(s) → 1 file(s)
  reg_109122022015.xml: 0 directive(s) → 1 file(s)
  reg_109122022016.xml: 0 directive(s) → 1 file(s)
  reg_109122023009.xml: 0 directive(s) → 1 file(s)
  reg_109122025002.xml: 1 directive(s) → 1 file(s)
  reg_109122025004.xml: 0 directive(s) → 1 file(s)
  reg_109122025007.xml: 1 directive(s) → 1 file(s)
  reg_109122025011.xml: 0 directive(s) → 1 file(s)
  reg_109122025016.xml: 0 directive(s) → 1 file(s)
  reg_110012012006.xml: 0 directive(s) → 1 file(s)
  reg_110012012010.xml: 0 directive(s) → 1 file(s)
  reg_110012012022.xml: 0 directive(s) → 1 file(s)
  reg_110012017001.xml: 0 directive(s) → 1 file(s)
  reg_110012017003.xml: 0 directive(s) → 1 file(s)
  reg_110012017005.xml: 0 directive(s) → 1 file(s)
  reg_110012024007.xml: 0 directive(s) → 1 file(s)
  reg_110012025005.xml: 1 directive(s) → 1 file(s)
  reg_110012025006.xml: 0 directive(s) → 1 file(s)
  reg_110012025007.xml: 2 directive(s) → 1 file(s)
  reg_110012025008.xml: 2 directive(s) → 1 file(s)
  reg_110012025009.xml: 0 directive(s) → 1 file(s)
  reg_110012025010.xml: 2 directive(s) → 1 file(s)
  reg_110012025011.xml: 2 directive(s) → 1 file(s)
  reg_110012025016.xml: 0 directive(s) → 1 file(s)
  reg_110012025017.xml: 0 directive(s) → 1 file(s)
  reg_110022012017.xml: 0 directive(s) → 1 file(s)
  reg_110022023035.xml: 0 directive(s) → 1 file(s)
  reg_110022023036.xml: 0 directive(s) → 1 file(s)
  reg_110022023041.xml: 0 directive(s) → 1 file(s)
  reg_110032012001.xml: 0 directive(s) → 1 file(s)
  reg_110032017013.xml: 1 directive(s) → 1 file(s)
  reg_110032026002.xml: 0 directive(s) → 1 file(s)
  reg_110032026004.xml: 0 directive(s) → 1 file(s)
  reg_110032026008.xml: 0 directive(s) → 1 file(s)
  reg_110032026010.xml: 0 directive(s) → 1 file(s)
  reg_110032026011.xml: 0 directive(s) → 1 file(s)
  reg_110042012008.xml: 0 directive(s) → 1 file(s)
  reg_110042018006.xml: 1 directive(s) → 1 file(s)
  reg_110042019004.xml: 0 directive(s) → 1 file(s)
  reg_110042019013.xml: 0 directive(s) → 1 file(s)
  reg_110042021007.xml: 0 directive(s) → 1 file(s)
  reg_110042024002.xml: 0 directive(s) → 1 file(s)
  reg_110042024005.xml: 0 directive(s) → 1 file(s)
  reg_110042025009.xml: 0 directive(s) → 1 file(s)
  reg_110042025015.xml: 0 directive(s) → 1 file(s)
  reg_110042025017.xml: 0 directive(s) → 1 file(s)
  reg_110042026006.xml: 0 directive(s) → 1 file(s)
  reg_110042026007.xml: 0 directive(s) → 1 file(s)
  reg_110052013012.xml: 0 directive(s) → 1 file(s)
  reg_110052016006.xml: 0 directive(s) → 1 file(s)
  reg_110052016023.xml: 1 directive(s) → 1 file(s)
  reg_110052024004.xml: 0 directive(s) → 1 file(s)
  reg_110052024015.xml: 0 directive(s) → 1 file(s)
  reg_110052024016.xml: 0 directive(s) → 1 file(s)
  reg_110052024025.xml: 0 directive(s) → 1 file(s)
  reg_110062014003.xml: 0 directive(s) → 1 file(s)
  reg_110062014009.xml: 0 directive(s) → 1 file(s)
  reg_110062014010.xml: 1 directive(s) → 1 file(s)
  reg_110062014011.xml: 1 directive(s) → 1 file(s)
  reg_110062014012.xml: 0 directive(s) → 1 file(s)
  reg_110062016004.xml: 1 directive(s) → 1 file(s)
  reg_110062016009.xml: 1 directive(s) → 1 file(s)
  reg_110062021002.xml: 0 directive(s) → 1 file(s)
  reg_110062026002.xml: 0 directive(s) → 1 file(s)
  reg_110062026004.xml: 0 directive(s) → 1 file(s)
  reg_110062026008.xml: 0 directive(s) → 1 file(s)
  reg_110062026009.xml: 0 directive(s) → 1 file(s)
  reg_110062026010.xml: 0 directive(s) → 1 file(s)
  reg_110062026011.xml: 0 directive(s) → 1 file(s)
  reg_110062026013.xml: 0 directive(s) → 1 file(s)
  reg_110062026014.xml: 0 directive(s) → 1 file(s)
  reg_110062026015.xml: 0 directive(s) → 1 file(s)
  reg_110072013061.xml: 0 directive(s) → 1 file(s)
  reg_110072018007.xml: 0 directive(s) → 1 file(s)
  reg_110072021003.xml: 0 directive(s) → 1 file(s)
  reg_110072025007.xml: 0 directive(s) → 1 file(s)
  reg_110082021007.xml: 0 directive(s) → 1 file(s)
  reg_110092021006.xml: 0 directive(s) → 1 file(s)
  reg_110092021009.xml: 0 directive(s) → 1 file(s)
  reg_110092022006.xml: 0 directive(s) → 1 file(s)
  reg_110092025004.xml: 0 directive(s) → 1 file(s)
  reg_110102017014.xml: 0 directive(s) → 1 file(s)
  reg_110102019001.xml: 0 directive(s) → 1 file(s)
  reg_110102019003.xml: 0 directive(s) → 1 file(s)
  reg_110102020001.xml: 0 directive(s) → 1 file(s)
  reg_110102023007.xml: 0 directive(s) → 1 file(s)
  reg_110102025006.xml: 3 directive(s) → 1 file(s)
  reg_110112020007.xml: 0 directive(s) → 1 file(s)
  reg_110122020039.xml: 0 directive(s) → 1 file(s)
  reg_110122024003.xml: 0 directive(s) → 1 file(s)
  reg_110122024004.xml: 0 directive(s) → 1 file(s)
  reg_110122024007.xml: 0 directive(s) → 1 file(s)
  reg_110122024008.xml: 0 directive(s) → 1 file(s)
  reg_110122024009.xml: 0 directive(s) → 1 file(s)
  reg_110122025002.xml: 0 directive(s) → 1 file(s)
  reg_110122025005.xml: 0 directive(s) → 1 file(s)
  reg_110122025007.xml: 0 directive(s) → 1 file(s)
  reg_111012019010.xml: 0 directive(s) → 1 file(s)
  reg_111012019012.xml: 0 directive(s) → 1 file(s)
  reg_111012022002.xml: 1 directive(s) → 1 file(s)
  reg_111012022005.xml: 0 directive(s) → 1 file(s)
  reg_111012022006.xml: 0 directive(s) → 1 file(s)
  reg_111022016004.xml: 0 directive(s) → 1 file(s)
  reg_111022016008.xml: 0 directive(s) → 1 file(s)
  reg_111022016010.xml: 0 directive(s) → 1 file(s)
  reg_111022016011.xml: 0 directive(s) → 1 file(s)
  reg_111022021001.xml: 0 directive(s) → 1 file(s)
  reg_111022022011.xml: 0 directive(s) → 1 file(s)
  reg_111022022012.xml: 0 directive(s) → 1 file(s)
  reg_111022023002.xml: 0 directive(s) → 1 file(s)
  reg_111022025002.xml: 0 directive(s) → 1 file(s)
  reg_111022025004.xml: 0 directive(s) → 1 file(s)
  reg_111022026004.xml: 2 directive(s) → 1 file(s)
  reg_111022026006.xml: 0 directive(s) → 1 file(s)
  reg_111032011009.xml: 0 directive(s) → 1 file(s)
  reg_111032016010.xml: 0 directive(s) → 1 file(s)
  reg_111032016011.xml: 0 directive(s) → 1 file(s)
  reg_111032025005.xml: 0 directive(s) → 1 file(s)
  reg_111032026003.xml: 1 directive(s) → 1 file(s)
  reg_111032026005.xml: 0 directive(s) → 1 file(s)
  reg_111032026006.xml: 0 directive(s) → 1 file(s)
  reg_111032026007.xml: 0 directive(s) → 1 file(s)
  reg_111032026009.xml: 0 directive(s) → 1 file(s)
  reg_111042017005.xml: 0 directive(s) → 1 file(s)
  reg_111042023006.xml: 0 directive(s) → 1 file(s)
  reg_111052011002.xml: 0 directive(s) → 1 file(s)
  reg_111062019001.xml: 0 directive(s) → 1 file(s)
  reg_111062021005.xml: 0 directive(s) → 1 file(s)
  reg_111062021006.xml: 0 directive(s) → 1 file(s)
  reg_111062021009.xml: 0 directive(s) → 1 file(s)
  reg_111062022002.xml: 0 directive(s) → 1 file(s)
  reg_111062022005.xml: 0 directive(s) → 1 file(s)
  reg_111062025002.xml: 1 directive(s) → 1 file(s)
  reg_111062025008.xml: 0 directive(s) → 1 file(s)
  reg_111062025014.xml: 0 directive(s) → 1 file(s)
  reg_111062025015.xml: 2 directive(s) → 1 file(s)
  reg_111062025017.xml: 0 directive(s) → 1 file(s)
  reg_111072017012.xml: 0 directive(s) → 1 file(s)
  reg_111072017013.xml: 0 directive(s) → 1 file(s)
  reg_111072020009.xml: 0 directive(s) → 1 file(s)
  reg_111072023004.xml: 0 directive(s) → 1 file(s)
  reg_111072023005.xml: 0 directive(s) → 1 file(s)
  reg_111072023007.xml: 0 directive(s) → 1 file(s)
  reg_111072023015.xml: 0 directive(s) → 1 file(s)
  reg_111072023016.xml: 0 directive(s) → 1 file(s)
  reg_111072023017.xml: 0 directive(s) → 1 file(s)
  reg_111072025004.xml: 0 directive(s) → 1 file(s)
  reg_111072025011.xml: 0 directive(s) → 1 file(s)
  reg_111072025012.xml: 0 directive(s) → 1 file(s)
  reg_111072025016.xml: 0 directive(s) → 1 file(s)
  reg_111072025023.xml: 0 directive(s) → 1 file(s)
  reg_111082020001.xml: 2 directive(s) → 1 file(s)
  reg_111082023003.xml: 1 directive(s) → 1 file(s)
  reg_111082023007.xml: 1 directive(s) → 1 file(s)
  reg_111082023010.xml: 0 directive(s) → 1 file(s)
  reg_111082026002.xml: 0 directive(s) → 1 file(s)
  reg_111082026003.xml: 1 directive(s) → 1 file(s)
  reg_111082026006.xml: 0 directive(s) → 1 file(s)
  reg_111082026007.xml: 0 directive(s) → 1 file(s)
  reg_111082026008.xml: 0 directive(s) → 1 file(s)
  reg_111082026010.xml: 0 directive(s) → 1 file(s)
  reg_111092020004.xml: 0 directive(s) → 1 file(s)
  reg_111092026002.xml: 0 directive(s) → 1 file(s)
  reg_111092026005.xml: 0 directive(s) → 1 file(s)
  reg_111092026006.xml: 0 directive(s) → 1 file(s)
  reg_111092026008.xml: 0 directive(s) → 1 file(s)
  reg_111102019004.xml: 0 directive(s) → 1 file(s)
  reg_111102022001.xml: 1 directive(s) → 1 file(s)
  reg_111112011006.xml: 0 directive(s) → 1 file(s)
  reg_111112014010.xml: 1 directive(s) → 1 file(s)
  reg_111112016004.xml: 2 directive(s) → 1 file(s)
  reg_111112020005.xml: 0 directive(s) → 1 file(s)
  reg_111112020007.xml: 1 directive(s) → 1 file(s)
  reg_111112022004.xml: 0 directive(s) → 1 file(s)
  reg_111122012005.xml: 0 directive(s) → 1 file(s)
  reg_111122018003.xml: 1 directive(s) → 1 file(s)
  reg_111122019005.xml: 0 directive(s) → 1 file(s)
  reg_111122019007.xml: 0 directive(s) → 1 file(s)
  reg_111122020002.xml: 2 directive(s) → 1 file(s)
  reg_111122021018.xml: 0 directive(s) → 1 file(s)
  reg_111122021019.xml: 0 directive(s) → 1 file(s)
  reg_111122025002.xml: 0 directive(s) → 1 file(s)
  reg_111122025003.xml: 0 directive(s) → 1 file(s)
  reg_111122025005.xml: 0 directive(s) → 1 file(s)
  reg_112012016014.xml: 0 directive(s) → 1 file(s)
  reg_112012016019.xml: 0 directive(s) → 1 file(s)
  reg_112012018006.xml: 0 directive(s) → 1 file(s)
  reg_112012021002.xml: 0 directive(s) → 1 file(s)
  reg_112012022002.xml: 0 directive(s) → 1 file(s)
  reg_112012022003.xml: 0 directive(s) → 1 file(s)
  reg_112012022004.xml: 0 directive(s) → 1 file(s)
  reg_112012022005.xml: 0 directive(s) → 1 file(s)
  reg_112012022006.xml: 0 directive(s) → 1 file(s)
  reg_112012022007.xml: 0 directive(s) → 1 file(s)
  reg_112022019006.xml: 0 directive(s) → 1 file(s)
  reg_112022021007.xml: 2 directive(s) → 1 file(s)
  reg_112022025004.xml: 0 directive(s) → 1 file(s)
  reg_112032013009.xml: 0 directive(s) → 1 file(s)
  reg_112032015073.xml: 1 directive(s) → 1 file(s)
  reg_112032019009.xml: 0 directive(s) → 1 file(s)
  reg_112032019010.xml: 1 directive(s) → 1 file(s)
  reg_112032019011.xml: 1 directive(s) → 1 file(s)
  reg_112032019031.xml: 0 directive(s) → 1 file(s)
  reg_112032019048.xml: 0 directive(s) → 1 file(s)
  reg_112032019053.xml: 0 directive(s) → 1 file(s)
  reg_112032020002.xml: 0 directive(s) → 1 file(s)
  reg_112032024003.xml: 0 directive(s) → 1 file(s)
  reg_112032024008.xml: 1 directive(s) → 1 file(s)
  reg_112032024019.xml: 1 directive(s) → 1 file(s)
  reg_112032026003.xml: 0 directive(s) → 1 file(s)
  reg_112032026004.xml: 0 directive(s) → 1 file(s)
  reg_112032026006.xml: 0 directive(s) → 1 file(s)
  reg_112042011007.xml: 1 directive(s) → 1 file(s)
  reg_112042012006.xml: 0 directive(s) → 1 file(s)
  reg_112052017001.xml: 0 directive(s) → 1 file(s)
  reg_112052021010.xml: 0 directive(s) → 1 file(s)
  reg_112052021014.xml: 0 directive(s) → 1 file(s)
  reg_112052022004.xml: 0 directive(s) → 1 file(s)
  reg_112062024010.xml: 0 directive(s) → 1 file(s)
  reg_112062024011.xml: 0 directive(s) → 1 file(s)
  reg_112062024012.xml: 0 directive(s) → 1 file(s)
  reg_112062026005.xml: 0 directive(s) → 1 file(s)
  reg_112062026006.xml: 0 directive(s) → 1 file(s)
  reg_112062026008.xml: 0 directive(s) → 1 file(s)
  reg_112062026009.xml: 0 directive(s) → 1 file(s)
  reg_112062026010.xml: 1 directive(s) → 1 file(s)
  reg_112072013028.xml: 0 directive(s) → 1 file(s)
  reg_112072013042.xml: 0 directive(s) → 1 file(s)
  reg_112072014173.xml: 0 directive(s) → 1 file(s)
  reg_112072014181.xml: 0 directive(s) → 1 file(s)
  reg_112072019001.xml: 0 directive(s) → 1 file(s)
  reg_112072019009.xml: 0 directive(s) → 1 file(s)
  reg_112072019011.xml: 0 directive(s) → 1 file(s)
  reg_112072022009.xml: 0 directive(s) → 1 file(s)
  reg_112072022010.xml: 0 directive(s) → 1 file(s)
  reg_112072024002.xml: 0 directive(s) → 1 file(s)
  reg_112072024004.xml: 0 directive(s) → 1 file(s)
  reg_112082014007.xml: 0 directive(s) → 1 file(s)
  reg_112082014008.xml: 0 directive(s) → 1 file(s)
  reg_112082025002.xml: 0 directive(s) → 1 file(s)
  reg_112082026003.xml: 0 directive(s) → 1 file(s)
  reg_112082026004.xml: 0 directive(s) → 1 file(s)
  reg_112082026006.xml: 1 directive(s) → 1 file(s)
  reg_112082026007.xml: 0 directive(s) → 1 file(s)
  reg_112092017004.xml: 0 directive(s) → 1 file(s)
  reg_112092018002.xml: 1 directive(s) → 1 file(s)
  reg_112092018005.xml: 1 directive(s) → 1 file(s)
  reg_112092023005.xml: 0 directive(s) → 1 file(s)
  reg_112092023006.xml: 0 directive(s) → 1 file(s)
  reg_112092023007.xml: 0 directive(s) → 1 file(s)
  reg_112092025002.xml: 0 directive(s) → 1 file(s)
  reg_112092026001.xml: 0 directive(s) → 1 file(s)
  reg_112092026002.xml: 0 directive(s) → 1 file(s)
  reg_112102023009.xml: 0 directive(s) → 1 file(s)
  reg_112102023013.xml: 0 directive(s) → 1 file(s)
  reg_112102023021.xml: 0 directive(s) → 1 file(s)
  reg_112112022001.xml: 0 directive(s) → 1 file(s)
  reg_112112022005.xml: 1 directive(s) → 1 file(s)
  reg_112112024003.xml: 0 directive(s) → 1 file(s)
  reg_112112024004.xml: 0 directive(s) → 1 file(s)
  reg_112112024006.xml: 0 directive(s) → 1 file(s)
  reg_112112025004.xml: 0 directive(s) → 1 file(s)
  reg_112112025007.xml: 0 directive(s) → 1 file(s)
  reg_112122017002.xml: 0 directive(s) → 1 file(s)
  reg_112122017009.xml: 0 directive(s) → 1 file(s)
  reg_112122017013.xml: 0 directive(s) → 1 file(s)
  reg_112122017019.xml: 0 directive(s) → 1 file(s)
  reg_112122017027.xml: 0 directive(s) → 1 file(s)
  reg_112122017046.xml: 0 directive(s) → 1 file(s)
  reg_112122017047.xml: 0 directive(s) → 1 file(s)
  reg_112122019014.xml: 0 directive(s) → 1 file(s)
  reg_112122023006.xml: 0 directive(s) → 1 file(s)
  reg_112122023008.xml: 0 directive(s) → 1 file(s)
  reg_112122024036.xml: 0 directive(s) → 1 file(s)
  reg_112122025008.xml: 0 directive(s) → 1 file(s)
  reg_112122025011.xml: 0 directive(s) → 1 file(s)
  reg_113012015012.xml: 0 directive(s) → 1 file(s)
  reg_113012015013.xml: 0 directive(s) → 1 file(s)
  reg_113012015015.xml: 0 directive(s) → 1 file(s)
  reg_113012015019.xml: 0 directive(s) → 1 file(s)
  reg_113012015020.xml: 0 directive(s) → 1 file(s)
  reg_113012015027.xml: 0 directive(s) → 1 file(s)
  reg_113012015030.xml: 0 directive(s) → 1 file(s)
  reg_113012022002.xml: 0 directive(s) → 1 file(s)
  reg_113012022003.xml: 0 directive(s) → 1 file(s)
  reg_113012023002.xml: 0 directive(s) → 1 file(s)
  reg_113012023003.xml: 0 directive(s) → 1 file(s)
  reg_113012023004.xml: 0 directive(s) → 1 file(s)
  reg_113012023006.xml: 0 directive(s) → 1 file(s)
  reg_113012023007.xml: 0 directive(s) → 1 file(s)
  reg_113012026001.xml: 0 directive(s) → 1 file(s)
  reg_113022015003.xml: 0 directive(s) → 1 file(s)
  reg_113022015004.xml: 0 directive(s) → 1 file(s)
  reg_113022018005.xml: 0 directive(s) → 1 file(s)
  reg_113022024003.xml: 0 directive(s) → 1 file(s)
  reg_113022024006.xml: 0 directive(s) → 1 file(s)
  reg_113022025008.xml: 0 directive(s) → 1 file(s)
  reg_113032019238.xml: 0 directive(s) → 1 file(s)
  reg_113032024003.xml: 0 directive(s) → 1 file(s)
  reg_113032024004.xml: 0 directive(s) → 1 file(s)
  reg_113032025004.xml: 0 directive(s) → 1 file(s)
  reg_113032026004.xml: 0 directive(s) → 1 file(s)
  reg_113042017002.xml: 0 directive(s) → 1 file(s)
  reg_113042023003.xml: 0 directive(s) → 1 file(s)
  reg_113052025003.xml: 0 directive(s) → 1 file(s)
  reg_113052025004.xml: 0 directive(s) → 1 file(s)
  reg_113052026003.xml: 9 directive(s) → 1 file(s)
  reg_113052026008.xml: 0 directive(s) → 1 file(s)
  reg_113052026010.xml: 1 directive(s) → 1 file(s)
  reg_113062013007.xml: 0 directive(s) → 1 file(s)
  reg_113062013009.xml: 0 directive(s) → 1 file(s)
  reg_113062014006.xml: 0 directive(s) → 1 file(s)
  reg_113062014008.xml: 0 directive(s) → 1 file(s)
  reg_113062014009.xml: 0 directive(s) → 1 file(s)
  reg_113062014010.xml: 0 directive(s) → 1 file(s)
  reg_113062014011.xml: 0 directive(s) → 1 file(s)
  reg_113062017002.xml: 0 directive(s) → 1 file(s)
  reg_113062023011.xml: 4 directive(s) → 1 file(s)
  reg_113062023014.xml: 0 directive(s) → 1 file(s)
  reg_113062025002.xml: 0 directive(s) → 1 file(s)
  reg_113062025003.xml: 0 directive(s) → 1 file(s)
  reg_113062025004.xml: 1 directive(s) → 1 file(s)
  reg_113062025005.xml: 0 directive(s) → 1 file(s)
  reg_113062025008.xml: 0 directive(s) → 1 file(s)
  reg_113062025011.xml: 0 directive(s) → 1 file(s)
  reg_113062025012.xml: 0 directive(s) → 1 file(s)
  reg_113062025014.xml: 0 directive(s) → 1 file(s)
  reg_113062025015.xml: 0 directive(s) → 1 file(s)
  reg_113062025017.xml: 0 directive(s) → 1 file(s)
  reg_113062025018.xml: 0 directive(s) → 1 file(s)
  reg_113062025019.xml: 0 directive(s) → 1 file(s)
  reg_113062025021.xml: 0 directive(s) → 1 file(s)
  reg_113062025025.xml: 1 directive(s) → 1 file(s)
  reg_113062025026.xml: 1 directive(s) → 1 file(s)
  reg_113062025028.xml: 0 directive(s) → 1 file(s)
  reg_113062025031.xml: 0 directive(s) → 1 file(s)
  reg_113062025033.xml: 0 directive(s) → 1 file(s)
  reg_113072021005.xml: 0 directive(s) → 1 file(s)
  reg_113072023004.xml: 0 directive(s) → 1 file(s)
  reg_113072023009.xml: 0 directive(s) → 1 file(s)
  reg_113072023010.xml: 1 directive(s) → 1 file(s)
  reg_113072023011.xml: 0 directive(s) → 1 file(s)
  reg_113072023013.xml: 0 directive(s) → 1 file(s)
  reg_113072023015.xml: 0 directive(s) → 1 file(s)
  reg_113072023016.xml: 1 directive(s) → 1 file(s)
  reg_113072023023.xml: 0 directive(s) → 1 file(s)
  reg_113072023024.xml: 0 directive(s) → 1 file(s)
  reg_113072023027.xml: 0 directive(s) → 1 file(s)
  reg_113072023030.xml: 0 directive(s) → 1 file(s)
  reg_113072023032.xml: 1 directive(s) → 1 file(s)
  reg_113072023035.xml: 0 directive(s) → 1 file(s)
  reg_113072023037.xml: 0 directive(s) → 1 file(s)
  reg_113072023040.xml: 0 directive(s) → 1 file(s)
  reg_113072023041.xml: 0 directive(s) → 1 file(s)
  reg_113072023045.xml: 0 directive(s) → 1 file(s)
  reg_113072023048.xml: 1 directive(s) → 1 file(s)
  reg_113072023049.xml: 0 directive(s) → 1 file(s)
  reg_113072023052.xml: 0 directive(s) → 1 file(s)
  reg_113072023054.xml: 0 directive(s) → 1 file(s)
  reg_113072023055.xml: 0 directive(s) → 1 file(s)
  reg_113072023056.xml: 0 directive(s) → 1 file(s)
  reg_113072023057.xml: 0 directive(s) → 1 file(s)
  reg_113072023060.xml: 2 directive(s) → 1 file(s)
  reg_113072023063.xml: 0 directive(s) → 1 file(s)
  reg_113072023064.xml: 1 directive(s) → 1 file(s)
  reg_113072023078.xml: 0 directive(s) → 1 file(s)
  reg_113072023079.xml: 0 directive(s) → 1 file(s)
  reg_113072023081.xml: 0 directive(s) → 1 file(s)
  reg_113072023082.xml: 0 directive(s) → 1 file(s)
  reg_113072023084.xml: 0 directive(s) → 1 file(s)
  reg_113072023085.xml: 0 directive(s) → 1 file(s)
  reg_113072024004.xml: 0 directive(s) → 1 file(s)
  reg_113072024007.xml: 1 directive(s) → 1 file(s)
  reg_113082019002.xml: 0 directive(s) → 1 file(s)
  reg_113082025001.xml: 0 directive(s) → 1 file(s)
  reg_113092013006.xml: 0 directive(s) → 1 file(s)
  reg_113092016014.xml: 0 directive(s) → 1 file(s)
  reg_113092019002.xml: 0 directive(s) → 1 file(s)
  reg_113092022013.xml: 0 directive(s) → 1 file(s)
  reg_113092024004.xml: 0 directive(s) → 1 file(s)
  reg_113092024006.xml: 0 directive(s) → 1 file(s)
  reg_113112014003.xml: 1 directive(s) → 1 file(s)
  reg_113112014004.xml: 1 directive(s) → 1 file(s)
  reg_113112019001.xml: 0 directive(s) → 1 file(s)
  reg_113112025001.xml: 0 directive(s) → 1 file(s)
  reg_113112025002.xml: 0 directive(s) → 1 file(s)
  reg_113122016007.xml: 1 directive(s) → 1 file(s)
  reg_113122022009.xml: 0 directive(s) → 1 file(s)
  reg_113122022010.xml: 0 directive(s) → 1 file(s)
  reg_113122022012.xml: 0 directive(s) → 1 file(s)
  reg_113122022013.xml: 0 directive(s) → 1 file(s)
  reg_113122022015.xml: 0 directive(s) → 1 file(s)
  reg_113122022025.xml: 0 directive(s) → 1 file(s)
  reg_113122022026.xml: 0 directive(s) → 1 file(s)
  reg_113122022031.xml: 0 directive(s) → 1 file(s)
  reg_113122023002.xml: 0 directive(s) → 1 file(s)
  reg_113122023008.xml: 0 directive(s) → 1 file(s)
  reg_113122023013.xml: 0 directive(s) → 1 file(s)
  reg_113122023014.xml: 0 directive(s) → 1 file(s)
  reg_113122023015.xml: 0 directive(s) → 1 file(s)
  reg_113122023016.xml: 0 directive(s) → 1 file(s)
  reg_113122024004.xml: 0 directive(s) → 1 file(s)
  reg_113122024005.xml: 0 directive(s) → 1 file(s)
  reg_114012017025.xml: 0 directive(s) → 1 file(s)
  reg_114012020001.xml: 0 directive(s) → 1 file(s)
  reg_114012022002.xml: 0 directive(s) → 1 file(s)
  reg_114012025002.xml: 0 directive(s) → 1 file(s)
  reg_114012025006.xml: 1 directive(s) → 1 file(s)
  reg_114012025011.xml: 0 directive(s) → 1 file(s)
  reg_114012026002.xml: 0 directive(s) → 1 file(s)
  reg_114012026003.xml: 0 directive(s) → 1 file(s)
  reg_114012026006.xml: 0 directive(s) → 1 file(s)
  reg_114012026007.xml: 0 directive(s) → 1 file(s)
  reg_114022017010.xml: 1 directive(s) → 1 file(s)
  reg_114022018013.xml: 0 directive(s) → 1 file(s)
  reg_114022023004.xml: 0 directive(s) → 1 file(s)
  reg_114022023008.xml: 1 directive(s) → 1 file(s)
  reg_114022023009.xml: 0 directive(s) → 1 file(s)
  reg_114022024004.xml: 0 directive(s) → 1 file(s)
  reg_114022024005.xml: 1 directive(s) → 1 file(s)
  reg_114022024006.xml: 1 directive(s) → 1 file(s)
  reg_114022024007.xml: 2 directive(s) → 1 file(s)
  reg_114022024008.xml: 0 directive(s) → 1 file(s)
  reg_114022024009.xml: 1 directive(s) → 1 file(s)
  reg_114022024013.xml: 0 directive(s) → 1 file(s)
  reg_114022024015.xml: 0 directive(s) → 1 file(s)
  reg_114032023009.xml: 0 directive(s) → 1 file(s)
  reg_114032023010.xml: 0 directive(s) → 1 file(s)
  reg_114032023011.xml: 0 directive(s) → 1 file(s)
  reg_114032023013.xml: 0 directive(s) → 1 file(s)
  reg_114032023014.xml: 0 directive(s) → 1 file(s)
  reg_114032023015.xml: 0 directive(s) → 1 file(s)
  reg_114032023016.xml: 0 directive(s) → 1 file(s)
  reg_114032023018.xml: 0 directive(s) → 1 file(s)
  reg_114032025031.xml: 0 directive(s) → 1 file(s)
  reg_114032026001.xml: 0 directive(s) → 1 file(s)
  reg_114042015008.xml: 1 directive(s) → 1 file(s)
  reg_114042017001.xml: 0 directive(s) → 1 file(s)
  reg_114042022009.xml: 1 directive(s) → 1 file(s)
  reg_114042023008.xml: 1 directive(s) → 1 file(s)
  reg_114042023010.xml: 1 directive(s) → 1 file(s)
  reg_114042023011.xml: 0 directive(s) → 1 file(s)
  reg_114042026008.xml: 0 directive(s) → 1 file(s)
  reg_114042026009.xml: 0 directive(s) → 1 file(s)
  reg_114052015007.xml: 0 directive(s) → 1 file(s)
  reg_114052019001.xml: 0 directive(s) → 1 file(s)
  reg_114052020006.xml: 0 directive(s) → 1 file(s)
  reg_114052021001.xml: 0 directive(s) → 1 file(s)
  reg_114052025001.xml: 0 directive(s) → 1 file(s)
  reg_114052025002.xml: 0 directive(s) → 1 file(s)
  reg_114052026001.xml: 0 directive(s) → 1 file(s)
  reg_114052026003.xml: 0 directive(s) → 1 file(s)
  reg_114052026006.xml: 0 directive(s) → 1 file(s)
  reg_114052026008.xml: 0 directive(s) → 1 file(s)
  reg_114062011003.xml: 0 directive(s) → 1 file(s)
  reg_114062016004.xml: 0 directive(s) → 1 file(s)
  reg_114062016011.xml: 3 directive(s) → 1 file(s)
  reg_114062019005.xml: 0 directive(s) → 1 file(s)
  reg_114062022005.xml: 0 directive(s) → 1 file(s)
  reg_114062022006.xml: 0 directive(s) → 1 file(s)
  reg_114062023002.xml: 0 directive(s) → 1 file(s)
  reg_114062023004.xml: 0 directive(s) → 1 file(s)
  reg_114062024002.xml: 0 directive(s) → 1 file(s)
  reg_114062024003.xml: 0 directive(s) → 1 file(s)
  reg_114062024004.xml: 0 directive(s) → 1 file(s)
  reg_114072017010.xml: 0 directive(s) → 1 file(s)
  reg_114072017011.xml: 0 directive(s) → 1 file(s)
  reg_114072018009.xml: 1 directive(s) → 1 file(s)
  reg_114072020003.xml: 1 directive(s) → 1 file(s)
  reg_114072020004.xml: 0 directive(s) → 1 file(s)
  reg_114072020016.xml: 0 directive(s) → 1 file(s)
  reg_114072020020.xml: 0 directive(s) → 1 file(s)
  reg_114072020021.xml: 1 directive(s) → 1 file(s)
  reg_114072023002.xml: 0 directive(s) → 1 file(s)
  reg_114072023005.xml: 0 directive(s) → 1 file(s)
  reg_114072026013.xml: 0 directive(s) → 1 file(s)
  reg_114072026014.xml: 0 directive(s) → 1 file(s)
  reg_114072026015.xml: 0 directive(s) → 1 file(s)
  reg_114072026016.xml: 0 directive(s) → 1 file(s)
  reg_114072026017.xml: 0 directive(s) → 1 file(s)
  reg_114072026018.xml: 0 directive(s) → 1 file(s)
  reg_114072026020.xml: 0 directive(s) → 1 file(s)
  reg_114072026021.xml: 0 directive(s) → 1 file(s)
  reg_114072026022.xml: 0 directive(s) → 1 file(s)
  reg_114072026023.xml: 0 directive(s) → 1 file(s)
  reg_114072026024.xml: 0 directive(s) → 1 file(s)
  reg_114072026025.xml: 0 directive(s) → 1 file(s)
  reg_114072026026.xml: 0 directive(s) → 1 file(s)
  reg_114072026027.xml: 0 directive(s) → 1 file(s)
  reg_114072026028.xml: 0 directive(s) → 1 file(s)
  reg_114082015017.xml: 0 directive(s) → 1 file(s)
  reg_114082018005.xml: 0 directive(s) → 1 file(s)
  reg_114082019003.xml: 0 directive(s) → 1 file(s)
  reg_114082019009.xml: 0 directive(s) → 1 file(s)
  reg_114082026002.xml: 0 directive(s) → 1 file(s)
  reg_114082026005.xml: 0 directive(s) → 1 file(s)
  reg_114082026006.xml: 0 directive(s) → 1 file(s)
  reg_114082026008.xml: 0 directive(s) → 1 file(s)
  reg_114092022003.xml: 0 directive(s) → 1 file(s)
  reg_114092022007.xml: 0 directive(s) → 1 file(s)
  reg_114092022008.xml: 0 directive(s) → 1 file(s)
  reg_114092023001.xml: 0 directive(s) → 1 file(s)
  reg_114092023002.xml: 0 directive(s) → 1 file(s)
  reg_114102014007.xml: 0 directive(s) → 1 file(s)
  reg_114102014009.xml: 0 directive(s) → 1 file(s)
  reg_114102022002.xml: 0 directive(s) → 1 file(s)
  reg_114102025001.xml: 0 directive(s) → 1 file(s)
  reg_114102025004.xml: 0 directive(s) → 1 file(s)
  reg_114112014005.xml: 1 directive(s) → 1 file(s)
  reg_114112017008.xml: 1 directive(s) → 1 file(s)
  reg_114112023003.xml: 0 directive(s) → 1 file(s)
  reg_114112023007.xml: 0 directive(s) → 1 file(s)
  reg_114112023008.xml: 0 directive(s) → 1 file(s)
  reg_114112023009.xml: 0 directive(s) → 1 file(s)
  reg_114112025013.xml: 0 directive(s) → 1 file(s)
  reg_114112025014.xml: 0 directive(s) → 1 file(s)
  reg_114122017010.xml: 5 directive(s) → 1 file(s)
  reg_114122018004.xml: 1 directive(s) → 1 file(s)
  reg_114122022003.xml: 0 directive(s) → 1 file(s)
  reg_114122022017.xml: 0 directive(s) → 1 file(s)
  reg_115012019014.xml: 0 directive(s) → 1 file(s)
  reg_115012025004.xml: 0 directive(s) → 1 file(s)
  reg_115012025005.xml: 6 directive(s) → 1 file(s)
  reg_115012025007.xml: 0 directive(s) → 1 file(s)
  reg_115022025001.xml: 0 directive(s) → 1 file(s)
  reg_115032016004.xml: 1 directive(s) → 1 file(s)
  reg_115032016005.xml: 0 directive(s) → 1 file(s)
  reg_115032024006.xml: 0 directive(s) → 1 file(s)
  reg_115042020001.xml: 0 directive(s) → 1 file(s)
  reg_115042021003.xml: 0 directive(s) → 1 file(s)
  reg_115052020017.xml: 0 directive(s) → 1 file(s)
  reg_115052021003.xml: 1 directive(s) → 1 file(s)
  reg_115052026003.xml: 0 directive(s) → 1 file(s)
  reg_115052026004.xml: 0 directive(s) → 1 file(s)
  reg_115062021003.xml: 0 directive(s) → 1 file(s)
  reg_115062022005.xml: 0 directive(s) → 1 file(s)
  reg_115062022006.xml: 0 directive(s) → 1 file(s)
  reg_115062024004.xml: 2 directive(s) → 1 file(s)
  reg_115072011011.xml: 0 directive(s) → 1 file(s)
  reg_115072014001.xml: 0 directive(s) → 1 file(s)
  reg_115072014004.xml: 0 directive(s) → 1 file(s)
  reg_115072015002.xml: 0 directive(s) → 1 file(s)
  reg_115072017005.xml: 0 directive(s) → 1 file(s)
  reg_115072022001.xml: 0 directive(s) → 1 file(s)
  reg_115072023006.xml: 0 directive(s) → 1 file(s)
  reg_115072023009.xml: 0 directive(s) → 1 file(s)
  reg_115072023010.xml: 0 directive(s) → 1 file(s)
  reg_115072023011.xml: 0 directive(s) → 1 file(s)
  reg_115072023015.xml: 0 directive(s) → 1 file(s)
  reg_115072023016.xml: 0 directive(s) → 1 file(s)
  reg_115072023017.xml: 0 directive(s) → 1 file(s)
  reg_115072023018.xml: 0 directive(s) → 1 file(s)
  reg_115072023019.xml: 0 directive(s) → 1 file(s)
  reg_115072023021.xml: 0 directive(s) → 1 file(s)
  reg_115072023022.xml: 0 directive(s) → 1 file(s)
  reg_115072023023.xml: 0 directive(s) → 1 file(s)
  reg_115072023024.xml: 0 directive(s) → 1 file(s)
  reg_115072023030.xml: 0 directive(s) → 1 file(s)
  reg_115072023031.xml: 0 directive(s) → 1 file(s)
  reg_115072023032.xml: 0 directive(s) → 1 file(s)
  reg_115072023034.xml: 0 directive(s) → 1 file(s)
  reg_115072023035.xml: 0 directive(s) → 1 file(s)
  reg_115072023038.xml: 0 directive(s) → 1 file(s)
  reg_115072023040.xml: 0 directive(s) → 1 file(s)
  reg_115072023042.xml: 0 directive(s) → 1 file(s)
  reg_115072023052.xml: 0 directive(s) → 1 file(s)
  reg_115072023054.xml: 0 directive(s) → 1 file(s)
  reg_115072026003.xml: 0 directive(s) → 1 file(s)
  reg_115072026004.xml: 0 directive(s) → 1 file(s)
  reg_115072026005.xml: 0 directive(s) → 1 file(s)
  reg_115072026006.xml: 0 directive(s) → 1 file(s)
  reg_115072026007.xml: 0 directive(s) → 1 file(s)
  reg_115082017003.xml: 3 directive(s) → 1 file(s)
  reg_115082017004.xml: 1 directive(s) → 1 file(s)
  reg_115082017009.xml: 0 directive(s) → 1 file(s)
  reg_115082018005.xml: 0 directive(s) → 1 file(s)
  reg_115082018006.xml: 0 directive(s) → 1 file(s)
  reg_115082023006.xml: 0 directive(s) → 1 file(s)
  reg_115082025002.xml: 0 directive(s) → 1 file(s)
  reg_115092015023.xml: 0 directive(s) → 1 file(s)
  reg_115092020013.xml: 2 directive(s) → 1 file(s)
  reg_115092026002.xml: 0 directive(s) → 1 file(s)
  reg_115092026004.xml: 0 directive(s) → 1 file(s)
  reg_115102013004.xml: 1 directive(s) → 1 file(s)
  reg_115102016003.xml: 2 directive(s) → 1 file(s)
  reg_115102019006.xml: 0 directive(s) → 1 file(s)
  reg_115102025002.xml: 0 directive(s) → 1 file(s)
  reg_115112016012.xml: 1 directive(s) → 1 file(s)
  reg_115112019007.xml: 0 directive(s) → 1 file(s)
  reg_115112022003.xml: 0 directive(s) → 1 file(s)
  reg_115112024012.xml: 0 directive(s) → 1 file(s)
  reg_115122017006.xml: 0 directive(s) → 1 file(s)
  reg_115122017016.xml: 0 directive(s) → 1 file(s)
  reg_115122020005.xml: 0 directive(s) → 1 file(s)
  reg_115122020007.xml: 0 directive(s) → 1 file(s)
  reg_115122021011.xml: 0 directive(s) → 1 file(s)
  reg_116012024003.xml: 0 directive(s) → 1 file(s)
  reg_116012026003.xml: 0 directive(s) → 1 file(s)
  reg_116012026004.xml: 0 directive(s) → 1 file(s)
  reg_116012026005.xml: 0 directive(s) → 1 file(s)
  reg_116012026006.xml: 0 directive(s) → 1 file(s)
  reg_116022011013.xml: 0 directive(s) → 1 file(s)
  reg_116022016003.xml: 1 directive(s) → 1 file(s)
  reg_116022016005.xml: 1 directive(s) → 1 file(s)
  reg_116022023001.xml: 0 directive(s) → 1 file(s)
  reg_116022024002.xml: 0 directive(s) → 1 file(s)
  reg_116022024006.xml: 2 directive(s) → 1 file(s)
  reg_116032012006.xml: 0 directive(s) → 1 file(s)
  reg_116032017004.xml: 5 directive(s) → 1 file(s)
  reg_116032021003.xml: 0 directive(s) → 1 file(s)
  reg_116032021007.xml: 0 directive(s) → 1 file(s)
  reg_116032022024.xml: 0 directive(s) → 1 file(s)
  reg_116032023004.xml: 0 directive(s) → 1 file(s)
  reg_116032023005.xml: 0 directive(s) → 1 file(s)
  reg_116042019014.xml: 1 directive(s) → 1 file(s)
  reg_116042021004.xml: 0 directive(s) → 1 file(s)
  reg_116042025002.xml: 0 directive(s) → 1 file(s)
  reg_116042025004.xml: 0 directive(s) → 1 file(s)
  reg_116042025006.xml: 0 directive(s) → 1 file(s)
  reg_116042025008.xml: 0 directive(s) → 1 file(s)
  reg_116042026002.xml: 0 directive(s) → 1 file(s)
  reg_116052019002.xml: 0 directive(s) → 1 file(s)
  reg_116052025006.xml: 0 directive(s) → 1 file(s)
  reg_116062015003.xml: 0 directive(s) → 1 file(s)
  reg_116062015004.xml: 1 directive(s) → 1 file(s)
  reg_116062015011.xml: 0 directive(s) → 1 file(s)
  reg_116062020021.xml: 0 directive(s) → 1 file(s)
  reg_116062021007.xml: 0 directive(s) → 1 file(s)
  reg_116062022004.xml: 1 directive(s) → 1 file(s)
  reg_116062022006.xml: 0 directive(s) → 1 file(s)
  reg_116062022007.xml: 0 directive(s) → 1 file(s)
  reg_116062022010.xml: 0 directive(s) → 1 file(s)
  reg_116062022011.xml: 0 directive(s) → 1 file(s)
  reg_116062022013.xml: 0 directive(s) → 1 file(s)
  reg_116062022014.xml: 0 directive(s) → 1 file(s)
  reg_116062022016.xml: 0 directive(s) → 1 file(s)
  reg_116062022017.xml: 0 directive(s) → 1 file(s)
  reg_116062022018.xml: 0 directive(s) → 1 file(s)
  reg_116062023002.xml: 0 directive(s) → 1 file(s)
  reg_116062026005.xml: 0 directive(s) → 1 file(s)
  reg_116062026006.xml: 0 directive(s) → 1 file(s)
  reg_116062026007.xml: 0 directive(s) → 1 file(s)
  reg_116062026008.xml: 0 directive(s) → 1 file(s)
  reg_116062026009.xml: 0 directive(s) → 1 file(s)
  reg_116062026011.xml: 1 directive(s) → 1 file(s)
  reg_116062026012.xml: 0 directive(s) → 1 file(s)
  reg_116062026016.xml: 0 directive(s) → 1 file(s)
  reg_116062026020.xml: 0 directive(s) → 1 file(s)
  reg_116062026022.xml: 0 directive(s) → 1 file(s)
  reg_116072022009.xml: 0 directive(s) → 1 file(s)
  reg_116072026005.xml: 0 directive(s) → 1 file(s)
  reg_116072026006.xml: 5 directive(s) → 1 file(s)
  reg_116072026010.xml: 0 directive(s) → 1 file(s)
  reg_116072026013.xml: 0 directive(s) → 1 file(s)
  reg_116082016003.xml: 1 directive(s) → 1 file(s)
  reg_116082016007.xml: 0 directive(s) → 1 file(s)
  reg_116082019005.xml: 0 directive(s) → 1 file(s)
  reg_116082019011.xml: 0 directive(s) → 1 file(s)
  reg_116082019013.xml: 0 directive(s) → 1 file(s)
  reg_116082019014.xml: 0 directive(s) → 1 file(s)
  reg_116082019015.xml: 0 directive(s) → 1 file(s)
  reg_116082019019.xml: 0 directive(s) → 1 file(s)
  reg_116082019021.xml: 0 directive(s) → 1 file(s)
  reg_116082019022.xml: 0 directive(s) → 1 file(s)
  reg_116082019024.xml: 0 directive(s) → 1 file(s)
  reg_116082019026.xml: 0 directive(s) → 1 file(s)
  reg_116082019027.xml: 0 directive(s) → 1 file(s)
  reg_116082022004.xml: 0 directive(s) → 1 file(s)
  reg_116082022005.xml: 0 directive(s) → 1 file(s)
  reg_116082022008.xml: 1 directive(s) → 1 file(s)
  reg_116082024004.xml: 0 directive(s) → 1 file(s)
  reg_116082024005.xml: 0 directive(s) → 1 file(s)
  reg_116092022004.xml: 0 directive(s) → 1 file(s)
  reg_116092025002.xml: 0 directive(s) → 1 file(s)
  reg_116092025012.xml: 0 directive(s) → 1 file(s)
  reg_116092025013.xml: 0 directive(s) → 1 file(s)
  reg_116092025015.xml: 0 directive(s) → 1 file(s)
  reg_116092025019.xml: 0 directive(s) → 1 file(s)
  reg_116092026002.xml: 0 directive(s) → 1 file(s)
  reg_116092026003.xml: 0 directive(s) → 1 file(s)
  reg_116102013007.xml: 0 directive(s) → 1 file(s)
  reg_116102013008.xml: 0 directive(s) → 1 file(s)
  reg_116112010014.xml: 0 directive(s) → 1 file(s)
  reg_116112024002.xml: 0 directive(s) → 1 file(s)
  reg_116112024003.xml: 0 directive(s) → 1 file(s)
  reg_116122010024.xml: 0 directive(s) → 1 file(s)
  reg_116122016010.xml: 1 directive(s) → 1 file(s)
  reg_116122016015.xml: 0 directive(s) → 1 file(s)
  reg_116122020004.xml: 0 directive(s) → 1 file(s)
  reg_116122020013.xml: 0 directive(s) → 1 file(s)
  reg_116122023004.xml: 1 directive(s) → 1 file(s)
  reg_116122023008.xml: 0 directive(s) → 1 file(s)
  reg_116122025002.xml: 0 directive(s) → 1 file(s)
  reg_117012014013.xml: 0 directive(s) → 1 file(s)
  reg_117012017001.xml: 0 directive(s) → 1 file(s)
  reg_117012017003.xml: 0 directive(s) → 1 file(s)
  reg_117012017004.xml: 0 directive(s) → 1 file(s)
  reg_117012017005.xml: 0 directive(s) → 1 file(s)
  reg_117012017006.xml: 0 directive(s) → 1 file(s)
  reg_117012017007.xml: 0 directive(s) → 1 file(s)
  reg_117012017013.xml: 0 directive(s) → 1 file(s)
  reg_117012025003.xml: 0 directive(s) → 1 file(s)
  reg_117012025004.xml: 0 directive(s) → 1 file(s)
  reg_117022026004.xml: 2 directive(s) → 1 file(s)
  reg_117022026005.xml: 0 directive(s) → 1 file(s)
  reg_117022026006.xml: 3 directive(s) → 1 file(s)
  reg_117022026008.xml: 1 directive(s) → 1 file(s)
  reg_117032011016.xml: 0 directive(s) → 1 file(s)
  reg_117032023083.xml: 0 directive(s) → 1 file(s)
  reg_117042015005.xml: 0 directive(s) → 1 file(s)
  reg_117042018011.xml: 0 directive(s) → 1 file(s)
  reg_117042019012.xml: 0 directive(s) → 1 file(s)
  reg_117042019013.xml: 0 directive(s) → 1 file(s)
  reg_117042026003.xml: 0 directive(s) → 1 file(s)
  reg_117042026004.xml: 0 directive(s) → 1 file(s)
  reg_117042026005.xml: 1 directive(s) → 1 file(s)
  reg_117042026007.xml: 0 directive(s) → 1 file(s)
  reg_117042026009.xml: 0 directive(s) → 1 file(s)
  reg_117042026011.xml: 0 directive(s) → 1 file(s)
  reg_117042026012.xml: 0 directive(s) → 1 file(s)
  reg_117052022021.xml: 0 directive(s) → 1 file(s)
  reg_117052024002.xml: 0 directive(s) → 1 file(s)
  reg_117052024005.xml: 2 directive(s) → 1 file(s)
  reg_117052024016.xml: 1 directive(s) → 1 file(s)
  reg_117052025005.xml: 0 directive(s) → 1 file(s)
  reg_117062014013.xml: 0 directive(s) → 1 file(s)
  reg_117062020007.xml: 0 directive(s) → 1 file(s)
  reg_117062021008.xml: 0 directive(s) → 1 file(s)
  reg_117062025002.xml: 0 directive(s) → 1 file(s)
  reg_117062025004.xml: 0 directive(s) → 1 file(s)
  reg_117062025006.xml: 0 directive(s) → 1 file(s)
  reg_117062025013.xml: 0 directive(s) → 1 file(s)
  reg_117062025016.xml: 0 directive(s) → 1 file(s)
  reg_117072015012.xml: 0 directive(s) → 1 file(s)
  reg_117072018002.xml: 1 directive(s) → 1 file(s)
  reg_117072020008.xml: 0 directive(s) → 1 file(s)
  reg_117072020012.xml: 0 directive(s) → 1 file(s)
  reg_117082018013.xml: 0 directive(s) → 1 file(s)
  reg_117082022014.xml: 0 directive(s) → 1 file(s)
  reg_117092019005.xml: 1 directive(s) → 1 file(s)
  reg_117102019005.xml: 2 directive(s) → 1 file(s)
  reg_117102019007.xml: 1 directive(s) → 1 file(s)
  reg_117102019012.xml: 0 directive(s) → 1 file(s)
  reg_117102024002.xml: 0 directive(s) → 1 file(s)
  reg_117102025004.xml: 0 directive(s) → 1 file(s)
  reg_117102025006.xml: 0 directive(s) → 1 file(s)
  reg_117102025008.xml: 0 directive(s) → 1 file(s)
  reg_117102025012.xml: 0 directive(s) → 1 file(s)
  reg_117112015002.xml: 1 directive(s) → 1 file(s)
  reg_117112023002.xml: 0 directive(s) → 1 file(s)
  reg_117122010012.xml: 0 directive(s) → 1 file(s)
  reg_117122013014.xml: 0 directive(s) → 1 file(s)
  reg_117122019006.xml: 1 directive(s) → 1 file(s)
  reg_117122019007.xml: 0 directive(s) → 1 file(s)
  reg_117122019008.xml: 1 directive(s) → 1 file(s)
  reg_117122020004.xml: 1 directive(s) → 1 file(s)
  reg_117122020009.xml: 0 directive(s) → 1 file(s)
  reg_117122021006.xml: 0 directive(s) → 1 file(s)
  reg_117122021007.xml: 0 directive(s) → 1 file(s)
  reg_117122021010.xml: 0 directive(s) → 1 file(s)
  reg_117122022005.xml: 0 directive(s) → 1 file(s)
  reg_117122022006.xml: 0 directive(s) → 1 file(s)
  reg_117122022012.xml: 0 directive(s) → 1 file(s)
  reg_117122022018.xml: 0 directive(s) → 1 file(s)
  reg_117122022019.xml: 0 directive(s) → 1 file(s)
  reg_117122022026.xml: 0 directive(s) → 1 file(s)
  reg_117122024013.xml: 0 directive(s) → 1 file(s)
  reg_117122024020.xml: 0 directive(s) → 1 file(s)
  reg_117122024021.xml: 0 directive(s) → 1 file(s)
  reg_117122024029.xml: 0 directive(s) → 1 file(s)
  reg_117122024043.xml: 0 directive(s) → 1 file(s)
  reg_117122025007.xml: 1 directive(s) → 1 file(s)
  reg_117122025008.xml: 0 directive(s) → 1 file(s)
  reg_117122025009.xml: 0 directive(s) → 1 file(s)
  reg_117122025012.xml: 1 directive(s) → 1 file(s)
  reg_117122025013.xml: 0 directive(s) → 1 file(s)
  reg_117122025014.xml: 0 directive(s) → 1 file(s)
  reg_118012013016.xml: 0 directive(s) → 1 file(s)
  reg_118012013019.xml: 0 directive(s) → 1 file(s)
  reg_118012019008.xml: 0 directive(s) → 1 file(s)
  reg_118012019018.xml: 0 directive(s) → 1 file(s)
  reg_118012022010.xml: 1 directive(s) → 1 file(s)
  reg_118012022011.xml: 1 directive(s) → 1 file(s)
  reg_118012022012.xml: 0 directive(s) → 1 file(s)
  reg_118012022013.xml: 0 directive(s) → 1 file(s)
  reg_118012022014.xml: 1 directive(s) → 1 file(s)
  reg_118012022015.xml: 1 directive(s) → 1 file(s)
  reg_118012022017.xml: 2 directive(s) → 1 file(s)
  reg_118012022021.xml: 0 directive(s) → 1 file(s)
  reg_118012022022.xml: 0 directive(s) → 1 file(s)
  reg_118022020008.xml: 0 directive(s) → 1 file(s)
  reg_118022022011.xml: 0 directive(s) → 1 file(s)
  reg_118022025009.xml: 0 directive(s) → 1 file(s)
  reg_118032015005.xml: 0 directive(s) → 1 file(s)
  reg_118032015006.xml: 1 directive(s) → 1 file(s)
  reg_118032015007.xml: 1 directive(s) → 1 file(s)
  reg_118032016013.xml: 0 directive(s) → 1 file(s)
  reg_118032016014.xml: 0 directive(s) → 1 file(s)
  reg_118032025002.xml: 0 directive(s) → 1 file(s)
  reg_118042019006.xml: 0 directive(s) → 1 file(s)
  reg_118042019007.xml: 0 directive(s) → 1 file(s)
  reg_118042023002.xml: 0 directive(s) → 1 file(s)
  reg_118042023003.xml: 0 directive(s) → 1 file(s)
  reg_118042023004.xml: 0 directive(s) → 1 file(s)
  reg_118042023019.xml: 0 directive(s) → 1 file(s)
  reg_118042023020.xml: 0 directive(s) → 1 file(s)
  reg_118042023028.xml: 0 directive(s) → 1 file(s)
  reg_118052011005.xml: 0 directive(s) → 1 file(s)
  reg_118052021001.xml: 2 directive(s) → 1 file(s)
  reg_118052021002.xml: 1 directive(s) → 1 file(s)
  reg_118062019026.xml: 0 directive(s) → 1 file(s)
  reg_118062026002.xml: 4 directive(s) → 1 file(s)
  reg_118062026003.xml: 4 directive(s) → 1 file(s)
  reg_118062026006.xml: 0 directive(s) → 1 file(s)
  reg_118062026007.xml: 0 directive(s) → 1 file(s)
  reg_118062026008.xml: 0 directive(s) → 1 file(s)
  reg_118062026009.xml: 0 directive(s) → 1 file(s)
  reg_118062026010.xml: 0 directive(s) → 1 file(s)
  reg_118062026012.xml: 0 directive(s) → 1 file(s)
  reg_118062026013.xml: 0 directive(s) → 1 file(s)
  reg_118062026014.xml: 0 directive(s) → 1 file(s)
  reg_118062026016.xml: 0 directive(s) → 1 file(s)
  reg_118062026017.xml: 0 directive(s) → 1 file(s)
  reg_118062026018.xml: 0 directive(s) → 1 file(s)
  reg_118062026019.xml: 0 directive(s) → 1 file(s)
  reg_118062026021.xml: 0 directive(s) → 1 file(s)
  reg_118062026023.xml: 0 directive(s) → 1 file(s)
  reg_118072023001.xml: 0 directive(s) → 1 file(s)
  reg_118072023002.xml: 0 directive(s) → 1 file(s)
  reg_118072023007.xml: 0 directive(s) → 1 file(s)
  reg_118072025004.xml: 0 directive(s) → 1 file(s)
  reg_118072025011.xml: 0 directive(s) → 1 file(s)
  reg_118092012002.xml: 0 directive(s) → 1 file(s)
  reg_118092024003.xml: 1 directive(s) → 1 file(s)
  reg_118092025002.xml: 0 directive(s) → 1 file(s)
  reg_118092025004.xml: 0 directive(s) → 1 file(s)
  reg_118092025005.xml: 0 directive(s) → 1 file(s)
  reg_118092025006.xml: 0 directive(s) → 1 file(s)
  reg_118092025008.xml: 0 directive(s) → 1 file(s)
  reg_118092025009.xml: 0 directive(s) → 1 file(s)
  reg_118092025010.xml: 0 directive(s) → 1 file(s)
  reg_118092025011.xml: 0 directive(s) → 1 file(s)
  reg_118092025012.xml: 0 directive(s) → 1 file(s)
  reg_118092025015.xml: 0 directive(s) → 1 file(s)
  reg_118092025016.xml: 0 directive(s) → 1 file(s)
  reg_118092025017.xml: 0 directive(s) → 1 file(s)
  reg_118092025018.xml: 0 directive(s) → 1 file(s)
  reg_118092025021.xml: 0 directive(s) → 1 file(s)
  reg_118092025023.xml: 0 directive(s) → 1 file(s)
  reg_118092026002.xml: 0 directive(s) → 1 file(s)
  reg_118092026004.xml: 0 directive(s) → 1 file(s)
  reg_118092026005.xml: 0 directive(s) → 1 file(s)
  reg_118092026006.xml: 0 directive(s) → 1 file(s)
  reg_118092026007.xml: 0 directive(s) → 1 file(s)
  reg_118092026008.xml: 0 directive(s) → 1 file(s)
  reg_118092026010.xml: 0 directive(s) → 1 file(s)
  reg_118102022002.xml: 0 directive(s) → 1 file(s)
  reg_118112016007.xml: 0 directive(s) → 1 file(s)
  reg_118112021005.xml: 0 directive(s) → 1 file(s)
  reg_118112025004.xml: 0 directive(s) → 1 file(s)
  reg_118122015009.xml: 0 directive(s) → 1 file(s)
  reg_118122018004.xml: 0 directive(s) → 1 file(s)
  reg_118122018008.xml: 1 directive(s) → 1 file(s)
  reg_118122018009.xml: 0 directive(s) → 1 file(s)
  reg_118122018016.xml: 0 directive(s) → 1 file(s)
  reg_118122018017.xml: 0 directive(s) → 1 file(s)
  reg_118122020005.xml: 1 directive(s) → 1 file(s)
  reg_118122020006.xml: 0 directive(s) → 1 file(s)
  reg_118122020016.xml: 0 directive(s) → 1 file(s)
  reg_118122020019.xml: 0 directive(s) → 1 file(s)
  reg_118122020026.xml: 0 directive(s) → 1 file(s)
  reg_118122020027.xml: 1 directive(s) → 1 file(s)
  reg_118122021001.xml: 0 directive(s) → 1 file(s)
  reg_118122021004.xml: 1 directive(s) → 1 file(s)
  reg_118122021005.xml: 1 directive(s) → 1 file(s)
  reg_119012018004.xml: 0 directive(s) → 1 file(s)
  reg_119012021013.xml: 1 directive(s) → 1 file(s)
  reg_119012021016.xml: 0 directive(s) → 1 file(s)
  reg_119012021023.xml: 0 directive(s) → 1 file(s)
  reg_119012023001.xml: 0 directive(s) → 1 file(s)
  reg_119012024004.xml: 0 directive(s) → 1 file(s)
  reg_119012024010.xml: 0 directive(s) → 1 file(s)
  reg_119012024011.xml: 0 directive(s) → 1 file(s)
  reg_119022013013.xml: 0 directive(s) → 1 file(s)
  reg_119022019007.xml: 1 directive(s) → 1 file(s)
  reg_119022019008.xml: 1 directive(s) → 1 file(s)
  reg_119022019012.xml: 0 directive(s) → 1 file(s)
  reg_119022019013.xml: 4 directive(s) → 1 file(s)
  reg_119022019017.xml: 0 directive(s) → 1 file(s)
  reg_119022019024.xml: 0 directive(s) → 1 file(s)
  reg_119022019032.xml: 0 directive(s) → 1 file(s)
  reg_119022019042.xml: 0 directive(s) → 1 file(s)
  reg_119022025008.xml: 0 directive(s) → 1 file(s)
  reg_119022025009.xml: 0 directive(s) → 1 file(s)
  reg_119022025011.xml: 0 directive(s) → 1 file(s)
  reg_119032020009.xml: 0 directive(s) → 1 file(s)
  reg_119032025005.xml: 0 directive(s) → 1 file(s)
  reg_119032025006.xml: 0 directive(s) → 1 file(s)
  reg_119032025008.xml: 0 directive(s) → 1 file(s)
  reg_119032026004.xml: 0 directive(s) → 1 file(s)
  reg_119032026005.xml: 0 directive(s) → 1 file(s)
  reg_119032026006.xml: 0 directive(s) → 1 file(s)
  reg_119032026008.xml: 0 directive(s) → 1 file(s)
  reg_119032026012.xml: 1 directive(s) → 1 file(s)
  reg_119032026013.xml: 0 directive(s) → 1 file(s)
  reg_119032026014.xml: 2 directive(s) → 1 file(s)
  reg_119032026018.xml: 0 directive(s) → 1 file(s)
  reg_119032026019.xml: 0 directive(s) → 1 file(s)
  reg_119042016003.xml: 0 directive(s) → 1 file(s)
  reg_119042022007.xml: 0 directive(s) → 1 file(s)
  reg_119042023002.xml: 0 directive(s) → 1 file(s)
  reg_119042023003.xml: 0 directive(s) → 1 file(s)
  reg_119042024008.xml: 0 directive(s) → 1 file(s)
  reg_119052015004.xml: 0 directive(s) → 1 file(s)
  reg_119052022009.xml: 0 directive(s) → 1 file(s)
  reg_119052022011.xml: 0 directive(s) → 1 file(s)
  reg_119052023005.xml: 1 directive(s) → 1 file(s)
  reg_119052026003.xml: 0 directive(s) → 1 file(s)
  reg_119052026005.xml: 0 directive(s) → 1 file(s)
  reg_119052026006.xml: 0 directive(s) → 1 file(s)
  reg_119052026007.xml: 0 directive(s) → 1 file(s)
  reg_119052026008.xml: 0 directive(s) → 1 file(s)
  reg_119052026011.xml: 0 directive(s) → 1 file(s)
  reg_119052026017.xml: 0 directive(s) → 1 file(s)
  reg_119052026021.xml: 0 directive(s) → 1 file(s)
  reg_119062015018.xml: 0 directive(s) → 1 file(s)
  reg_119062018006.xml: 0 directive(s) → 1 file(s)
  reg_119062019004.xml: 0 directive(s) → 1 file(s)
  reg_119062020009.xml: 0 directive(s) → 1 file(s)
  reg_119062020015.xml: 0 directive(s) → 1 file(s)
  reg_119062020018.xml: 0 directive(s) → 1 file(s)
  reg_119062020034.xml: 1 directive(s) → 1 file(s)
  reg_119062021001.xml: 0 directive(s) → 1 file(s)
  reg_119062021002.xml: 0 directive(s) → 1 file(s)
  reg_119062024005.xml: 0 directive(s) → 1 file(s)
  reg_119062024016.xml: 0 directive(s) → 1 file(s)
  reg_119062024018.xml: 0 directive(s) → 1 file(s)
  reg_119072018003.xml: 0 directive(s) → 1 file(s)
  reg_119072018012.xml: 0 directive(s) → 1 file(s)
  reg_119072018016.xml: 1 directive(s) → 1 file(s)
  reg_119082014006.xml: 0 directive(s) → 1 file(s)
  reg_119082014015.xml: 0 directive(s) → 1 file(s)
  reg_119082015009.xml: 0 directive(s) → 1 file(s)
  reg_119082015010.xml: 0 directive(s) → 1 file(s)
  reg_119082015013.xml: 0 directive(s) → 1 file(s)
  reg_119082020001.xml: 0 directive(s) → 1 file(s)
  reg_119082022010.xml: 0 directive(s) → 1 file(s)
  reg_119082025001.xml: 0 directive(s) → 1 file(s)
  reg_119082025003.xml: 0 directive(s) → 1 file(s)
  reg_119082025005.xml: 0 directive(s) → 1 file(s)
  reg_119082025006.xml: 0 directive(s) → 1 file(s)
  reg_119082025012.xml: 0 directive(s) → 1 file(s)
  reg_119082025014.xml: 0 directive(s) → 1 file(s)
  reg_119092024001.xml: 0 directive(s) → 1 file(s)
  reg_119092025002.xml: 0 directive(s) → 1 file(s)
  reg_119092025010.xml: 0 directive(s) → 1 file(s)
  reg_119102012002.xml: 1 directive(s) → 1 file(s)
  reg_119102018006.xml: 0 directive(s) → 1 file(s)
  reg_119102023003.xml: 0 directive(s) → 1 file(s)
  reg_119102023004.xml: 0 directive(s) → 1 file(s)
  reg_119112019006.xml: 1 directive(s) → 1 file(s)
  reg_119112019008.xml: 0 directive(s) → 1 file(s)
  reg_119112019009.xml: 1 directive(s) → 1 file(s)
  reg_119112019010.xml: 0 directive(s) → 1 file(s)
  reg_119112019012.xml: 0 directive(s) → 1 file(s)
  reg_119112019014.xml: 0 directive(s) → 1 file(s)
  reg_119112019015.xml: 2 directive(s) → 1 file(s)
  reg_119112021001.xml: 0 directive(s) → 1 file(s)
  reg_119112021002.xml: 0 directive(s) → 1 file(s)
  reg_119112021003.xml: 0 directive(s) → 1 file(s)
  reg_119112024008.xml: 0 directive(s) → 1 file(s)
  reg_119112025002.xml: 0 directive(s) → 1 file(s)
  reg_119112025003.xml: 0 directive(s) → 1 file(s)
  reg_119112025004.xml: 0 directive(s) → 1 file(s)
  reg_119112025006.xml: 0 directive(s) → 1 file(s)
  reg_119112025007.xml: 0 directive(s) → 1 file(s)
  reg_119112025009.xml: 0 directive(s) → 1 file(s)
  reg_119112025010.xml: 0 directive(s) → 1 file(s)
  reg_119112025013.xml: 0 directive(s) → 1 file(s)
  reg_119112025014.xml: 0 directive(s) → 1 file(s)
  reg_119122015004.xml: 0 directive(s) → 1 file(s)
  reg_119122017011.xml: 0 directive(s) → 1 file(s)
  reg_119122017015.xml: 1 directive(s) → 1 file(s)
  reg_119122017016.xml: 1 directive(s) → 1 file(s)
  reg_119122017017.xml: 1 directive(s) → 1 file(s)
  reg_119122017018.xml: 1 directive(s) → 1 file(s)
  reg_119122017019.xml: 1 directive(s) → 1 file(s)
  reg_119122017020.xml: 1 directive(s) → 1 file(s)
  reg_119122017021.xml: 0 directive(s) → 1 file(s)
  reg_119122018019.xml: 0 directive(s) → 1 file(s)
  reg_119122019025.xml: 1 directive(s) → 1 file(s)
  reg_119122023011.xml: 0 directive(s) → 1 file(s)
  reg_119122023023.xml: 0 directive(s) → 1 file(s)
  reg_120012011022.xml: 0 directive(s) → 1 file(s)
  reg_120012022002.xml: 0 directive(s) → 1 file(s)
  reg_120012023002.xml: 0 directive(s) → 1 file(s)
  reg_120012026002.xml: 0 directive(s) → 1 file(s)
  reg_120012026008.xml: 0 directive(s) → 1 file(s)
  reg_120012026010.xml: 0 directive(s) → 1 file(s)
  reg_120012026014.xml: 0 directive(s) → 1 file(s)
  reg_120012026015.xml: 0 directive(s) → 1 file(s)
  reg_120012026017.xml: 0 directive(s) → 1 file(s)
  reg_120022014005.xml: 0 directive(s) → 1 file(s)
  reg_120022015013.xml: 0 directive(s) → 1 file(s)
  reg_120022026004.xml: 0 directive(s) → 1 file(s)
  reg_120022026008.xml: 0 directive(s) → 1 file(s)
  reg_120022026009.xml: 0 directive(s) → 1 file(s)
  reg_120022026010.xml: 0 directive(s) → 1 file(s)
  reg_120022026020.xml: 0 directive(s) → 1 file(s)
  reg_120022026022.xml: 1 directive(s) → 1 file(s)
  reg_120022026023.xml: 0 directive(s) → 1 file(s)
  reg_120022026024.xml: 0 directive(s) → 1 file(s)
  reg_120022026025.xml: 0 directive(s) → 1 file(s)
  reg_120022026026.xml: 0 directive(s) → 1 file(s)
  reg_120022026027.xml: 0 directive(s) → 1 file(s)
  reg_120022026029.xml: 1 directive(s) → 1 file(s)
  reg_120022026032.xml: 0 directive(s) → 1 file(s)
  reg_120032026002.xml: 0 directive(s) → 1 file(s)
  reg_120032026003.xml: 0 directive(s) → 1 file(s)
  reg_120032026004.xml: 0 directive(s) → 1 file(s)
  reg_120032026005.xml: 0 directive(s) → 1 file(s)
  reg_120032026006.xml: 0 directive(s) → 1 file(s)
  reg_120032026007.xml: 0 directive(s) → 1 file(s)
  reg_120042021008.xml: 0 directive(s) → 1 file(s)
  reg_120042021009.xml: 0 directive(s) → 1 file(s)
  reg_120042022006.xml: 0 directive(s) → 1 file(s)
  reg_120042023002.xml: 0 directive(s) → 1 file(s)
  reg_120042023003.xml: 0 directive(s) → 1 file(s)
  reg_120052015004.xml: 1 directive(s) → 1 file(s)
  reg_120052015005.xml: 0 directive(s) → 1 file(s)
  reg_120052017015.xml: 0 directive(s) → 1 file(s)
  reg_120052020015.xml: 5 directive(s) → 1 file(s)
  reg_120052020027.xml: 0 directive(s) → 1 file(s)
  reg_120052020029.xml: 0 directive(s) → 1 file(s)
  reg_120052020030.xml: 0 directive(s) → 1 file(s)
  reg_120052021002.xml: 0 directive(s) → 1 file(s)
  reg_120052021008.xml: 0 directive(s) → 1 file(s)
  reg_120052021018.xml: 0 directive(s) → 1 file(s)
  reg_120052023002.xml: 0 directive(s) → 1 file(s)
  reg_120052023004.xml: 0 directive(s) → 1 file(s)
  reg_120052026001.xml: 0 directive(s) → 1 file(s)
  reg_120062017010.xml: 0 directive(s) → 1 file(s)
  reg_120062020010.xml: 1 directive(s) → 1 file(s)
  reg_120062020016.xml: 0 directive(s) → 1 file(s)
  reg_120062023001.xml: 0 directive(s) → 1 file(s)
  reg_120062023010.xml: 0 directive(s) → 1 file(s)
  reg_120062025011.xml: 0 directive(s) → 1 file(s)
  reg_120062025019.xml: 0 directive(s) → 1 file(s)
  reg_120062025020.xml: 0 directive(s) → 1 file(s)
  reg_120062025022.xml: 0 directive(s) → 1 file(s)
  reg_120062025024.xml: 0 directive(s) → 1 file(s)
  reg_120062025027.xml: 0 directive(s) → 1 file(s)
  reg_120062025028.xml: 0 directive(s) → 1 file(s)
  reg_120062025029.xml: 0 directive(s) → 1 file(s)
  reg_120062025031.xml: 1 directive(s) → 1 file(s)
  reg_120062025032.xml: 0 directive(s) → 1 file(s)
  reg_120062025037.xml: 0 directive(s) → 1 file(s)
  reg_120062025038.xml: 0 directive(s) → 1 file(s)
  reg_120062025041.xml: 0 directive(s) → 1 file(s)
  reg_120072021006.xml: 0 directive(s) → 1 file(s)
  reg_120072023003.xml: 1 directive(s) → 1 file(s)
  reg_120072023004.xml: 0 directive(s) → 1 file(s)
  reg_120092013010.xml: 0 directive(s) → 1 file(s)
  reg_120092016010.xml: 1 directive(s) → 1 file(s)
  reg_120092016011.xml: 1 directive(s) → 1 file(s)
  reg_120092016012.xml: 1 directive(s) → 1 file(s)
  reg_120092016013.xml: 1 directive(s) → 1 file(s)
  reg_120092023003.xml: 0 directive(s) → 1 file(s)
  reg_120102017003.xml: 0 directive(s) → 1 file(s)
  reg_120102020004.xml: 0 directive(s) → 1 file(s)
  reg_120102023002.xml: 0 directive(s) → 1 file(s)
  reg_120112013005.xml: 1 directive(s) → 1 file(s)
  reg_120112015004.xml: 0 directive(s) → 1 file(s)
  reg_120112020004.xml: 0 directive(s) → 1 file(s)
  reg_120112020005.xml: 1 directive(s) → 1 file(s)
  reg_120112020008.xml: 2 directive(s) → 1 file(s)
  reg_120112021002.xml: 0 directive(s) → 1 file(s)
  reg_120112021003.xml: 0 directive(s) → 1 file(s)
  reg_120112025003.xml: 1 directive(s) → 1 file(s)
  reg_120112025005.xml: 0 directive(s) → 1 file(s)
  reg_120112025007.xml: 0 directive(s) → 1 file(s)
  reg_120122010008.xml: 0 directive(s) → 1 file(s)
  reg_120122012018.xml: 0 directive(s) → 1 file(s)
  reg_120122012020.xml: 0 directive(s) → 1 file(s)
  reg_120122017009.xml: 0 directive(s) → 1 file(s)
  reg_120122019014.xml: 0 directive(s) → 1 file(s)
  reg_120122019017.xml: 1 directive(s) → 1 file(s)
  reg_120122019028.xml: 0 directive(s) → 1 file(s)
  reg_120122023015.xml: 0 directive(s) → 1 file(s)
  reg_120122023031.xml: 0 directive(s) → 1 file(s)
  reg_120122023033.xml: 0 directive(s) → 1 file(s)
  reg_120122025010.xml: 0 directive(s) → 1 file(s)
  reg_120122025011.xml: 0 directive(s) → 1 file(s)
  reg_120122025013.xml: 0 directive(s) → 1 file(s)
  reg_120122025023.xml: 0 directive(s) → 1 file(s)
  reg_120122025024.xml: 0 directive(s) → 1 file(s)
  reg_120122025026.xml: 1 directive(s) → 1 file(s)
  reg_120122025028.xml: 0 directive(s) → 1 file(s)
  reg_120122025029.xml: 0 directive(s) → 1 file(s)
  reg_120122025030.xml: 0 directive(s) → 1 file(s)
  reg_120122025031.xml: 0 directive(s) → 1 file(s)
  reg_120122025039.xml: 0 directive(s) → 1 file(s)
  reg_120122025040.xml: 0 directive(s) → 1 file(s)
  reg_120122025042.xml: 0 directive(s) → 1 file(s)
  reg_120122025043.xml: 1 directive(s) → 1 file(s)
  reg_120122025046.xml: 0 directive(s) → 1 file(s)
  reg_120122025049.xml: 0 directive(s) → 1 file(s)
  reg_121012020009.xml: 0 directive(s) → 1 file(s)
  reg_121012022013.xml: 0 directive(s) → 1 file(s)
  reg_121012022015.xml: 0 directive(s) → 1 file(s)
  reg_121012022020.xml: 1 directive(s) → 1 file(s)
  reg_121012022022.xml: 0 directive(s) → 1 file(s)
  reg_121012025004.xml: 0 directive(s) → 1 file(s)
  reg_121012025005.xml: 0 directive(s) → 1 file(s)
  reg_121012025009.xml: 0 directive(s) → 1 file(s)
  reg_121012026001.xml: 0 directive(s) → 1 file(s)
  reg_121012026003.xml: 0 directive(s) → 1 file(s)
  reg_121012026005.xml: 0 directive(s) → 1 file(s)
  reg_121022019003.xml: 0 directive(s) → 1 file(s)
  reg_121022020006.xml: 0 directive(s) → 1 file(s)
  reg_121022023001.xml: 1 directive(s) → 1 file(s)
  reg_121022023002.xml: 0 directive(s) → 1 file(s)
  reg_121022023005.xml: 1 directive(s) → 1 file(s)
  reg_121022023006.xml: 0 directive(s) → 1 file(s)
  reg_121022023007.xml: 0 directive(s) → 1 file(s)
  reg_121022024006.xml: 0 directive(s) → 1 file(s)
  reg_121022025010.xml: 0 directive(s) → 1 file(s)
  reg_121022025013.xml: 0 directive(s) → 1 file(s)
  reg_121032017008.xml: 0 directive(s) → 1 file(s)
  reg_121032017016.xml: 0 directive(s) → 1 file(s)
  reg_121032023005.xml: 1 directive(s) → 1 file(s)
  reg_121032023012.xml: 0 directive(s) → 1 file(s)
  reg_121032024005.xml: 0 directive(s) → 1 file(s)
  reg_121032025001.xml: 0 directive(s) → 1 file(s)
  reg_121032025005.xml: 0 directive(s) → 1 file(s)
  reg_121032025006.xml: 0 directive(s) → 1 file(s)
  reg_121032025007.xml: 0 directive(s) → 1 file(s)
  reg_121032025008.xml: 0 directive(s) → 1 file(s)
  reg_121032025009.xml: 0 directive(s) → 1 file(s)
  reg_121032025010.xml: 0 directive(s) → 1 file(s)
  reg_121032025013.xml: 0 directive(s) → 1 file(s)
  reg_121032025014.xml: 0 directive(s) → 1 file(s)
  reg_121032025015.xml: 0 directive(s) → 1 file(s)
  reg_121032025016.xml: 0 directive(s) → 1 file(s)
  reg_121032025017.xml: 0 directive(s) → 1 file(s)
  reg_121032025018.xml: 0 directive(s) → 1 file(s)
  reg_121032025020.xml: 0 directive(s) → 1 file(s)
  reg_121032025021.xml: 0 directive(s) → 1 file(s)
  reg_121032025022.xml: 0 directive(s) → 1 file(s)
  reg_121032025023.xml: 0 directive(s) → 1 file(s)
  reg_121032025024.xml: 0 directive(s) → 1 file(s)
  reg_121032025026.xml: 0 directive(s) → 1 file(s)
  reg_121032025029.xml: 0 directive(s) → 1 file(s)
  reg_121032025030.xml: 0 directive(s) → 1 file(s)
  reg_121032025031.xml: 0 directive(s) → 1 file(s)
  reg_121032025032.xml: 0 directive(s) → 1 file(s)
  reg_121032025033.xml: 0 directive(s) → 1 file(s)
  reg_121032025036.xml: 0 directive(s) → 1 file(s)
  reg_121032025038.xml: 0 directive(s) → 1 file(s)
  reg_121042017003.xml: 1 directive(s) → 1 file(s)
  reg_121042017004.xml: 1 directive(s) → 1 file(s)
  reg_121042017013.xml: 0 directive(s) → 1 file(s)
  reg_121042017016.xml: 0 directive(s) → 1 file(s)
  reg_121042020061.xml: 0 directive(s) → 1 file(s)
  reg_121042021002.xml: 1 directive(s) → 1 file(s)
  reg_121042021003.xml: 2 directive(s) → 1 file(s)
  reg_121042021029.xml: 0 directive(s) → 1 file(s)
  reg_121042022002.xml: 0 directive(s) → 1 file(s)
  reg_121042023002.xml: 0 directive(s) → 1 file(s)
  reg_121042023003.xml: 0 directive(s) → 1 file(s)
  reg_121052013008.xml: 0 directive(s) → 1 file(s)
  reg_121052014022.xml: 0 directive(s) → 1 file(s)
  reg_121052016006.xml: 0 directive(s) → 1 file(s)
  reg_121052021003.xml: 1 directive(s) → 1 file(s)
  reg_121052025002.xml: 0 directive(s) → 1 file(s)
  reg_121062016030.xml: 1 directive(s) → 1 file(s)
  reg_121062017020.xml: 0 directive(s) → 1 file(s)
  reg_121062017021.xml: 0 directive(s) → 1 file(s)
  reg_121062017024.xml: 0 directive(s) → 1 file(s)
  reg_121062023002.xml: 1 directive(s) → 1 file(s)
  reg_121062023004.xml: 0 directive(s) → 1 file(s)
  reg_121062025002.xml: 0 directive(s) → 1 file(s)
  reg_121062025003.xml: 0 directive(s) → 1 file(s)
  reg_121062025004.xml: 0 directive(s) → 1 file(s)
  reg_121072023004.xml: 0 directive(s) → 1 file(s)
  reg_121072023007.xml: 0 directive(s) → 1 file(s)
  reg_121072026002.xml: 0 directive(s) → 1 file(s)
  reg_121072026006.xml: 2 directive(s) → 1 file(s)
  reg_121072026007.xml: 0 directive(s) → 1 file(s)
  reg_121072026008.xml: 2 directive(s) → 1 file(s)
  reg_121072026009.xml: 2 directive(s) → 1 file(s)
  reg_121072026010.xml: 0 directive(s) → 1 file(s)
  reg_121072026012.xml: 0 directive(s) → 1 file(s)
  reg_121072026013.xml: 0 directive(s) → 1 file(s)
  reg_121072026015.xml: 0 directive(s) → 1 file(s)
  reg_121072026016.xml: 1 directive(s) → 1 file(s)
  reg_121072026018.xml: 0 directive(s) → 1 file(s)
  reg_121072026019.xml: 0 directive(s) → 1 file(s)
  reg_121072026020.xml: 0 directive(s) → 1 file(s)
  reg_121072026021.xml: 0 directive(s) → 1 file(s)
  reg_121072026022.xml: 0 directive(s) → 1 file(s)
  reg_121072026023.xml: 0 directive(s) → 1 file(s)
  reg_121072026024.xml: 0 directive(s) → 1 file(s)
  reg_121072026025.xml: 0 directive(s) → 1 file(s)
  reg_121082015003.xml: 0 directive(s) → 1 file(s)
  reg_121092022005.xml: 0 directive(s) → 1 file(s)
  reg_121102016014.xml: 1 directive(s) → 1 file(s)
  reg_121102020003.xml: 0 directive(s) → 1 file(s)
  reg_121102022002.xml: 0 directive(s) → 1 file(s)
  reg_121102022004.xml: 1 directive(s) → 1 file(s)
  reg_121102023002.xml: 0 directive(s) → 1 file(s)
  reg_121102023006.xml: 0 directive(s) → 1 file(s)
  reg_121102025003.xml: 0 directive(s) → 1 file(s)
  reg_121102025008.xml: 0 directive(s) → 1 file(s)
  reg_121102025010.xml: 1 directive(s) → 1 file(s)
  reg_121102025014.xml: 0 directive(s) → 1 file(s)
  reg_121102025017.xml: 0 directive(s) → 1 file(s)
  reg_121112014030.xml: 0 directive(s) → 1 file(s)
  reg_121112014034.xml: 0 directive(s) → 1 file(s)
  reg_121122012036.xml: 0 directive(s) → 1 file(s)
  reg_121122012037.xml: 0 directive(s) → 1 file(s)
  reg_121122017003.xml: 0 directive(s) → 1 file(s)
  reg_121122017044.xml: 0 directive(s) → 1 file(s)
  reg_121122019031.xml: 0 directive(s) → 1 file(s)
  reg_121122022001.xml: 1 directive(s) → 1 file(s)
  reg_121122022007.xml: 0 directive(s) → 1 file(s)
  reg_121122022008.xml: 0 directive(s) → 1 file(s)
  reg_121122022017.xml: 0 directive(s) → 1 file(s)
  reg_121122022024.xml: 0 directive(s) → 1 file(s)
  reg_121122022025.xml: 5 directive(s) → 1 file(s)
  reg_121122022026.xml: 0 directive(s) → 1 file(s)
  reg_121122022032.xml: 1 directive(s) → 1 file(s)
  reg_121122024012.xml: 0 directive(s) → 1 file(s)
  reg_121122024016.xml: 0 directive(s) → 1 file(s)
  reg_121122024017.xml: 0 directive(s) → 1 file(s)
  reg_121122024018.xml: 0 directive(s) → 1 file(s)
  reg_121122024021.xml: 0 directive(s) → 1 file(s)
  reg_121122024025.xml: 0 directive(s) → 1 file(s)
  reg_121122024029.xml: 0 directive(s) → 1 file(s)
  reg_122012019005.xml: 0 directive(s) → 1 file(s)
  reg_122012020004.xml: 0 directive(s) → 1 file(s)
  reg_122012022006.xml: 0 directive(s) → 1 file(s)
  reg_122012022008.xml: 0 directive(s) → 1 file(s)
  reg_122012025003.xml: 0 directive(s) → 1 file(s)
  reg_122012025004.xml: 0 directive(s) → 1 file(s)
  reg_122012026004.xml: 2 directive(s) → 1 file(s)
  reg_122012026007.xml: 0 directive(s) → 1 file(s)
  reg_122012026013.xml: 0 directive(s) → 1 file(s)
  reg_122022017024.xml: 0 directive(s) → 1 file(s)
  reg_122022022009.xml: 0 directive(s) → 1 file(s)
  reg_122022023021.xml: 0 directive(s) → 1 file(s)
  reg_122032013005.xml: 0 directive(s) → 1 file(s)
  reg_122032013023.xml: 0 directive(s) → 1 file(s)
  reg_122032019004.xml: 0 directive(s) → 1 file(s)
  reg_122032019009.xml: 0 directive(s) → 1 file(s)
  reg_122032019014.xml: 0 directive(s) → 1 file(s)
  reg_122032023007.xml: 1 directive(s) → 1 file(s)
  reg_122032023009.xml: 1 directive(s) → 1 file(s)
  reg_122032023010.xml: 0 directive(s) → 1 file(s)
  reg_122032023019.xml: 1 directive(s) → 1 file(s)
  reg_122032023020.xml: 1 directive(s) → 1 file(s)
  reg_122032023021.xml: 1 directive(s) → 1 file(s)
  reg_122032023022.xml: 0 directive(s) → 1 file(s)
  reg_122032023030.xml: 0 directive(s) → 1 file(s)
  reg_122032024024.xml: 1 directive(s) → 1 file(s)
  reg_122042015012.xml: 1 directive(s) → 1 file(s)
  reg_122042021009.xml: 0 directive(s) → 1 file(s)
  reg_122042025002.xml: 0 directive(s) → 1 file(s)
  reg_122042025003.xml: 0 directive(s) → 1 file(s)
  reg_122052020009.xml: 0 directive(s) → 1 file(s)
  reg_122052020018.xml: 0 directive(s) → 1 file(s)
  reg_122052024004.xml: 0 directive(s) → 1 file(s)
  reg_122052024005.xml: 1 directive(s) → 1 file(s)
  reg_122052025003.xml: 0 directive(s) → 1 file(s)
  reg_122052025006.xml: 0 directive(s) → 1 file(s)
  reg_122052026002.xml: 2 directive(s) → 1 file(s)
  reg_122052026003.xml: 0 directive(s) → 1 file(s)
  reg_122052026005.xml: 0 directive(s) → 1 file(s)
  reg_122052026008.xml: 0 directive(s) → 1 file(s)
  reg_122062017016.xml: 0 directive(s) → 1 file(s)
  reg_122062017018.xml: 0 directive(s) → 1 file(s)
  reg_122062021002.xml: 0 directive(s) → 1 file(s)
  reg_122062022022.xml: 0 directive(s) → 1 file(s)
  reg_122062022023.xml: 0 directive(s) → 1 file(s)
  reg_122062023003.xml: 0 directive(s) → 1 file(s)
  reg_122062023006.xml: 0 directive(s) → 1 file(s)
  reg_122062023009.xml: 0 directive(s) → 1 file(s)
  reg_122062024006.xml: 0 directive(s) → 1 file(s)
  reg_122072016004.xml: 1 directive(s) → 1 file(s)
  reg_122072025004.xml: 0 directive(s) → 1 file(s)
  reg_122072025005.xml: 0 directive(s) → 1 file(s)
  reg_122072025007.xml: 0 directive(s) → 1 file(s)
  reg_122072026002.xml: 0 directive(s) → 1 file(s)
  reg_122072026003.xml: 0 directive(s) → 1 file(s)
  reg_122072026004.xml: 0 directive(s) → 1 file(s)
  reg_122072026005.xml: 0 directive(s) → 1 file(s)
  reg_122072026008.xml: 0 directive(s) → 1 file(s)
  reg_122072026010.xml: 1 directive(s) → 1 file(s)
  reg_122082017001.xml: 0 directive(s) → 1 file(s)
  reg_122082019003.xml: 2 directive(s) → 1 file(s)
  reg_122082023003.xml: 1 directive(s) → 1 file(s)
  reg_122082024007.xml: 0 directive(s) → 1 file(s)
  reg_122082024008.xml: 0 directive(s) → 1 file(s)
  reg_122082024009.xml: 0 directive(s) → 1 file(s)
  reg_122082025002.xml: 0 directive(s) → 1 file(s)
  reg_122082025007.xml: 0 directive(s) → 1 file(s)
  reg_122082025009.xml: 0 directive(s) → 1 file(s)
  reg_122082025010.xml: 0 directive(s) → 1 file(s)
  reg_122082025011.xml: 0 directive(s) → 1 file(s)
  reg_122082026006.xml: 0 directive(s) → 1 file(s)
  reg_122082026007.xml: 0 directive(s) → 1 file(s)
  reg_122082026008.xml: 0 directive(s) → 1 file(s)
  reg_122082026009.xml: 0 directive(s) → 1 file(s)
  reg_122082026010.xml: 0 directive(s) → 1 file(s)
  reg_122082026012.xml: 1 directive(s) → 1 file(s)
  reg_122082026014.xml: 0 directive(s) → 1 file(s)
  reg_122092017005.xml: 0 directive(s) → 1 file(s)
  reg_122102019003.xml: 0 directive(s) → 1 file(s)
  reg_122102019005.xml: 0 directive(s) → 1 file(s)
  reg_122102022009.xml: 0 directive(s) → 1 file(s)
  reg_122102024006.xml: 1 directive(s) → 1 file(s)
  reg_122102025006.xml: 0 directive(s) → 1 file(s)
  reg_122102025008.xml: 0 directive(s) → 1 file(s)
  reg_122112016008.xml: 1 directive(s) → 1 file(s)
  reg_122112016017.xml: 0 directive(s) → 1 file(s)
  reg_122112016019.xml: 0 directive(s) → 1 file(s)
  reg_122112016023.xml: 0 directive(s) → 1 file(s)
  reg_122112017008.xml: 0 directive(s) → 1 file(s)
  reg_122112022001.xml: 0 directive(s) → 1 file(s)
  reg_122112022009.xml: 0 directive(s) → 1 file(s)
  reg_122112023004.xml: 1 directive(s) → 1 file(s)
  reg_122112023007.xml: 0 directive(s) → 1 file(s)
  reg_122112023008.xml: 0 directive(s) → 1 file(s)
  reg_122112023009.xml: 0 directive(s) → 1 file(s)
  reg_122112024002.xml: 0 directive(s) → 1 file(s)
  reg_122122015002.xml: 0 directive(s) → 1 file(s)
  reg_122122015007.xml: 0 directive(s) → 1 file(s)
  reg_122122015009.xml: 1 directive(s) → 1 file(s)
  reg_122122015031.xml: 0 directive(s) → 1 file(s)
  reg_122122015050.xml: 0 directive(s) → 1 file(s)
  reg_122122015061.xml: 0 directive(s) → 1 file(s)
  reg_122122016004.xml: 0 directive(s) → 1 file(s)
  reg_122122018026.xml: 0 directive(s) → 1 file(s)
  reg_122122018033.xml: 0 directive(s) → 1 file(s)
  reg_122122018041.xml: 0 directive(s) → 1 file(s)
  reg_122122020032.xml: 0 directive(s) → 1 file(s)
  reg_122122022031.xml: 0 directive(s) → 1 file(s)
  reg_123012015005.xml: 0 directive(s) → 1 file(s)
  reg_123012018002.xml: 1 directive(s) → 1 file(s)
  reg_123012025002.xml: 0 directive(s) → 1 file(s)
  reg_123012026002.xml: 0 directive(s) → 1 file(s)
  reg_123012026003.xml: 0 directive(s) → 1 file(s)
  reg_123012026006.xml: 0 directive(s) → 1 file(s)
  reg_123012026007.xml: 0 directive(s) → 1 file(s)
  reg_123012026017.xml: 0 directive(s) → 1 file(s)
  reg_123012026018.xml: 0 directive(s) → 1 file(s)
  reg_123022021007.xml: 0 directive(s) → 1 file(s)
  reg_123022021008.xml: 0 directive(s) → 1 file(s)
  reg_123022021013.xml: 0 directive(s) → 1 file(s)
  reg_123022021014.xml: 0 directive(s) → 1 file(s)
  reg_123022022013.xml: 0 directive(s) → 1 file(s)
  reg_123022023011.xml: 0 directive(s) → 1 file(s)
  reg_123022024008.xml: 0 directive(s) → 1 file(s)
  reg_123032022004.xml: 0 directive(s) → 1 file(s)
  reg_123032022006.xml: 0 directive(s) → 1 file(s)
  reg_123042014012.xml: 0 directive(s) → 1 file(s)
  reg_123042014013.xml: 0 directive(s) → 1 file(s)
  reg_123042019004.xml: 0 directive(s) → 1 file(s)
  reg_123042019006.xml: 0 directive(s) → 1 file(s)
  reg_123042025002.xml: 0 directive(s) → 1 file(s)
  reg_123042026001.xml: 0 directive(s) → 1 file(s)
  reg_123042026002.xml: 0 directive(s) → 1 file(s)
  reg_123042026005.xml: 0 directive(s) → 1 file(s)
  reg_123042026006.xml: 0 directive(s) → 1 file(s)
  reg_123052023005.xml: 0 directive(s) → 1 file(s)
  reg_123052023006.xml: 0 directive(s) → 1 file(s)
  reg_123052023010.xml: 0 directive(s) → 1 file(s)
  reg_123052023012.xml: 0 directive(s) → 1 file(s)
  reg_123052023014.xml: 0 directive(s) → 1 file(s)
  reg_123052023015.xml: 0 directive(s) → 1 file(s)
  reg_123052023016.xml: 0 directive(s) → 1 file(s)
  reg_123052023020.xml: 0 directive(s) → 1 file(s)
  reg_123052023025.xml: 0 directive(s) → 1 file(s)
  reg_123052023028.xml: 0 directive(s) → 1 file(s)
  reg_123052023031.xml: 5 directive(s) → 1 file(s)
  reg_123052023036.xml: 0 directive(s) → 1 file(s)
  reg_123052023038.xml: 0 directive(s) → 1 file(s)
  reg_123052023049.xml: 0 directive(s) → 1 file(s)
  reg_123052023055.xml: 0 directive(s) → 1 file(s)
  reg_123052023058.xml: 0 directive(s) → 1 file(s)
  reg_123052025003.xml: 0 directive(s) → 1 file(s)
  reg_123072014004.xml: 0 directive(s) → 1 file(s)
  reg_123072016001.xml: 0 directive(s) → 1 file(s)
  reg_123072016002.xml: 0 directive(s) → 1 file(s)
  reg_123072019018.xml: 1 directive(s) → 1 file(s)
  reg_123072019019.xml: 1 directive(s) → 1 file(s)
  reg_123072025002.xml: 0 directive(s) → 1 file(s)
  reg_123072025003.xml: 1 directive(s) → 1 file(s)
  reg_123072025004.xml: 0 directive(s) → 1 file(s)
  reg_123072025005.xml: 0 directive(s) → 1 file(s)
  reg_123072025006.xml: 0 directive(s) → 1 file(s)
  reg_123082019005.xml: 0 directive(s) → 1 file(s)
  reg_123082019010.xml: 0 directive(s) → 1 file(s)
  reg_123082022004.xml: 0 directive(s) → 1 file(s)
  reg_123082022005.xml: 0 directive(s) → 1 file(s)
  reg_123092014006.xml: 0 directive(s) → 1 file(s)
  reg_123092015009.xml: 0 directive(s) → 1 file(s)
  reg_123092022003.xml: 0 directive(s) → 1 file(s)
  reg_123092022008.xml: 0 directive(s) → 1 file(s)
  reg_123092022011.xml: 1 directive(s) → 1 file(s)
  reg_123092022012.xml: 0 directive(s) → 1 file(s)
  reg_123092025001.xml: 0 directive(s) → 1 file(s)
  reg_123092025002.xml: 0 directive(s) → 1 file(s)
  reg_123092025003.xml: 0 directive(s) → 1 file(s)
  reg_123092025005.xml: 0 directive(s) → 1 file(s)
  reg_123092025006.xml: 0 directive(s) → 1 file(s)
  reg_123092025009.xml: 0 directive(s) → 1 file(s)
  reg_123092025011.xml: 0 directive(s) → 1 file(s)
  reg_123092026002.xml: 0 directive(s) → 1 file(s)
  reg_123092026004.xml: 1 directive(s) → 1 file(s)
  reg_123092026005.xml: 0 directive(s) → 1 file(s)
  reg_123092026007.xml: 0 directive(s) → 1 file(s)
  reg_123092026010.xml: 0 directive(s) → 1 file(s)
  reg_123092026016.xml: 0 directive(s) → 1 file(s)
  reg_123092026017.xml: 0 directive(s) → 1 file(s)
  reg_123092026019.xml: 0 directive(s) → 1 file(s)
  reg_123092026020.xml: 0 directive(s) → 1 file(s)
  reg_123102014009.xml: 0 directive(s) → 1 file(s)
  reg_123102015002.xml: 0 directive(s) → 1 file(s)
  reg_123102019006.xml: 0 directive(s) → 1 file(s)
  reg_123102024001.xml: 0 directive(s) → 1 file(s)
  reg_123102024002.xml: 0 directive(s) → 1 file(s)
  reg_123102024003.xml: 0 directive(s) → 1 file(s)
  reg_123102024004.xml: 0 directive(s) → 1 file(s)
  reg_123112018005.xml: 0 directive(s) → 1 file(s)
  reg_123122017038.xml: 0 directive(s) → 1 file(s)
  reg_123122017041.xml: 0 directive(s) → 1 file(s)
  reg_123122017042.xml: 0 directive(s) → 1 file(s)
  reg_123122017043.xml: 0 directive(s) → 1 file(s)
  reg_123122017053.xml: 0 directive(s) → 1 file(s)
  reg_123122020023.xml: 1 directive(s) → 1 file(s)
  reg_123122021017.xml: 0 directive(s) → 1 file(s)
  reg_123122021023.xml: 0 directive(s) → 1 file(s)
  reg_123122021024.xml: 0 directive(s) → 1 file(s)
  reg_123122023015.xml: 0 directive(s) → 1 file(s)
  reg_123122023018.xml: 1 directive(s) → 1 file(s)
  reg_123122023026.xml: 0 directive(s) → 1 file(s)
  reg_123122023028.xml: 0 directive(s) → 1 file(s)
  reg_123122023034.xml: 1 directive(s) → 1 file(s)
  reg_123122025005.xml: 0 directive(s) → 1 file(s)
  reg_123122025007.xml: 0 directive(s) → 1 file(s)
  reg_123122025009.xml: 0 directive(s) → 1 file(s)
  reg_123122025010.xml: 0 directive(s) → 1 file(s)
  reg_123122025016.xml: 0 directive(s) → 1 file(s)
  reg_123122025017.xml: 0 directive(s) → 1 file(s)
  reg_123122025019.xml: 5 directive(s) → 1 file(s)
  reg_123122025030.xml: 0 directive(s) → 1 file(s)
  reg_123122025035.xml: 0 directive(s) → 1 file(s)
  reg_123122025036.xml: 0 directive(s) → 1 file(s)
  reg_123122025037.xml: 0 directive(s) → 1 file(s)
  reg_123122025038.xml: 0 directive(s) → 1 file(s)
  reg_123122025039.xml: 0 directive(s) → 1 file(s)
  reg_123122025040.xml: 0 directive(s) → 1 file(s)
  reg_123122025041.xml: 0 directive(s) → 1 file(s)
  reg_123122025042.xml: 0 directive(s) → 1 file(s)
  reg_123122025043.xml: 0 directive(s) → 1 file(s)
  reg_123122025044.xml: 0 directive(s) → 1 file(s)
  reg_123122025045.xml: 0 directive(s) → 1 file(s)
  reg_123122025046.xml: 0 directive(s) → 1 file(s)
  reg_123122025047.xml: 0 directive(s) → 1 file(s)
  reg_123122025048.xml: 0 directive(s) → 1 file(s)
  reg_123122025049.xml: 0 directive(s) → 1 file(s)
  reg_123122025050.xml: 0 directive(s) → 1 file(s)
  reg_124012017008.xml: 0 directive(s) → 1 file(s)
  reg_124012023009.xml: 1 directive(s) → 1 file(s)
  reg_124012023010.xml: 1 directive(s) → 1 file(s)
  reg_124012025004.xml: 0 directive(s) → 1 file(s)
  reg_124012025009.xml: 0 directive(s) → 1 file(s)
  reg_124032022005.xml: 0 directive(s) → 1 file(s)
  reg_124032022010.xml: 0 directive(s) → 1 file(s)
  reg_124032022011.xml: 0 directive(s) → 1 file(s)
  reg_124032023006.xml: 0 directive(s) → 1 file(s)
  reg_124032023010.xml: 0 directive(s) → 1 file(s)
  reg_124032023016.xml: 0 directive(s) → 1 file(s)
  reg_124032023017.xml: 0 directive(s) → 1 file(s)
  reg_124032026002.xml: 2 directive(s) → 1 file(s)
  reg_124032026003.xml: 0 directive(s) → 1 file(s)
  reg_124032026004.xml: 0 directive(s) → 1 file(s)
  reg_124032026005.xml: 0 directive(s) → 1 file(s)
  reg_124032026008.xml: 0 directive(s) → 1 file(s)
  reg_124042015005.xml: 0 directive(s) → 1 file(s)
  reg_124042015010.xml: 1 directive(s) → 1 file(s)
  reg_124042020002.xml: 0 directive(s) → 1 file(s)
  reg_124042020003.xml: 0 directive(s) → 1 file(s)
  reg_124042020005.xml: 1 directive(s) → 1 file(s)
  reg_124042020011.xml: 0 directive(s) → 1 file(s)
  reg_124042020014.xml: 0 directive(s) → 1 file(s)
  reg_124042024002.xml: 0 directive(s) → 1 file(s)
  reg_124042024020.xml: 0 directive(s) → 1 file(s)
  reg_124042025006.xml: 0 directive(s) → 1 file(s)
  reg_124042025007.xml: 0 directive(s) → 1 file(s)
  reg_124042026002.xml: 0 directive(s) → 1 file(s)
  reg_124042026004.xml: 2 directive(s) → 1 file(s)
  reg_124042026006.xml: 0 directive(s) → 1 file(s)
  reg_124052019002.xml: 1 directive(s) → 1 file(s)
  reg_124052022010.xml: 0 directive(s) → 1 file(s)
  reg_124052023006.xml: 0 directive(s) → 1 file(s)
  reg_124052023007.xml: 4 directive(s) → 1 file(s)
  reg_124052024011.xml: 0 directive(s) → 1 file(s)
  reg_124072012014.xml: 0 directive(s) → 1 file(s)
  reg_124072020005.xml: 1 directive(s) → 1 file(s)
  reg_124072020006.xml: 0 directive(s) → 1 file(s)
  reg_124072026004.xml: 0 directive(s) → 1 file(s)
  reg_124072026006.xml: 0 directive(s) → 1 file(s)
  reg_124072026007.xml: 0 directive(s) → 1 file(s)
  reg_124092019007.xml: 0 directive(s) → 1 file(s)
  reg_124092020006.xml: 0 directive(s) → 1 file(s)
  reg_124092022003.xml: 0 directive(s) → 1 file(s)
  reg_124092024007.xml: 0 directive(s) → 1 file(s)
  reg_124092024013.xml: 0 directive(s) → 1 file(s)
  reg_124092025002.xml: 0 directive(s) → 1 file(s)
  reg_124092025004.xml: 0 directive(s) → 1 file(s)
  reg_124092026002.xml: 0 directive(s) → 1 file(s)
  reg_124092026004.xml: 0 directive(s) → 1 file(s)
  reg_124092026006.xml: 0 directive(s) → 1 file(s)
  reg_124092026008.xml: 0 directive(s) → 1 file(s)
  reg_124102025003.xml: 1 directive(s) → 1 file(s)
  reg_124102025004.xml: 0 directive(s) → 1 file(s)
  reg_124102025005.xml: 1 directive(s) → 1 file(s)
  reg_124102025006.xml: 2 directive(s) → 1 file(s)
  reg_124102025007.xml: 0 directive(s) → 1 file(s)
  reg_124112015002.xml: 0 directive(s) → 1 file(s)
  reg_124112020008.xml: 0 directive(s) → 1 file(s)
  reg_124112021005.xml: 0 directive(s) → 1 file(s)
  reg_124112021007.xml: 1 directive(s) → 1 file(s)
  reg_124112023007.xml: 1 directive(s) → 1 file(s)
  reg_124112023009.xml: 2 directive(s) → 1 file(s)
  reg_125012012008.xml: 0 directive(s) → 1 file(s)
  reg_125012022003.xml: 0 directive(s) → 1 file(s)
  reg_125012022004.xml: 0 directive(s) → 1 file(s)
  reg_125032013005.xml: 0 directive(s) → 1 file(s)
  reg_125032013009.xml: 0 directive(s) → 1 file(s)
  reg_125032014002.xml: 0 directive(s) → 1 file(s)
  reg_125032020006.xml: 0 directive(s) → 1 file(s)
  reg_125032022009.xml: 0 directive(s) → 1 file(s)
  reg_125032026003.xml: 0 directive(s) → 1 file(s)
  reg_125032026007.xml: 0 directive(s) → 1 file(s)
  reg_125032026013.xml: 0 directive(s) → 1 file(s)
  reg_125032026016.xml: 0 directive(s) → 1 file(s)
  reg_125032026018.xml: 0 directive(s) → 1 file(s)
  reg_125032026019.xml: 0 directive(s) → 1 file(s)
  reg_125032026020.xml: 0 directive(s) → 1 file(s)
  reg_125042014009.xml: 1 directive(s) → 1 file(s)
  reg_125042017019.xml: 0 directive(s) → 1 file(s)
  reg_125042017020.xml: 0 directive(s) → 1 file(s)
  reg_125042024005.xml: 0 directive(s) → 1 file(s)
  reg_125042024012.xml: 0 directive(s) → 1 file(s)
  reg_125042024014.xml: 0 directive(s) → 1 file(s)
  reg_125042025006.xml: 1 directive(s) → 1 file(s)
  reg_125042025007.xml: 0 directive(s) → 1 file(s)
  reg_125042025013.xml: 0 directive(s) → 1 file(s)
  reg_125042025014.xml: 0 directive(s) → 1 file(s)
  reg_125042025023.xml: 0 directive(s) → 1 file(s)
  reg_125052012030.xml: 0 directive(s) → 1 file(s)
  reg_125052016006.xml: 0 directive(s) → 1 file(s)
  reg_125052021003.xml: 0 directive(s) → 1 file(s)
  reg_125052024014.xml: 0 directive(s) → 1 file(s)
  reg_125052024015.xml: 0 directive(s) → 1 file(s)
  reg_125062016055.xml: 0 directive(s) → 1 file(s)
  reg_125062021020.xml: 0 directive(s) → 1 file(s)
  reg_125062025004.xml: 0 directive(s) → 1 file(s)
  reg_125062025007.xml: 0 directive(s) → 1 file(s)
  reg_125062025008.xml: 0 directive(s) → 1 file(s)
  reg_125072023007.xml: 0 directive(s) → 1 file(s)
  reg_125082017005.xml: 0 directive(s) → 1 file(s)
  reg_125082022001.xml: 0 directive(s) → 1 file(s)
  reg_125082023003.xml: 0 directive(s) → 1 file(s)
  reg_125082023004.xml: 0 directive(s) → 1 file(s)
  reg_125082023008.xml: 0 directive(s) → 1 file(s)
  reg_125082023009.xml: 0 directive(s) → 1 file(s)
  reg_125082023010.xml: 0 directive(s) → 1 file(s)
  reg_125082026001.xml: 0 directive(s) → 1 file(s)
  reg_125082026003.xml: 0 directive(s) → 1 file(s)
  reg_125082026004.xml: 0 directive(s) → 1 file(s)
  reg_125092018004.xml: 1 directive(s) → 1 file(s)
  reg_125092024002.xml: 0 directive(s) → 1 file(s)
  reg_125092024004.xml: 0 directive(s) → 1 file(s)
  reg_125092025001.xml: 0 directive(s) → 1 file(s)
  reg_125092026002.xml: 0 directive(s) → 1 file(s)
  reg_125092026003.xml: 0 directive(s) → 1 file(s)
  reg_125092026004.xml: 0 directive(s) → 1 file(s)
  reg_125092026005.xml: 0 directive(s) → 1 file(s)
  reg_125092026006.xml: 0 directive(s) → 1 file(s)
  reg_125092026007.xml: 0 directive(s) → 1 file(s)
  reg_125102022008.xml: 0 directive(s) → 1 file(s)
  reg_125102022009.xml: 0 directive(s) → 1 file(s)
  reg_125112014013.xml: 2 directive(s) → 1 file(s)
  reg_125112014014.xml: 1 directive(s) → 1 file(s)
  reg_125112014016.xml: 0 directive(s) → 1 file(s)
  reg_125112020013.xml: 0 directive(s) → 1 file(s)
  reg_125112021004.xml: 0 directive(s) → 1 file(s)
  reg_125112021006.xml: 0 directive(s) → 1 file(s)
  reg_125112021009.xml: 0 directive(s) → 1 file(s)
  reg_125112021010.xml: 0 directive(s) → 1 file(s)
  reg_125112021012.xml: 0 directive(s) → 1 file(s)
  reg_125112021013.xml: 2 directive(s) → 1 file(s)
  reg_125112021014.xml: 1 directive(s) → 1 file(s)
  reg_125112021016.xml: 0 directive(s) → 1 file(s)
  reg_125112021018.xml: 0 directive(s) → 1 file(s)
  reg_125112021019.xml: 0 directive(s) → 1 file(s)
  reg_125112021021.xml: 2 directive(s) → 1 file(s)
  reg_125112021022.xml: 0 directive(s) → 1 file(s)
  reg_125112021025.xml: 0 directive(s) → 1 file(s)
  reg_125112025004.xml: 0 directive(s) → 1 file(s)
  reg_125112025005.xml: 0 directive(s) → 1 file(s)
  reg_125112025009.xml: 0 directive(s) → 1 file(s)
  reg_125112025012.xml: 0 directive(s) → 1 file(s)
  reg_125112025013.xml: 0 directive(s) → 1 file(s)
  reg_126012016008.xml: 0 directive(s) → 1 file(s)
  reg_126012018014.xml: 0 directive(s) → 1 file(s)
  reg_126012021006.xml: 0 directive(s) → 1 file(s)
  reg_126012023002.xml: 0 directive(s) → 1 file(s)
  reg_126012023005.xml: 0 directive(s) → 1 file(s)
  reg_126012024003.xml: 0 directive(s) → 1 file(s)
  reg_126012024004.xml: 0 directive(s) → 1 file(s)
  reg_126022015029.xml: 0 directive(s) → 1 file(s)
  reg_126022015055.xml: 0 directive(s) → 1 file(s)
  reg_126022015056.xml: 0 directive(s) → 1 file(s)
  reg_126022019002.xml: 0 directive(s) → 1 file(s)
  reg_126022019011.xml: 0 directive(s) → 1 file(s)
  reg_126022021019.xml: 1 directive(s) → 1 file(s)
  reg_126022021022.xml: 0 directive(s) → 1 file(s)
  reg_126022025002.xml: 0 directive(s) → 1 file(s)
  reg_126022025003.xml: 0 directive(s) → 1 file(s)
  reg_126022026008.xml: 0 directive(s) → 1 file(s)
  reg_126022026009.xml: 13 directive(s) → 1 file(s)
  reg_126022026010.xml: 1 directive(s) → 1 file(s)
  reg_126022026011.xml: 0 directive(s) → 1 file(s)
  reg_126022026012.xml: 0 directive(s) → 1 file(s)
  reg_126022026015.xml: 0 directive(s) → 1 file(s)
  reg_126022026016.xml: 0 directive(s) → 1 file(s)
  reg_126022026018.xml: 0 directive(s) → 1 file(s)
  reg_126022026019.xml: 0 directive(s) → 1 file(s)
  reg_126022026020.xml: 0 directive(s) → 1 file(s)
  reg_126022026023.xml: 0 directive(s) → 1 file(s)
  reg_126032014005.xml: 0 directive(s) → 1 file(s)
  reg_126032015012.xml: 0 directive(s) → 1 file(s)
  reg_126032019020.xml: 1 directive(s) → 1 file(s)
  reg_126032024006.xml: 0 directive(s) → 1 file(s)
  reg_126032024007.xml: 0 directive(s) → 1 file(s)
  reg_126032024009.xml: 0 directive(s) → 1 file(s)
  reg_126032024014.xml: 0 directive(s) → 1 file(s)
  reg_126032024017.xml: 0 directive(s) → 1 file(s)
  reg_126032024018.xml: 0 directive(s) → 1 file(s)
  reg_126032026004.xml: 0 directive(s) → 1 file(s)
  reg_126032026006.xml: 0 directive(s) → 1 file(s)
  reg_126032026007.xml: 0 directive(s) → 1 file(s)
  reg_126032026008.xml: 0 directive(s) → 1 file(s)
  reg_126032026010.xml: 0 directive(s) → 1 file(s)
  reg_126032026011.xml: 0 directive(s) → 1 file(s)
  reg_126032026012.xml: 0 directive(s) → 1 file(s)
  reg_126032026013.xml: 0 directive(s) → 1 file(s)
  reg_126042016016.xml: 0 directive(s) → 1 file(s)
  reg_126042019004.xml: 0 directive(s) → 1 file(s)
  reg_126042022003.xml: 0 directive(s) → 1 file(s)
  reg_126042022004.xml: 1 directive(s) → 1 file(s)
  reg_126042022009.xml: 1 directive(s) → 1 file(s)
  reg_126042022017.xml: 0 directive(s) → 1 file(s)
  reg_126042025002.xml: 0 directive(s) → 1 file(s)
  reg_126042025006.xml: 0 directive(s) → 1 file(s)
  reg_126052015003.xml: 0 directive(s) → 1 file(s)
  reg_126052015004.xml: 1 directive(s) → 1 file(s)
  reg_126052015005.xml: 1 directive(s) → 1 file(s)
  reg_126052020008.xml: 0 directive(s) → 1 file(s)
  reg_126052022001.xml: 0 directive(s) → 1 file(s)
  reg_126052023003.xml: 0 directive(s) → 1 file(s)
  reg_126052023008.xml: 1 directive(s) → 1 file(s)
  reg_126052023013.xml: 0 directive(s) → 1 file(s)
  reg_126052023014.xml: 1 directive(s) → 1 file(s)
  reg_126052026003.xml: 2 directive(s) → 1 file(s)
  reg_126052026004.xml: 1 directive(s) → 1 file(s)
  reg_126052026005.xml: 1 directive(s) → 1 file(s)
  reg_126052026006.xml: 1 directive(s) → 1 file(s)
  reg_126052026007.xml: 1 directive(s) → 1 file(s)
  reg_126052026008.xml: 8 directive(s) → 1 file(s)
  reg_126052026010.xml: 0 directive(s) → 1 file(s)
  reg_126052026011.xml: 0 directive(s) → 1 file(s)
  reg_126052026012.xml: 0 directive(s) → 1 file(s)
  reg_126052026016.xml: 0 directive(s) → 1 file(s)
  reg_126052026017.xml: 1 directive(s) → 1 file(s)
  reg_126052026026.xml: 0 directive(s) → 1 file(s)
  reg_126052026027.xml: 0 directive(s) → 1 file(s)
  reg_126052026029.xml: 0 directive(s) → 1 file(s)
  reg_126062013014.xml: 1 directive(s) → 1 file(s)
  reg_126062013015.xml: 1 directive(s) → 1 file(s)
  reg_126062013016.xml: 1 directive(s) → 1 file(s)
  reg_126062013017.xml: 1 directive(s) → 1 file(s)
  reg_126062013018.xml: 1 directive(s) → 1 file(s)
  reg_126062014001.xml: 0 directive(s) → 1 file(s)
  reg_126062014002.xml: 0 directive(s) → 1 file(s)
  reg_126062014003.xml: 0 directive(s) → 1 file(s)
  reg_126062015010.xml: 0 directive(s) → 1 file(s)
  reg_126062015011.xml: 0 directive(s) → 1 file(s)
  reg_126062015024.xml: 0 directive(s) → 1 file(s)
  reg_126062015031.xml: 0 directive(s) → 1 file(s)
  reg_126062015033.xml: 0 directive(s) → 1 file(s)
  reg_126062019001.xml: 0 directive(s) → 1 file(s)
  reg_126062019009.xml: 0 directive(s) → 1 file(s)
  reg_126062026003.xml: 0 directive(s) → 1 file(s)
  reg_126062026004.xml: 0 directive(s) → 1 file(s)
  reg_126062026005.xml: 0 directive(s) → 1 file(s)
  reg_126062026006.xml: 0 directive(s) → 1 file(s)
  reg_126062026007.xml: 0 directive(s) → 1 file(s)
  reg_126062026008.xml: 0 directive(s) → 1 file(s)
  reg_126062026010.xml: 0 directive(s) → 1 file(s)
  reg_126062026011.xml: 9 directive(s) → 1 file(s)
  reg_126062026012.xml: 0 directive(s) → 1 file(s)
  reg_126062026015.xml: 0 directive(s) → 1 file(s)
  reg_126062026019.xml: 0 directive(s) → 1 file(s)
  reg_126062026020.xml: 0 directive(s) → 1 file(s)
  reg_126062026024.xml: 0 directive(s) → 1 file(s)
  reg_126072024005.xml: 1 directive(s) → 1 file(s)
  reg_126082015007.xml: 0 directive(s) → 1 file(s)
  reg_126082022003.xml: 0 directive(s) → 1 file(s)
  reg_126082022004.xml: 0 directive(s) → 1 file(s)
  reg_126082022005.xml: 0 directive(s) → 1 file(s)
  reg_126082022006.xml: 0 directive(s) → 1 file(s)
  reg_126082022010.xml: 0 directive(s) → 1 file(s)
  reg_126082025003.xml: 0 directive(s) → 1 file(s)
  reg_126082025005.xml: 0 directive(s) → 1 file(s)
  reg_126082025006.xml: 0 directive(s) → 1 file(s)
  reg_126082025009.xml: 0 directive(s) → 1 file(s)
  reg_126082025010.xml: 0 directive(s) → 1 file(s)
  reg_126082025011.xml: 0 directive(s) → 1 file(s)
  reg_126082026001.xml: 0 directive(s) → 1 file(s)
  reg_126092013004.xml: 0 directive(s) → 1 file(s)
  reg_126092020004.xml: 0 directive(s) → 1 file(s)
  reg_126092025004.xml: 0 directive(s) → 1 file(s)
  reg_126092025005.xml: 0 directive(s) → 1 file(s)
  reg_126092026002.xml: 0 directive(s) → 1 file(s)
  reg_126092026003.xml: 0 directive(s) → 1 file(s)
  reg_126092026005.xml: 0 directive(s) → 1 file(s)
  reg_126092026008.xml: 0 directive(s) → 1 file(s)
  reg_126092026010.xml: 0 directive(s) → 1 file(s)
  reg_126092026012.xml: 0 directive(s) → 1 file(s)
  reg_126102023004.xml: 0 directive(s) → 1 file(s)
  reg_126102023007.xml: 0 directive(s) → 1 file(s)
  reg_126112021013.xml: 0 directive(s) → 1 file(s)
  reg_126112024003.xml: 0 directive(s) → 1 file(s)
  reg_126112024004.xml: 3 directive(s) → 1 file(s)
  reg_126112024009.xml: 0 directive(s) → 1 file(s)
  reg_126112024011.xml: 0 directive(s) → 1 file(s)
  reg_126112025005.xml: 0 directive(s) → 1 file(s)
  reg_127012015010.xml: 0 directive(s) → 1 file(s)
  reg_127012016011.xml: 0 directive(s) → 1 file(s)
  reg_127012017007.xml: 0 directive(s) → 1 file(s)
  reg_127012026001.xml: 0 directive(s) → 1 file(s)
  reg_127012026002.xml: 0 directive(s) → 1 file(s)
  reg_127012026006.xml: 1 directive(s) → 1 file(s)
  reg_127012026022.xml: 0 directive(s) → 1 file(s)
  reg_127012026024.xml: 0 directive(s) → 1 file(s)
  reg_127022016007.xml: 0 directive(s) → 1 file(s)
  reg_127022019004.xml: 0 directive(s) → 1 file(s)
  reg_127022020003.xml: 0 directive(s) → 1 file(s)
  reg_127022026002.xml: 0 directive(s) → 1 file(s)
  reg_127022026003.xml: 0 directive(s) → 1 file(s)
  reg_127022026005.xml: 0 directive(s) → 1 file(s)
  reg_127022026007.xml: 0 directive(s) → 1 file(s)
  reg_127022026008.xml: 0 directive(s) → 1 file(s)
  reg_127022026009.xml: 0 directive(s) → 1 file(s)
  reg_127022026011.xml: 0 directive(s) → 1 file(s)
  reg_127022026012.xml: 0 directive(s) → 1 file(s)
  reg_127022026013.xml: 0 directive(s) → 1 file(s)
  reg_127022026014.xml: 0 directive(s) → 1 file(s)
  reg_127032015003.xml: 0 directive(s) → 1 file(s)
  reg_127032015016.xml: 0 directive(s) → 1 file(s)
  reg_127032015028.xml: 0 directive(s) → 1 file(s)
  reg_127032015031.xml: 0 directive(s) → 1 file(s)
  reg_127032019006.xml: 0 directive(s) → 1 file(s)
  reg_127032024009.xml: 2 directive(s) → 1 file(s)
  reg_127032025026.xml: 0 directive(s) → 1 file(s)
  reg_127032026002.xml: 0 directive(s) → 1 file(s)
  reg_127032026004.xml: 0 directive(s) → 1 file(s)
  reg_127032026005.xml: 0 directive(s) → 1 file(s)
  reg_127032026007.xml: 0 directive(s) → 1 file(s)
  reg_127032026008.xml: 0 directive(s) → 1 file(s)
  reg_127042017003.xml: 2 directive(s) → 1 file(s)
  reg_127042021005.xml: 0 directive(s) → 1 file(s)
  reg_127052011007.xml: 0 directive(s) → 1 file(s)
  reg_127052020002.xml: 0 directive(s) → 1 file(s)
  reg_127052025001.xml: 0 directive(s) → 1 file(s)
  reg_127052025005.xml: 1 directive(s) → 1 file(s)
  reg_127052025006.xml: 4 directive(s) → 1 file(s)
  reg_127052025007.xml: 4 directive(s) → 1 file(s)
  reg_127052025008.xml: 3 directive(s) → 1 file(s)
  reg_127052025011.xml: 0 directive(s) → 1 file(s)
  reg_127052025014.xml: 0 directive(s) → 1 file(s)
  reg_127052025019.xml: 0 directive(s) → 1 file(s)
  reg_127052025020.xml: 0 directive(s) → 1 file(s)
  reg_127062014004.xml: 0 directive(s) → 1 file(s)
  reg_127062014005.xml: 0 directive(s) → 1 file(s)
  reg_127062020002.xml: 0 directive(s) → 1 file(s)
  reg_127062020003.xml: 0 directive(s) → 1 file(s)
  reg_127062020012.xml: 0 directive(s) → 1 file(s)
  reg_127062022005.xml: 0 directive(s) → 1 file(s)
  reg_127062022006.xml: 0 directive(s) → 1 file(s)
  reg_127062022007.xml: 0 directive(s) → 1 file(s)
  reg_127062022011.xml: 0 directive(s) → 1 file(s)
  reg_127062022012.xml: 0 directive(s) → 1 file(s)
  reg_127062022015.xml: 0 directive(s) → 1 file(s)
  reg_127062022016.xml: 0 directive(s) → 1 file(s)
  reg_127062022017.xml: 0 directive(s) → 1 file(s)
  reg_127062022018.xml: 0 directive(s) → 1 file(s)
  reg_127062022020.xml: 0 directive(s) → 1 file(s)
  reg_127062022021.xml: 0 directive(s) → 1 file(s)
  reg_127062022022.xml: 0 directive(s) → 1 file(s)
  reg_127062022025.xml: 0 directive(s) → 1 file(s)
  reg_127062022026.xml: 0 directive(s) → 1 file(s)
  reg_127062022027.xml: 0 directive(s) → 1 file(s)
  reg_127062022029.xml: 0 directive(s) → 1 file(s)
  reg_127062022030.xml: 0 directive(s) → 1 file(s)
  reg_127062025005.xml: 0 directive(s) → 1 file(s)
  reg_127062025010.xml: 0 directive(s) → 1 file(s)
  reg_127062025012.xml: 3 directive(s) → 1 file(s)
  reg_127062025013.xml: 0 directive(s) → 1 file(s)
  reg_127062025014.xml: 0 directive(s) → 1 file(s)
  reg_127062025015.xml: 0 directive(s) → 1 file(s)
  reg_127062025016.xml: 0 directive(s) → 1 file(s)
  reg_127062025019.xml: 0 directive(s) → 1 file(s)
  reg_127062025021.xml: 0 directive(s) → 1 file(s)
  reg_127062025022.xml: 0 directive(s) → 1 file(s)
  reg_127062025024.xml: 0 directive(s) → 1 file(s)
  reg_127062026001.xml: 0 directive(s) → 1 file(s)
  reg_127062026002.xml: 0 directive(s) → 1 file(s)
  reg_127082019008.xml: 0 directive(s) → 1 file(s)
  reg_127082021006.xml: 1 directive(s) → 1 file(s)
  reg_127082022009.xml: 0 directive(s) → 1 file(s)
  reg_127082025011.xml: 0 directive(s) → 1 file(s)
  reg_127082025014.xml: 0 directive(s) → 1 file(s)
  reg_127092011006.xml: 0 directive(s) → 1 file(s)
  reg_127092016003.xml: 1 directive(s) → 1 file(s)
  reg_127102015005.xml: 0 directive(s) → 1 file(s)
  reg_127102015007.xml: 0 directive(s) → 1 file(s)
  reg_127122024007.xml: 0 directive(s) → 1 file(s)
  reg_127122024009.xml: 0 directive(s) → 1 file(s)
  reg_127122024011.xml: 0 directive(s) → 1 file(s)
  reg_127122024013.xml: 1 directive(s) → 1 file(s)
  reg_127122024014.xml: 0 directive(s) → 1 file(s)
  reg_127122024015.xml: 0 directive(s) → 1 file(s)
  reg_127122024020.xml: 0 directive(s) → 1 file(s)
  reg_127122024021.xml: 0 directive(s) → 1 file(s)
  reg_127122024023.xml: 0 directive(s) → 1 file(s)
  reg_127122024024.xml: 1 directive(s) → 1 file(s)
  reg_127122024025.xml: 1 directive(s) → 1 file(s)
  reg_127122024026.xml: 0 directive(s) → 1 file(s)
  reg_127122024034.xml: 0 directive(s) → 1 file(s)
  reg_127122024043.xml: 0 directive(s) → 1 file(s)
  reg_12738944.xml: 0 directive(s) → 1 file(s)
  reg_12759372.xml: 0 directive(s) → 1 file(s)
  reg_12759709.xml: 0 directive(s) → 1 file(s)
  reg_12763575.xml: 0 directive(s) → 1 file(s)
  reg_12767122.xml: 0 directive(s) → 1 file(s)
  reg_12767805.xml: 0 directive(s) → 1 file(s)
  reg_12769407.xml: 0 directive(s) → 1 file(s)
  reg_12795856.xml: 0 directive(s) → 1 file(s)
  reg_128012017003.xml: 0 directive(s) → 1 file(s)
  reg_128012020004.xml: 0 directive(s) → 1 file(s)
  reg_128012020007.xml: 1 directive(s) → 1 file(s)
  reg_128012020014.xml: 0 directive(s) → 1 file(s)
  reg_128012025011.xml: 0 directive(s) → 1 file(s)
  reg_128022018001.xml: 0 directive(s) → 1 file(s)
  reg_128022023002.xml: 0 directive(s) → 1 file(s)
  reg_128022025025.xml: 2 directive(s) → 1 file(s)
  reg_128032013005.xml: 0 directive(s) → 1 file(s)
  reg_128032015003.xml: 0 directive(s) → 1 file(s)
  reg_128032015008.xml: 0 directive(s) → 1 file(s)
  reg_128032017012.xml: 1 directive(s) → 1 file(s)
  reg_128032024009.xml: 0 directive(s) → 1 file(s)
  reg_128032025004.xml: 0 directive(s) → 1 file(s)
  reg_128032025005.xml: 1 directive(s) → 1 file(s)
  reg_128032025007.xml: 0 directive(s) → 1 file(s)
  reg_128032025008.xml: 0 directive(s) → 1 file(s)
  reg_128032025015.xml: 0 directive(s) → 1 file(s)
  reg_128032025016.xml: 0 directive(s) → 1 file(s)
  reg_128032025017.xml: 0 directive(s) → 1 file(s)
  reg_128032026002.xml: 0 directive(s) → 1 file(s)
  reg_128032026003.xml: 0 directive(s) → 1 file(s)
  reg_128042018001.xml: 0 directive(s) → 1 file(s)
  reg_128042020009.xml: 1 directive(s) → 1 file(s)
  reg_128042021001.xml: 0 directive(s) → 1 file(s)
  reg_128042022023.xml: 0 directive(s) → 1 file(s)
  reg_128042023003.xml: 0 directive(s) → 1 file(s)
  reg_128042026002.xml: 0 directive(s) → 1 file(s)
  reg_128042026003.xml: 0 directive(s) → 1 file(s)
  reg_128042026013.xml: 0 directive(s) → 1 file(s)
  reg_128042026015.xml: 0 directive(s) → 1 file(s)
  reg_128052014006.xml: 0 directive(s) → 1 file(s)
  reg_128052014010.xml: 0 directive(s) → 1 file(s)
  reg_128052014011.xml: 0 directive(s) → 1 file(s)
  reg_128052019008.xml: 0 directive(s) → 1 file(s)
  reg_128052021002.xml: 0 directive(s) → 1 file(s)
  reg_128052025002.xml: 0 directive(s) → 1 file(s)
  reg_128052025003.xml: 0 directive(s) → 1 file(s)
  reg_128052025004.xml: 0 directive(s) → 1 file(s)
  reg_128052025005.xml: 0 directive(s) → 1 file(s)
  reg_128052025006.xml: 0 directive(s) → 1 file(s)
  reg_128052025009.xml: 0 directive(s) → 1 file(s)
  reg_128052025011.xml: 0 directive(s) → 1 file(s)
  reg_128052026002.xml: 0 directive(s) → 1 file(s)
  reg_128052026004.xml: 0 directive(s) → 1 file(s)
  reg_128052026007.xml: 0 directive(s) → 1 file(s)
  reg_128052026008.xml: 0 directive(s) → 1 file(s)
  reg_128062011035.xml: 0 directive(s) → 1 file(s)
  reg_128062011037.xml: 0 directive(s) → 1 file(s)
  reg_128062013018.xml: 0 directive(s) → 1 file(s)
  reg_128062013027.xml: 0 directive(s) → 1 file(s)
  reg_128062014003.xml: 0 directive(s) → 1 file(s)
  reg_128062014046.xml: 0 directive(s) → 1 file(s)
  reg_128062014100.xml: 0 directive(s) → 1 file(s)
  reg_128062014152.xml: 0 directive(s) → 1 file(s)
  reg_128062017009.xml: 0 directive(s) → 1 file(s)
  reg_128062017013.xml: 0 directive(s) → 1 file(s)
  reg_128062017014.xml: 0 directive(s) → 1 file(s)
  reg_128062017016.xml: 0 directive(s) → 1 file(s)
  reg_128062017031.xml: 0 directive(s) → 1 file(s)
  reg_128062017048.xml: 0 directive(s) → 1 file(s)
  reg_128062017049.xml: 0 directive(s) → 1 file(s)
  reg_128062017053.xml: 0 directive(s) → 1 file(s)
  reg_128062018026.xml: 0 directive(s) → 1 file(s)
  reg_128062018028.xml: 0 directive(s) → 1 file(s)
  reg_128062019005.xml: 0 directive(s) → 1 file(s)
  reg_128062019006.xml: 0 directive(s) → 1 file(s)
  reg_128062019016.xml: 0 directive(s) → 1 file(s)
  reg_128062019018.xml: 0 directive(s) → 1 file(s)
  reg_128062019031.xml: 0 directive(s) → 1 file(s)
  reg_128062019032.xml: 0 directive(s) → 1 file(s)
  reg_128062022010.xml: 0 directive(s) → 1 file(s)
  reg_128062022013.xml: 0 directive(s) → 1 file(s)
  reg_128062022014.xml: 0 directive(s) → 1 file(s)
  reg_128062022022.xml: 0 directive(s) → 1 file(s)
  reg_128062022027.xml: 0 directive(s) → 1 file(s)
  reg_128062022029.xml: 0 directive(s) → 1 file(s)
  reg_128062022030.xml: 0 directive(s) → 1 file(s)
  reg_128062023008.xml: 0 directive(s) → 1 file(s)
  reg_128062023016.xml: 0 directive(s) → 1 file(s)
  reg_128062024004.xml: 0 directive(s) → 1 file(s)
  reg_128062024006.xml: 0 directive(s) → 1 file(s)
  reg_128062024009.xml: 0 directive(s) → 1 file(s)
  reg_128062024015.xml: 0 directive(s) → 1 file(s)
  reg_128062024024.xml: 0 directive(s) → 1 file(s)
  reg_128062024032.xml: 2 directive(s) → 1 file(s)
  reg_128062025004.xml: 0 directive(s) → 1 file(s)
  reg_128062025008.xml: 0 directive(s) → 1 file(s)
  reg_128072020006.xml: 0 directive(s) → 1 file(s)
  reg_128072020007.xml: 0 directive(s) → 1 file(s)
  reg_128072020008.xml: 0 directive(s) → 1 file(s)
  reg_128072020010.xml: 0 directive(s) → 1 file(s)
  reg_128072020011.xml: 0 directive(s) → 1 file(s)
  reg_128072020016.xml: 0 directive(s) → 1 file(s)
  reg_128072020017.xml: 0 directive(s) → 1 file(s)
  reg_128072023002.xml: 0 directive(s) → 1 file(s)
  reg_128072023004.xml: 0 directive(s) → 1 file(s)
  reg_128072023005.xml: 0 directive(s) → 1 file(s)
  reg_128082021008.xml: 0 directive(s) → 1 file(s)
  reg_128082021009.xml: 0 directive(s) → 1 file(s)
  reg_128082025005.xml: 0 directive(s) → 1 file(s)
  reg_128082025010.xml: 0 directive(s) → 1 file(s)
  reg_128082026002.xml: 0 directive(s) → 1 file(s)
  reg_128082026004.xml: 0 directive(s) → 1 file(s)
  reg_128082026005.xml: 0 directive(s) → 1 file(s)
  reg_128082026006.xml: 0 directive(s) → 1 file(s)
  reg_128082026008.xml: 0 directive(s) → 1 file(s)
  reg_128082026009.xml: 0 directive(s) → 1 file(s)
  reg_128082026010.xml: 0 directive(s) → 1 file(s)
  reg_128082026011.xml: 0 directive(s) → 1 file(s)
  reg_128082026012.xml: 0 directive(s) → 1 file(s)
  reg_128082026013.xml: 0 directive(s) → 1 file(s)
  reg_128082026014.xml: 0 directive(s) → 1 file(s)
  reg_128082026015.xml: 0 directive(s) → 1 file(s)
  reg_128082026016.xml: 0 directive(s) → 1 file(s)
  reg_128082026017.xml: 0 directive(s) → 1 file(s)
  reg_128082026018.xml: 0 directive(s) → 1 file(s)
  reg_128082026019.xml: 0 directive(s) → 1 file(s)
  reg_128082026020.xml: 0 directive(s) → 1 file(s)
  reg_128082026021.xml: 0 directive(s) → 1 file(s)
  reg_128082026022.xml: 0 directive(s) → 1 file(s)
  reg_128082026023.xml: 0 directive(s) → 1 file(s)
  reg_128082026024.xml: 0 directive(s) → 1 file(s)
  reg_128082026025.xml: 0 directive(s) → 1 file(s)
  reg_128082026026.xml: 0 directive(s) → 1 file(s)
  reg_128082026027.xml: 0 directive(s) → 1 file(s)
  reg_128082026028.xml: 0 directive(s) → 1 file(s)
  reg_128082026029.xml: 0 directive(s) → 1 file(s)
  reg_128082026030.xml: 0 directive(s) → 1 file(s)
  reg_128082026031.xml: 0 directive(s) → 1 file(s)
  reg_128082026032.xml: 0 directive(s) → 1 file(s)
  reg_128082026033.xml: 0 directive(s) → 1 file(s)
  reg_128082026034.xml: 0 directive(s) → 1 file(s)
  reg_128082026035.xml: 0 directive(s) → 1 file(s)
  reg_128082026036.xml: 0 directive(s) → 1 file(s)
  reg_128082026037.xml: 0 directive(s) → 1 file(s)
  reg_128082026038.xml: 0 directive(s) → 1 file(s)
  reg_128082026039.xml: 0 directive(s) → 1 file(s)
  reg_128082026040.xml: 0 directive(s) → 1 file(s)
  reg_128082026041.xml: 0 directive(s) → 1 file(s)
  reg_128082026042.xml: 0 directive(s) → 1 file(s)
  reg_128082026043.xml: 0 directive(s) → 1 file(s)
  reg_128082026044.xml: 0 directive(s) → 1 file(s)
  reg_128082026048.xml: 0 directive(s) → 1 file(s)
  reg_128092015005.xml: 0 directive(s) → 1 file(s)
  reg_128092015006.xml: 0 directive(s) → 1 file(s)
  reg_128092018005.xml: 0 directive(s) → 1 file(s)
  reg_128092019002.xml: 2 directive(s) → 1 file(s)
  reg_128092021010.xml: 0 directive(s) → 1 file(s)
  reg_128092023012.xml: 0 directive(s) → 1 file(s)
  reg_128092023017.xml: 0 directive(s) → 1 file(s)
  reg_128092023019.xml: 0 directive(s) → 1 file(s)
  reg_12809661.xml: 0 directive(s) → 1 file(s)
  reg_128102014012.xml: 0 directive(s) → 1 file(s)
  reg_128102016017.xml: 0 directive(s) → 1 file(s)
  reg_128102022002.xml: 0 directive(s) → 1 file(s)
  reg_128102023004.xml: 0 directive(s) → 1 file(s)
  reg_128102025004.xml: 0 directive(s) → 1 file(s)
  reg_128112012018.xml: 0 directive(s) → 1 file(s)
  reg_128112012024.xml: 0 directive(s) → 1 file(s)
  reg_128112012031.xml: 0 directive(s) → 1 file(s)
  reg_128112012038.xml: 0 directive(s) → 1 file(s)
  reg_128112013010.xml: 0 directive(s) → 1 file(s)
  reg_128112014004.xml: 0 directive(s) → 1 file(s)
  reg_128112015009.xml: 1 directive(s) → 1 file(s)
  reg_128112017047.xml: 0 directive(s) → 1 file(s)
  reg_128112017048.xml: 0 directive(s) → 1 file(s)
  reg_128112023004.xml: 0 directive(s) → 1 file(s)
  reg_128112023009.xml: 0 directive(s) → 1 file(s)
  reg_128112023011.xml: 0 directive(s) → 1 file(s)
  reg_128112023012.xml: 0 directive(s) → 1 file(s)
  reg_128122013003.xml: 0 directive(s) → 1 file(s)
  reg_128122013014.xml: 0 directive(s) → 1 file(s)
  reg_128122016004.xml: 0 directive(s) → 1 file(s)
  reg_128122016005.xml: 0 directive(s) → 1 file(s)
  reg_128122016006.xml: 0 directive(s) → 1 file(s)
  reg_128122022025.xml: 0 directive(s) → 1 file(s)
  reg_128122022037.xml: 0 directive(s) → 1 file(s)
  reg_128122023003.xml: 0 directive(s) → 1 file(s)
  reg_128122023005.xml: 0 directive(s) → 1 file(s)
  reg_128122023011.xml: 0 directive(s) → 1 file(s)
  reg_128122023012.xml: 0 directive(s) → 1 file(s)
  reg_128122023013.xml: 0 directive(s) → 1 file(s)
  reg_128122023017.xml: 0 directive(s) → 1 file(s)
  reg_128122023020.xml: 0 directive(s) → 1 file(s)
  reg_128122024015.xml: 0 directive(s) → 1 file(s)
  reg_128122024018.xml: 0 directive(s) → 1 file(s)
  reg_128122024019.xml: 0 directive(s) → 1 file(s)
  reg_128122024043.xml: 0 directive(s) → 1 file(s)
  reg_128122024045.xml: 0 directive(s) → 1 file(s)
  reg_128122024046.xml: 0 directive(s) → 1 file(s)
  reg_128122024047.xml: 0 directive(s) → 1 file(s)
  reg_128122024051.xml: 0 directive(s) → 1 file(s)
  reg_128122024052.xml: 0 directive(s) → 1 file(s)
  reg_128122024053.xml: 0 directive(s) → 1 file(s)
  reg_128122024054.xml: 0 directive(s) → 1 file(s)
  reg_128122024055.xml: 0 directive(s) → 1 file(s)
  reg_128122024056.xml: 0 directive(s) → 1 file(s)
  reg_128122024058.xml: 0 directive(s) → 1 file(s)
  reg_128122024060.xml: 0 directive(s) → 1 file(s)
  reg_128122024061.xml: 0 directive(s) → 1 file(s)
  reg_128122024062.xml: 0 directive(s) → 1 file(s)
  reg_128122024063.xml: 0 directive(s) → 1 file(s)
  reg_128122024064.xml: 0 directive(s) → 1 file(s)
  reg_128122024065.xml: 0 directive(s) → 1 file(s)
  reg_128122024066.xml: 0 directive(s) → 1 file(s)
  reg_128122024069.xml: 0 directive(s) → 1 file(s)
  reg_128122024071.xml: 0 directive(s) → 1 file(s)
  reg_128122024073.xml: 0 directive(s) → 1 file(s)
  reg_128122024074.xml: 0 directive(s) → 1 file(s)
  reg_12819649.xml: 0 directive(s) → 1 file(s)
  reg_12819687.xml: 0 directive(s) → 1 file(s)
  reg_12819844.xml: 0 directive(s) → 1 file(s)
  reg_12827607.xml: 0 directive(s) → 1 file(s)
  reg_12828512.xml: 0 directive(s) → 1 file(s)
  reg_12828672.xml: 0 directive(s) → 1 file(s)
  reg_12839987.xml: 0 directive(s) → 1 file(s)
  reg_12841661.xml: 0 directive(s) → 1 file(s)
  reg_12846634.xml: 0 directive(s) → 1 file(s)
  reg_12866339.xml: 0 directive(s) → 1 file(s)
  reg_12889333.xml: 0 directive(s) → 1 file(s)
  reg_12892103.xml: 0 directive(s) → 1 file(s)
  reg_12898212.xml: 0 directive(s) → 1 file(s)
  reg_129012019016.xml: 2 directive(s) → 1 file(s)
  reg_129012021004.xml: 1 directive(s) → 1 file(s)
  reg_129012022011.xml: 0 directive(s) → 1 file(s)
  reg_129012025004.xml: 0 directive(s) → 1 file(s)
  reg_129012025006.xml: 1 directive(s) → 1 file(s)
  reg_129012026002.xml: 1 directive(s) → 1 file(s)
  reg_129012026007.xml: 0 directive(s) → 1 file(s)
  reg_129022024002.xml: 0 directive(s) → 1 file(s)
  reg_129032011022.xml: 0 directive(s) → 1 file(s)
  reg_129032014012.xml: 0 directive(s) → 1 file(s)
  reg_129032016001.xml: 0 directive(s) → 1 file(s)
  reg_129032018019.xml: 0 directive(s) → 1 file(s)
  reg_129032018024.xml: 0 directive(s) → 1 file(s)
  reg_129032018025.xml: 0 directive(s) → 1 file(s)
  reg_129032018026.xml: 0 directive(s) → 1 file(s)
  reg_129032019004.xml: 0 directive(s) → 1 file(s)
  reg_129032022001.xml: 0 directive(s) → 1 file(s)
  reg_129032023001.xml: 0 directive(s) → 1 file(s)
  reg_129032023004.xml: 0 directive(s) → 1 file(s)
  reg_129032023005.xml: 0 directive(s) → 1 file(s)
  reg_129032023011.xml: 0 directive(s) → 1 file(s)
  reg_129032023012.xml: 0 directive(s) → 1 file(s)
  reg_129032023019.xml: 0 directive(s) → 1 file(s)
  reg_129032023025.xml: 0 directive(s) → 1 file(s)
  reg_129032023030.xml: 0 directive(s) → 1 file(s)
  reg_129032023031.xml: 0 directive(s) → 1 file(s)
  reg_129032023032.xml: 0 directive(s) → 1 file(s)
  reg_129032023033.xml: 0 directive(s) → 1 file(s)
  reg_129032023036.xml: 0 directive(s) → 1 file(s)
  reg_129032023037.xml: 0 directive(s) → 1 file(s)
  reg_129032023038.xml: 0 directive(s) → 1 file(s)
  reg_129032023039.xml: 0 directive(s) → 1 file(s)
  reg_129032023040.xml: 0 directive(s) → 1 file(s)
  reg_129032023044.xml: 0 directive(s) → 1 file(s)
  reg_129042019001.xml: 0 directive(s) → 1 file(s)
  reg_129042019004.xml: 0 directive(s) → 1 file(s)
  reg_129042019006.xml: 0 directive(s) → 1 file(s)
  reg_129042020003.xml: 0 directive(s) → 1 file(s)
  reg_129052013033.xml: 1 directive(s) → 1 file(s)
  reg_129052013037.xml: 0 directive(s) → 1 file(s)
  reg_129052013050.xml: 0 directive(s) → 1 file(s)
  reg_129052015002.xml: 0 directive(s) → 1 file(s)
  reg_129052018013.xml: 0 directive(s) → 1 file(s)
  reg_129052018017.xml: 0 directive(s) → 1 file(s)
  reg_129052018021.xml: 0 directive(s) → 1 file(s)
  reg_129052021002.xml: 0 directive(s) → 1 file(s)
  reg_129052024002.xml: 0 directive(s) → 1 file(s)
  reg_129052025004.xml: 0 directive(s) → 1 file(s)
  reg_129062024034.xml: 0 directive(s) → 1 file(s)
  reg_129062024035.xml: 0 directive(s) → 1 file(s)
  reg_129062024036.xml: 0 directive(s) → 1 file(s)
  reg_129072011002.xml: 0 directive(s) → 1 file(s)
  reg_129072011003.xml: 0 directive(s) → 1 file(s)
  reg_129072011006.xml: 0 directive(s) → 1 file(s)
  reg_129072011007.xml: 0 directive(s) → 1 file(s)
  reg_129072011009.xml: 0 directive(s) → 1 file(s)
  reg_129072011010.xml: 0 directive(s) → 1 file(s)
  reg_129072011013.xml: 0 directive(s) → 1 file(s)
  reg_129072011015.xml: 0 directive(s) → 1 file(s)
  reg_129072011016.xml: 0 directive(s) → 1 file(s)
  reg_129072011017.xml: 0 directive(s) → 1 file(s)
  reg_129072011019.xml: 0 directive(s) → 1 file(s)
  reg_129072011021.xml: 0 directive(s) → 1 file(s)
  reg_129072011022.xml: 0 directive(s) → 1 file(s)
  reg_129072011023.xml: 0 directive(s) → 1 file(s)
  reg_129072011024.xml: 0 directive(s) → 1 file(s)
  reg_129072011036.xml: 0 directive(s) → 1 file(s)
  reg_129072011041.xml: 0 directive(s) → 1 file(s)
  reg_129072016015.xml: 0 directive(s) → 1 file(s)
  reg_129072026005.xml: 0 directive(s) → 1 file(s)
  reg_129072026006.xml: 0 directive(s) → 1 file(s)
  reg_129072026007.xml: 0 directive(s) → 1 file(s)
  reg_129072026008.xml: 0 directive(s) → 1 file(s)
  reg_129072026009.xml: 0 directive(s) → 1 file(s)
  reg_129082011008.xml: 0 directive(s) → 1 file(s)
  reg_129082011009.xml: 0 directive(s) → 1 file(s)
  reg_129082011012.xml: 0 directive(s) → 1 file(s)
  reg_129082013015.xml: 0 directive(s) → 1 file(s)
  reg_129082013017.xml: 0 directive(s) → 1 file(s)
  reg_129082014008.xml: 0 directive(s) → 1 file(s)
  reg_129082015020.xml: 0 directive(s) → 1 file(s)
  reg_129082018013.xml: 1 directive(s) → 1 file(s)
  reg_129082018014.xml: 1 directive(s) → 1 file(s)
  reg_129082023003.xml: 0 directive(s) → 1 file(s)
  reg_129082023007.xml: 0 directive(s) → 1 file(s)
  reg_129082025004.xml: 1 directive(s) → 1 file(s)
  reg_129082025005.xml: 1 directive(s) → 1 file(s)
  reg_129082025007.xml: 0 directive(s) → 1 file(s)
  reg_129082026001.xml: 0 directive(s) → 1 file(s)
  reg_129082026003.xml: 0 directive(s) → 1 file(s)
  reg_129082026005.xml: 0 directive(s) → 1 file(s)
  reg_129092015003.xml: 0 directive(s) → 1 file(s)
  reg_129092015007.xml: 0 directive(s) → 1 file(s)
  reg_129092022004.xml: 0 directive(s) → 1 file(s)
  reg_129092026002.xml: 0 directive(s) → 1 file(s)
  reg_129092026003.xml: 0 directive(s) → 1 file(s)
  reg_129092026004.xml: 0 directive(s) → 1 file(s)
  reg_129092026006.xml: 0 directive(s) → 1 file(s)
  reg_129092026007.xml: 0 directive(s) → 1 file(s)
  reg_129092026009.xml: 0 directive(s) → 1 file(s)
  reg_129092026010.xml: 0 directive(s) → 1 file(s)
  reg_129092026011.xml: 0 directive(s) → 1 file(s)
  reg_129092026012.xml: 0 directive(s) → 1 file(s)
  reg_129092026014.xml: 0 directive(s) → 1 file(s)
  reg_129092026015.xml: 0 directive(s) → 1 file(s)
  reg_129092026018.xml: 0 directive(s) → 1 file(s)
  reg_129092026019.xml: 0 directive(s) → 1 file(s)
  reg_129092026020.xml: 0 directive(s) → 1 file(s)
  reg_129102013013.xml: 0 directive(s) → 1 file(s)
  reg_129102013015.xml: 3 directive(s) → 1 file(s)
  reg_129102015005.xml: 0 directive(s) → 1 file(s)
  reg_129102016002.xml: 0 directive(s) → 1 file(s)
  reg_129102019006.xml: 0 directive(s) → 1 file(s)
  reg_129102020002.xml: 0 directive(s) → 1 file(s)
  reg_129102022003.xml: 1 directive(s) → 1 file(s)
  reg_129102022007.xml: 3 directive(s) → 1 file(s)
  reg_129102022008.xml: 0 directive(s) → 1 file(s)
  reg_129102022009.xml: 2 directive(s) → 1 file(s)
  reg_129102024009.xml: 0 directive(s) → 1 file(s)
  reg_129102024010.xml: 0 directive(s) → 1 file(s)
  reg_129102024011.xml: 0 directive(s) → 1 file(s)
  reg_129102025004.xml: 1 directive(s) → 1 file(s)
  reg_129102025005.xml: 0 directive(s) → 1 file(s)
  reg_129102025008.xml: 0 directive(s) → 1 file(s)
  reg_129102025009.xml: 0 directive(s) → 1 file(s)
  reg_129102025017.xml: 0 directive(s) → 1 file(s)
  reg_129102025018.xml: 0 directive(s) → 1 file(s)
  reg_12910889.xml: 0 directive(s) → 1 file(s)
  reg_12911019.xml: 0 directive(s) → 1 file(s)
  reg_129112013019.xml: 0 directive(s) → 1 file(s)
  reg_129112017015.xml: 0 directive(s) → 1 file(s)
  reg_129112018014.xml: 0 directive(s) → 1 file(s)
  reg_129112018016.xml: 0 directive(s) → 1 file(s)
  reg_129112018017.xml: 0 directive(s) → 1 file(s)
  reg_129112018021.xml: 0 directive(s) → 1 file(s)
  reg_129112022007.xml: 1 directive(s) → 1 file(s)
  reg_129112023012.xml: 0 directive(s) → 1 file(s)
  reg_129112024005.xml: 0 directive(s) → 1 file(s)
  reg_129112024006.xml: 0 directive(s) → 1 file(s)
  reg_129112024017.xml: 0 directive(s) → 1 file(s)
  reg_129122010048.xml: 0 directive(s) → 1 file(s)
  reg_129122010062.xml: 0 directive(s) → 1 file(s)
  reg_129122010063.xml: 0 directive(s) → 1 file(s)
  reg_129122010084.xml: 0 directive(s) → 1 file(s)
  reg_129122010129.xml: 0 directive(s) → 1 file(s)
  reg_129122011079.xml: 0 directive(s) → 1 file(s)
  reg_129122011080.xml: 0 directive(s) → 1 file(s)
  reg_129122011105.xml: 0 directive(s) → 1 file(s)
  reg_129122011107.xml: 0 directive(s) → 1 file(s)
  reg_129122011108.xml: 0 directive(s) → 1 file(s)
  reg_129122011112.xml: 0 directive(s) → 1 file(s)
  reg_129122011139.xml: 0 directive(s) → 1 file(s)
  reg_129122011145.xml: 0 directive(s) → 1 file(s)
  reg_129122011155.xml: 0 directive(s) → 1 file(s)
  reg_129122011167.xml: 0 directive(s) → 1 file(s)
  reg_129122011202.xml: 0 directive(s) → 1 file(s)
  reg_129122011218.xml: 0 directive(s) → 1 file(s)
  reg_129122011238.xml: 0 directive(s) → 1 file(s)
  reg_129122012018.xml: 0 directive(s) → 1 file(s)
  reg_129122013004.xml: 0 directive(s) → 1 file(s)
  reg_129122013018.xml: 0 directive(s) → 1 file(s)
  reg_129122013020.xml: 0 directive(s) → 1 file(s)
  reg_129122013021.xml: 0 directive(s) → 1 file(s)
  reg_129122013022.xml: 0 directive(s) → 1 file(s)
  reg_129122013024.xml: 0 directive(s) → 1 file(s)
  reg_129122013026.xml: 0 directive(s) → 1 file(s)
  reg_129122013031.xml: 0 directive(s) → 1 file(s)
  reg_129122014042.xml: 0 directive(s) → 1 file(s)
  reg_129122015034.xml: 0 directive(s) → 1 file(s)
  reg_129122015051.xml: 0 directive(s) → 1 file(s)
  reg_129122016055.xml: 2 directive(s) → 1 file(s)
  reg_129122017008.xml: 0 directive(s) → 1 file(s)
  reg_129122017021.xml: 0 directive(s) → 1 file(s)
  reg_129122017044.xml: 0 directive(s) → 1 file(s)
  reg_129122017047.xml: 0 directive(s) → 1 file(s)
  reg_129122017048.xml: 0 directive(s) → 1 file(s)
  reg_129122018009.xml: 0 directive(s) → 1 file(s)
  reg_129122018020.xml: 0 directive(s) → 1 file(s)
  reg_129122020034.xml: 0 directive(s) → 1 file(s)
  reg_129122020036.xml: 0 directive(s) → 1 file(s)
  reg_129122021010.xml: 0 directive(s) → 1 file(s)
  reg_129122021011.xml: 0 directive(s) → 1 file(s)
  reg_129122021012.xml: 0 directive(s) → 1 file(s)
  reg_129122021014.xml: 0 directive(s) → 1 file(s)
  reg_129122021024.xml: 0 directive(s) → 1 file(s)
  reg_129122021026.xml: 0 directive(s) → 1 file(s)
  reg_129122021027.xml: 0 directive(s) → 1 file(s)
  reg_129122021028.xml: 0 directive(s) → 1 file(s)
  reg_129122021031.xml: 0 directive(s) → 1 file(s)
  reg_129122021032.xml: 0 directive(s) → 1 file(s)
  reg_129122021033.xml: 0 directive(s) → 1 file(s)
  reg_129122021035.xml: 0 directive(s) → 1 file(s)
  reg_129122021037.xml: 0 directive(s) → 1 file(s)
  reg_129122021040.xml: 0 directive(s) → 1 file(s)
  reg_129122021041.xml: 0 directive(s) → 1 file(s)
  reg_129122021050.xml: 0 directive(s) → 1 file(s)
  reg_129122021051.xml: 0 directive(s) → 1 file(s)
  reg_129122021057.xml: 0 directive(s) → 1 file(s)
  reg_129122021064.xml: 0 directive(s) → 1 file(s)
  reg_129122024010.xml: 0 directive(s) → 1 file(s)
  reg_129122024015.xml: 0 directive(s) → 1 file(s)
  reg_129122024017.xml: 0 directive(s) → 1 file(s)
  reg_129122024018.xml: 0 directive(s) → 1 file(s)
  reg_129122024019.xml: 0 directive(s) → 1 file(s)
  reg_129122024023.xml: 0 directive(s) → 1 file(s)
  reg_129122024024.xml: 0 directive(s) → 1 file(s)
  reg_129122024025.xml: 0 directive(s) → 1 file(s)
  reg_129122024026.xml: 0 directive(s) → 1 file(s)
  reg_129122024027.xml: 0 directive(s) → 1 file(s)
  reg_129122024028.xml: 0 directive(s) → 1 file(s)
  reg_129122024030.xml: 0 directive(s) → 1 file(s)
  reg_129122024031.xml: 0 directive(s) → 1 file(s)
  reg_129122024032.xml: 0 directive(s) → 1 file(s)
  reg_129122024033.xml: 0 directive(s) → 1 file(s)
  reg_129122024034.xml: 0 directive(s) → 1 file(s)
  reg_129122024036.xml: 0 directive(s) → 1 file(s)
  reg_129122024037.xml: 0 directive(s) → 1 file(s)
  reg_129122024038.xml: 0 directive(s) → 1 file(s)
  reg_129122024039.xml: 0 directive(s) → 1 file(s)
  reg_129122024040.xml: 0 directive(s) → 1 file(s)
  reg_129122024043.xml: 0 directive(s) → 1 file(s)
  reg_129122024044.xml: 0 directive(s) → 1 file(s)
  reg_129122024052.xml: 0 directive(s) → 1 file(s)
  reg_129122024053.xml: 0 directive(s) → 1 file(s)
  reg_129122024054.xml: 0 directive(s) → 1 file(s)
  reg_129122024055.xml: 3 directive(s) → 1 file(s)
  reg_129122024056.xml: 0 directive(s) → 1 file(s)
  reg_129122024060.xml: 0 directive(s) → 1 file(s)
  reg_129122024061.xml: 0 directive(s) → 1 file(s)
  reg_12921651.xml: 0 directive(s) → 1 file(s)
  reg_12921710.xml: 0 directive(s) → 1 file(s)
  reg_12931015.xml: 0 directive(s) → 1 file(s)
  reg_12945954.xml: 0 directive(s) → 1 file(s)
  reg_12972197.xml: 0 directive(s) → 1 file(s)
  reg_12987762.xml: 0 directive(s) → 1 file(s)
  reg_12997613.xml: 0 directive(s) → 1 file(s)
  reg_130012018015.xml: 1 directive(s) → 1 file(s)
  reg_130012026001.xml: 1 directive(s) → 1 file(s)
  reg_130032021012.xml: 0 directive(s) → 1 file(s)
  reg_130042019002.xml: 1 directive(s) → 1 file(s)
  reg_130042019007.xml: 0 directive(s) → 1 file(s)
  reg_130042019012.xml: 0 directive(s) → 1 file(s)
  reg_130042019013.xml: 0 directive(s) → 1 file(s)
  reg_130042020003.xml: 0 directive(s) → 1 file(s)
  reg_130042020005.xml: 0 directive(s) → 1 file(s)
  reg_130042020006.xml: 0 directive(s) → 1 file(s)
  reg_130042020008.xml: 0 directive(s) → 1 file(s)
  reg_130042020012.xml: 0 directive(s) → 1 file(s)
  reg_130042020015.xml: 0 directive(s) → 1 file(s)
  reg_130042020019.xml: 0 directive(s) → 1 file(s)
  reg_130042020020.xml: 0 directive(s) → 1 file(s)
  reg_130042020027.xml: 0 directive(s) → 1 file(s)
  reg_130042026002.xml: 0 directive(s) → 1 file(s)
  reg_130042026005.xml: 0 directive(s) → 1 file(s)
  reg_130042026006.xml: 1 directive(s) → 1 file(s)
  reg_130042026009.xml: 0 directive(s) → 1 file(s)
  reg_130042026012.xml: 0 directive(s) → 1 file(s)
  reg_130042026013.xml: 0 directive(s) → 1 file(s)
  reg_13004755.xml: 0 directive(s) → 1 file(s)
  reg_130052015005.xml: 1 directive(s) → 1 file(s)
  reg_130052025007.xml: 0 directive(s) → 1 file(s)
  reg_130052025008.xml: 0 directive(s) → 1 file(s)
  reg_130052025009.xml: 0 directive(s) → 1 file(s)
  reg_130052025011.xml: 0 directive(s) → 1 file(s)
  reg_130052025017.xml: 0 directive(s) → 1 file(s)
  reg_130052025018.xml: 3 directive(s) → 1 file(s)
  reg_130062017035.xml: 0 directive(s) → 1 file(s)
  reg_130062017036.xml: 0 directive(s) → 1 file(s)
  reg_130062017037.xml: 0 directive(s) → 1 file(s)
  reg_130062017038.xml: 0 directive(s) → 1 file(s)
  reg_130062017039.xml: 0 directive(s) → 1 file(s)
  reg_130062017040.xml: 0 directive(s) → 1 file(s)
  reg_130062017041.xml: 0 directive(s) → 1 file(s)
  reg_130062017042.xml: 0 directive(s) → 1 file(s)
  reg_130062017043.xml: 0 directive(s) → 1 file(s)
  reg_130062017044.xml: 0 directive(s) → 1 file(s)
  reg_130062017045.xml: 0 directive(s) → 1 file(s)
  reg_130062017046.xml: 0 directive(s) → 1 file(s)
  reg_130072024003.xml: 0 directive(s) → 1 file(s)
  reg_130072025003.xml: 1 directive(s) → 1 file(s)
  reg_130072025005.xml: 0 directive(s) → 1 file(s)
  reg_130072025006.xml: 1 directive(s) → 1 file(s)
  reg_130082019008.xml: 0 directive(s) → 1 file(s)
  reg_130082022004.xml: 0 directive(s) → 1 file(s)
  reg_130082022005.xml: 0 directive(s) → 1 file(s)
  reg_130082023005.xml: 0 directive(s) → 1 file(s)
  reg_130082024003.xml: 0 directive(s) → 1 file(s)
  reg_130082024004.xml: 0 directive(s) → 1 file(s)
  reg_130082024008.xml: 0 directive(s) → 1 file(s)
  reg_130092025003.xml: 0 directive(s) → 1 file(s)
  reg_130092025004.xml: 0 directive(s) → 1 file(s)
  reg_130092025005.xml: 0 directive(s) → 1 file(s)
  reg_130092025011.xml: 0 directive(s) → 1 file(s)
  reg_130092025012.xml: 0 directive(s) → 1 file(s)
  reg_130092026002.xml: 0 directive(s) → 1 file(s)
  reg_130102018014.xml: 0 directive(s) → 1 file(s)
  reg_130102020030.xml: 0 directive(s) → 1 file(s)
  reg_130102020033.xml: 0 directive(s) → 1 file(s)
  reg_130102025002.xml: 0 directive(s) → 1 file(s)
  reg_130102025006.xml: 0 directive(s) → 1 file(s)
  reg_130102025009.xml: 0 directive(s) → 1 file(s)
  reg_130112018002.xml: 0 directive(s) → 1 file(s)
  reg_130112018003.xml: 1 directive(s) → 1 file(s)
  reg_130112018004.xml: 1 directive(s) → 1 file(s)
  reg_130112018005.xml: 1 directive(s) → 1 file(s)
  reg_130112024003.xml: 0 directive(s) → 1 file(s)
  reg_130122014025.xml: 0 directive(s) → 1 file(s)
  reg_130122014026.xml: 0 directive(s) → 1 file(s)
  reg_130122014027.xml: 0 directive(s) → 1 file(s)
  reg_130122014028.xml: 0 directive(s) → 1 file(s)
  reg_130122022007.xml: 0 directive(s) → 1 file(s)
  reg_130122022008.xml: 0 directive(s) → 1 file(s)
  reg_130122022016.xml: 0 directive(s) → 1 file(s)
  reg_13014802.xml: 0 directive(s) → 1 file(s)
  reg_13027902.xml: 0 directive(s) → 1 file(s)
  reg_13060572.xml: 0 directive(s) → 1 file(s)
  reg_13061934.xml: 0 directive(s) → 1 file(s)
  reg_13073380.xml: 0 directive(s) → 1 file(s)
  reg_13080263.xml: 0 directive(s) → 1 file(s)
  reg_13090996.xml: 0 directive(s) → 1 file(s)
  reg_13091551.xml: 0 directive(s) → 1 file(s)
  reg_13100542.xml: 0 directive(s) → 1 file(s)
  reg_131012012003.xml: 0 directive(s) → 1 file(s)
  reg_131012017006.xml: 0 directive(s) → 1 file(s)
  reg_131012017007.xml: 0 directive(s) → 1 file(s)
  reg_131012017008.xml: 0 directive(s) → 1 file(s)
  reg_131012017009.xml: 0 directive(s) → 1 file(s)
  reg_131012017011.xml: 0 directive(s) → 1 file(s)
  reg_131012017012.xml: 0 directive(s) → 1 file(s)
  reg_131012017013.xml: 0 directive(s) → 1 file(s)
  reg_131012017015.xml: 0 directive(s) → 1 file(s)
  reg_131012017017.xml: 0 directive(s) → 1 file(s)
  reg_131012017018.xml: 0 directive(s) → 1 file(s)
  reg_131012017020.xml: 0 directive(s) → 1 file(s)
  reg_131012017023.xml: 0 directive(s) → 1 file(s)
  reg_131012018003.xml: 0 directive(s) → 1 file(s)
  reg_131012018009.xml: 0 directive(s) → 1 file(s)
  reg_131012025004.xml: 0 directive(s) → 1 file(s)
  reg_131032015005.xml: 0 directive(s) → 1 file(s)
  reg_131032015028.xml: 0 directive(s) → 1 file(s)
  reg_131032023002.xml: 0 directive(s) → 1 file(s)
  reg_131032023003.xml: 0 directive(s) → 1 file(s)
  reg_131032026002.xml: 2 directive(s) → 1 file(s)
  reg_131032026003.xml: 1 directive(s) → 1 file(s)
  reg_131032026004.xml: 1 directive(s) → 1 file(s)
  reg_131032026006.xml: 0 directive(s) → 1 file(s)
  reg_131052013005.xml: 0 directive(s) → 1 file(s)
  reg_131052013006.xml: 0 directive(s) → 1 file(s)
  reg_131052013009.xml: 0 directive(s) → 1 file(s)
  reg_131052016005.xml: 1 directive(s) → 1 file(s)
  reg_131052017003.xml: 0 directive(s) → 1 file(s)
  reg_131052017005.xml: 0 directive(s) → 1 file(s)
  reg_131052017006.xml: 0 directive(s) → 1 file(s)
  reg_131052022003.xml: 0 directive(s) → 1 file(s)
  reg_131052023004.xml: 2 directive(s) → 1 file(s)
  reg_131052024008.xml: 0 directive(s) → 1 file(s)
  reg_131052024011.xml: 0 directive(s) → 1 file(s)
  reg_131052024014.xml: 0 directive(s) → 1 file(s)
  reg_131072018007.xml: 1 directive(s) → 1 file(s)
  reg_131072018011.xml: 1 directive(s) → 1 file(s)
  reg_131072018014.xml: 0 directive(s) → 1 file(s)
  reg_131072018016.xml: 0 directive(s) → 1 file(s)
  reg_131072019012.xml: 0 directive(s) → 1 file(s)
  reg_131072019013.xml: 0 directive(s) → 1 file(s)
  reg_131072025001.xml: 0 directive(s) → 1 file(s)
  reg_131072025003.xml: 0 directive(s) → 1 file(s)
  reg_131072026008.xml: 0 directive(s) → 1 file(s)
  reg_131072026009.xml: 0 directive(s) → 1 file(s)
  reg_131072026010.xml: 0 directive(s) → 1 file(s)
  reg_131072026011.xml: 0 directive(s) → 1 file(s)
  reg_131072026013.xml: 0 directive(s) → 1 file(s)
  reg_131072026014.xml: 0 directive(s) → 1 file(s)
  reg_131102015003.xml: 0 directive(s) → 1 file(s)
  reg_131102017003.xml: 0 directive(s) → 1 file(s)
  reg_131102017004.xml: 0 directive(s) → 1 file(s)
  reg_131102017006.xml: 1 directive(s) → 1 file(s)
  reg_131102017007.xml: 1 directive(s) → 1 file(s)
  reg_131102017008.xml: 1 directive(s) → 1 file(s)
  reg_131102017016.xml: 0 directive(s) → 1 file(s)
  reg_131102019005.xml: 0 directive(s) → 1 file(s)
  reg_131102023009.xml: 0 directive(s) → 1 file(s)
  reg_131122010037.xml: 0 directive(s) → 1 file(s)
  reg_131122010039.xml: 0 directive(s) → 1 file(s)
  reg_131122010044.xml: 0 directive(s) → 1 file(s)
  reg_131122010046.xml: 0 directive(s) → 1 file(s)
  reg_131122010047.xml: 0 directive(s) → 1 file(s)
  reg_131122010050.xml: 0 directive(s) → 1 file(s)
  reg_131122019003.xml: 1 directive(s) → 1 file(s)
  reg_131122019004.xml: 1 directive(s) → 1 file(s)
  reg_131122019005.xml: 0 directive(s) → 1 file(s)
  reg_131122021003.xml: 0 directive(s) → 1 file(s)
  reg_131122021017.xml: 2 directive(s) → 1 file(s)
  reg_131122021027.xml: 0 directive(s) → 1 file(s)
  reg_131122022004.xml: 0 directive(s) → 1 file(s)
  reg_131122022015.xml: 0 directive(s) → 1 file(s)
  reg_131122022019.xml: 0 directive(s) → 1 file(s)
  reg_13118205.xml: 0 directive(s) → 1 file(s)
  reg_13128349.xml: 0 directive(s) → 1 file(s)
  reg_13132726.xml: 0 directive(s) → 1 file(s)
  reg_13132745.xml: 0 directive(s) → 1 file(s)
  reg_13132831.xml: 0 directive(s) → 1 file(s)
  reg_13133281.xml: 0 directive(s) → 1 file(s)
  reg_13156505.xml: 0 directive(s) → 1 file(s)
  reg_13156623.xml: 0 directive(s) → 1 file(s)
  reg_13158151.xml: 0 directive(s) → 1 file(s)
  reg_13171040.xml: 0 directive(s) → 1 file(s)
  reg_13177681.xml: 0 directive(s) → 1 file(s)
  reg_13185674.xml: 0 directive(s) → 1 file(s)
  reg_13194840.xml: 0 directive(s) → 1 file(s)
  reg_13194844.xml: 0 directive(s) → 1 file(s)
  reg_13194909.xml: 0 directive(s) → 1 file(s)
  reg_13229369.xml: 0 directive(s) → 1 file(s)
  reg_13229373.xml: 0 directive(s) → 1 file(s)
  reg_13229437.xml: 0 directive(s) → 1 file(s)
  reg_13235606.xml: 0 directive(s) → 1 file(s)
  reg_13244755.xml: 0 directive(s) → 1 file(s)
  reg_13244787.xml: 0 directive(s) → 1 file(s)
  reg_13244826.xml: 0 directive(s) → 1 file(s)
  reg_13247888.xml: 0 directive(s) → 1 file(s)
  reg_13249634.xml: 0 directive(s) → 1 file(s)
  reg_13249764.xml: 0 directive(s) → 1 file(s)
  reg_13253198.xml: 0 directive(s) → 1 file(s)
  reg_13253234.xml: 0 directive(s) → 1 file(s)
  reg_13256033.xml: 0 directive(s) → 1 file(s)
  reg_13256345.xml: 0 directive(s) → 1 file(s)
  reg_13256451.xml: 0 directive(s) → 1 file(s)
  reg_13256562.xml: 0 directive(s) → 1 file(s)
  reg_13268519.xml: 0 directive(s) → 1 file(s)
  reg_13271210.xml: 0 directive(s) → 1 file(s)
  reg_13284219.xml: 0 directive(s) → 1 file(s)
  reg_13287415.xml: 0 directive(s) → 1 file(s)
  reg_13290918.xml: 2 directive(s) → 1 file(s)
  reg_13290934.xml: 2 directive(s) → 1 file(s)
  reg_13291204.xml: 1 directive(s) → 1 file(s)
  reg_13292661.xml: 2 directive(s) → 1 file(s)
  reg_13294044.xml: 0 directive(s) → 1 file(s)
  reg_13295329.xml: 2 directive(s) → 1 file(s)
  reg_13295550.xml: 0 directive(s) → 1 file(s)
  reg_13299662.xml: 1 directive(s) → 1 file(s)
  reg_13299694.xml: 1 directive(s) → 1 file(s)
  reg_13299713.xml: 1 directive(s) → 1 file(s)
  reg_13299879.xml: 1 directive(s) → 1 file(s)
  reg_13299907.xml: 1 directive(s) → 1 file(s)
  reg_13300009.xml: 1 directive(s) → 1 file(s)
  reg_13300013.xml: 1 directive(s) → 1 file(s)
  reg_13300024.xml: 1 directive(s) → 1 file(s)
  reg_13300028.xml: 0 directive(s) → 1 file(s)
  reg_13300084.xml: 0 directive(s) → 1 file(s)
  reg_13302706.xml: 0 directive(s) → 1 file(s)
  reg_13305062.xml: 0 directive(s) → 1 file(s)
  reg_13312807.xml: 0 directive(s) → 1 file(s)
  reg_13314079.xml: 0 directive(s) → 1 file(s)
  reg_13328093.xml: 0 directive(s) → 1 file(s)
  reg_13331171.xml: 0 directive(s) → 1 file(s)
  reg_13347500.xml: 0 directive(s) → 1 file(s)
  reg_13349855.xml: 0 directive(s) → 1 file(s)
  reg_13350980.xml: 0 directive(s) → 1 file(s)
  reg_13351670.xml: 0 directive(s) → 1 file(s)
  reg_13351764.xml: 0 directive(s) → 1 file(s)
  reg_13351835.xml: 0 directive(s) → 1 file(s)
  reg_13351854.xml: 0 directive(s) → 1 file(s)
  reg_13351861.xml: 0 directive(s) → 1 file(s)
  reg_13352267.xml: 0 directive(s) → 1 file(s)
  reg_13352292.xml: 0 directive(s) → 1 file(s)
  reg_13352329.xml: 0 directive(s) → 1 file(s)
  reg_13353659.xml: 0 directive(s) → 1 file(s)
  reg_13353670.xml: 0 directive(s) → 1 file(s)
  reg_13356586.xml: 0 directive(s) → 1 file(s)
  reg_13357221.xml: 0 directive(s) → 1 file(s)
  reg_13362500.xml: 1 directive(s) → 1 file(s)
  reg_13363300.xml: 0 directive(s) → 1 file(s)
  reg_13363561.xml: 1 directive(s) → 1 file(s)
  reg_163255.xml: 0 directive(s) → 1 file(s)
  reg_163264.xml: 0 directive(s) → 1 file(s)
  reg_163342.xml: 0 directive(s) → 1 file(s)
  reg_163343.xml: 0 directive(s) → 1 file(s)
  reg_180198.xml: 0 directive(s) → 1 file(s)
  reg_191725.xml: 0 directive(s) → 1 file(s)
  reg_199774.xml: 0 directive(s) → 1 file(s)
  reg_202062026001.xml: 0 directive(s) → 1 file(s)
  reg_22655.xml: 0 directive(s) → 1 file(s)
  reg_226904.xml: 0 directive(s) → 1 file(s)
  reg_22739.xml: 0 directive(s) → 1 file(s)
  reg_227599.xml: 0 directive(s) → 1 file(s)
  reg_22761.xml: 0 directive(s) → 1 file(s)
  reg_229620.xml: 0 directive(s) → 1 file(s)
  reg_23075.xml: 0 directive(s) → 1 file(s)
  reg_23552.xml: 0 directive(s) → 1 file(s)
  reg_23693.xml: 0 directive(s) → 1 file(s)
  reg_23706.xml: 0 directive(s) → 1 file(s)
  reg_23718.xml: 0 directive(s) → 1 file(s)
  reg_24317.xml: 0 directive(s) → 1 file(s)
  reg_24377.xml: 0 directive(s) → 1 file(s)
  reg_24406.xml: 0 directive(s) → 1 file(s)
  reg_24467.xml: 0 directive(s) → 1 file(s)
  reg_245192.xml: 0 directive(s) → 1 file(s)
  reg_24722.xml: 0 directive(s) → 1 file(s)
  reg_24921.xml: 0 directive(s) → 1 file(s)
  reg_24975.xml: 0 directive(s) → 1 file(s)
  reg_24991.xml: 0 directive(s) → 1 file(s)
  reg_25120.xml: 0 directive(s) → 1 file(s)
  reg_25169.xml: 0 directive(s) → 1 file(s)
  reg_25194.xml: 0 directive(s) → 1 file(s)
  reg_25273.xml: 0 directive(s) → 1 file(s)
  reg_25280.xml: 0 directive(s) → 1 file(s)
  reg_25373.xml: 0 directive(s) → 1 file(s)
  reg_25381.xml: 0 directive(s) → 1 file(s)
  reg_25546.xml: 0 directive(s) → 1 file(s)
  reg_25607.xml: 0 directive(s) → 1 file(s)
  reg_25622.xml: 0 directive(s) → 1 file(s)
  reg_25714.xml: 0 directive(s) → 1 file(s)
  reg_259954.xml: 0 directive(s) → 1 file(s)
  reg_26023.xml: 0 directive(s) → 1 file(s)
  reg_26207.xml: 0 directive(s) → 1 file(s)
  reg_26339.xml: 0 directive(s) → 1 file(s)
  reg_26526.xml: 0 directive(s) → 1 file(s)
  reg_26527.xml: 0 directive(s) → 1 file(s)
  reg_26641.xml: 0 directive(s) → 1 file(s)
  reg_26677.xml: 0 directive(s) → 1 file(s)
  reg_26900.xml: 0 directive(s) → 1 file(s)
  reg_26921.xml: 0 directive(s) → 1 file(s)
  reg_27230.xml: 0 directive(s) → 1 file(s)
  reg_27355.xml: 0 directive(s) → 1 file(s)
  reg_27688.xml: 0 directive(s) → 1 file(s)
  reg_556125.xml: 0 directive(s) → 1 file(s)
  reg_565234.xml: 0 directive(s) → 1 file(s)
  reg_578630.xml: 0 directive(s) → 1 file(s)
  reg_581908.xml: 0 directive(s) → 1 file(s)
  reg_595897.xml: 0 directive(s) → 1 file(s)
  reg_599319.xml: 0 directive(s) → 1 file(s)
  reg_600216.xml: 0 directive(s) → 1 file(s)
  reg_614752.xml: 0 directive(s) → 1 file(s)
  reg_618129.xml: 0 directive(s) → 1 file(s)
  reg_632692.xml: 0 directive(s) → 1 file(s)
  reg_632708.xml: 0 directive(s) → 1 file(s)
  reg_635167.xml: 0 directive(s) → 1 file(s)
  reg_640871.xml: 0 directive(s) → 1 file(s)
  reg_641075.xml: 0 directive(s) → 1 file(s)
  reg_676082.xml: 0 directive(s) → 1 file(s)
  reg_687636.xml: 0 directive(s) → 1 file(s)
  reg_687659.xml: 0 directive(s) → 1 file(s)
  reg_691523.xml: 0 directive(s) → 1 file(s)
  reg_696240.xml: 0 directive(s) → 1 file(s)
  reg_697957.xml: 0 directive(s) → 1 file(s)
  reg_701020.xml: 0 directive(s) → 1 file(s)
  reg_71836.xml: 0 directive(s) → 1 file(s)
  reg_72925.xml: 0 directive(s) → 1 file(s)
  reg_73231.xml: 0 directive(s) → 1 file(s)
  reg_74475.xml: 0 directive(s) → 1 file(s)
  reg_76038.xml: 0 directive(s) → 1 file(s)
  reg_765431.xml: 0 directive(s) → 1 file(s)
  reg_767406.xml: 0 directive(s) → 1 file(s)
  reg_774998.xml: 0 directive(s) → 1 file(s)
  reg_77537.xml: 0 directive(s) → 1 file(s)
  reg_795665.xml: 0 directive(s) → 1 file(s)
  reg_797629.xml: 0 directive(s) → 1 file(s)
  reg_798093.xml: 0 directive(s) → 1 file(s)
  reg_824291.xml: 0 directive(s) → 1 file(s)
  reg_82510.xml: 0 directive(s) → 1 file(s)
  reg_831185.xml: 0 directive(s) → 1 file(s)
  reg_83717.xml: 0 directive(s) → 1 file(s)
  reg_843279.xml: 0 directive(s) → 1 file(s)
  reg_854400.xml: 0 directive(s) → 1 file(s)
  reg_868025.xml: 0 directive(s) → 1 file(s)
  reg_86964.xml: 0 directive(s) → 1 file(s)
  reg_873364.xml: 0 directive(s) → 1 file(s)
  reg_896460.xml: 0 directive(s) → 1 file(s)
  reg_90139.xml: 0 directive(s) → 1 file(s)
  reg_903858.xml: 0 directive(s) → 1 file(s)
  reg_912647.xml: 0 directive(s) → 1 file(s)
  reg_918956.xml: 0 directive(s) → 1 file(s)
  reg_948366.xml: 0 directive(s) → 1 file(s)
  reg_950535.xml: 0 directive(s) → 1 file(s)
  reg_953796.xml: 0 directive(s) → 1 file(s)
  reg_955361.xml: 0 directive(s) → 1 file(s)
  reg_955488.xml: 0 directive(s) → 1 file(s)
  reg_956592.xml: 0 directive(s) → 1 file(s)
  reg_961212.xml: 0 directive(s) → 1 file(s)
  reg_972620.xml: 0 directive(s) → 1 file(s)
  reg_976849.xml: 0 directive(s) → 1 file(s)
  reg_982269.xml: 0 directive(s) → 1 file(s)
  reg_982765.xml: 0 directive(s) → 1 file(s)
  mahepollumajanduse_seadus__tid307198.xml: 0 directive(s) → 1 file(s)
  majandus_ja_rahaliidu_stabiilsuse_koordineerimise_ja_juhtimise_lepingu_ratifitse__tid1006666.xml: 0 directive(s) → 1 file(s)
  majandusliku_koostoo_ja_arengu_organisatsiooniga_uhinemiseks_vajalike_lepingute___tid1000142.xml: 0 directive(s) → 1 file(s)
  majandustegevuse_seadustiku_uldosa_seadus__tid1000833.xml: 1 directive(s) → 1 file(s)
  majandusvoondi_seadus__tid151436.xml: 0 directive(s) → 1 file(s)
  makse_ja_arveldussusteemide_seadus__tid1056043.xml: 1 directive(s) → 1 file(s)
  makseasutuste_ja_e_raha_asutuste_seadus__tid340149.xml: 3 directive(s) → 1 file(s)
  maksualase_teabevahetuse_seadus__tid1027366.xml: 2 directive(s) → 1 file(s)
  maksuasjades_vastastikuse_haldusabi_konventsiooni_ratifitseerimise_seadus__tid1022835.xml: 0 directive(s) → 1 file(s)
  maksubaasi_kahandamise_ja_kasumi_umberpaigutamise_ennetamiseks_maksulepingutega___tid1048366.xml: 0 directive(s) → 1 file(s)
  maksukorralduse_seadus__tid154022.xml: 7 directive(s) → 1 file(s)
  mandrilava_pusiplatvorme_ohustava_ebaseadusliku_tegevuse_tokestamise_protokollig__tid156923.xml: 0 directive(s) → 1 file(s)
  margukirjale_ja_selgitustaotlusele_vastamise_ning_kollektiivse_poordumise_esitam__tid158233.xml: 0 directive(s) → 1 file(s)
  markide_rahvusvahelise_registreerimise_madridi_kokkuleppe_protokolliga_uhinemise__tid118838.xml: 0 directive(s) → 1 file(s)
  markide_registreerimisel_kasutatava_kaupade_ja_teenuste_rahvusvahelise_klassifik__tid151817.xml: 0 directive(s) → 1 file(s)
  meditsiiniseadme_seadus__tid158204.xml: 7 directive(s) → 1 file(s)
  meediateenuste_seadus__tid1000449.xml: 1 directive(s) → 1 file(s)
  meetrikonventsiooniga_uhinemise_seadus__tid1050925.xml: 0 directive(s) → 1 file(s)
  merealapiiride_seadus__tid151452.xml: 0 directive(s) → 1 file(s)
  meresoiduohutuse_seadus__tid154254.xml: 20 directive(s) → 1 file(s)
  meresoitu_ohustava_ebaseadusliku_tegevuse_tokestamise_konventsiooni_2005_aasta_p__tid316156.xml: 0 directive(s) → 1 file(s)
  meresoitu_ohustava_ebaseadusliku_tegevuse_tokestamise_konventsiooniga_uhinemise___tid154388.xml: 0 directive(s) → 1 file(s)
  meretoo_seadus__tid1024943.xml: 5 directive(s) → 1 file(s)
  merinouete_korral_vastutuse_piiramise_1976_aasta_konventsiooni_muutmise_1996_aas__tid1000565.xml: 0 directive(s) → 1 file(s)
  merinouete_korral_vastutuse_piiramise_1976_aasta_konventsiooni_ratifitseerimise___tid340643.xml: 0 directive(s) → 1 file(s)
  metsaseadus__tid305431.xml: 1 directive(s) → 1 file(s)
  mikrolulituse_topoloogia_kaitse_seadus__tid159378.xml: 0 directive(s) → 1 file(s)
  mikroorganismide_patendiekspertiisiks_deponeerimise_rahvusvahelise_tunnustamise___tid151837.xml: 0 directive(s) → 1 file(s)
  mittetulundusuhingute_seadus__tid161921.xml: 0 directive(s) → 1 file(s)
  monede_rahvusvahelise_tooorganisatsiooni_ilo_konventsioonide_ratifitseerimise_se__tid151529.xml: 0 directive(s) → 1 file(s)
  montenegro_uhinemist_kasitleva_pohja_atlandi_lepingu_protokolli_heakskiitmise_se__tid1036452.xml: 0 directive(s) → 1 file(s)
  mooteseadus__tid1043211.xml: 7 directive(s) → 1 file(s)
  mootorsoidukimaksu_seadus__tid1059281.xml: 0 directive(s) → 1 file(s)
  mootorsoidukite_varustuse_ja_osade_kinnitamise_uhtsete_nouete_vastuvotmise_ja_ki__tid151699.xml: 0 directive(s) → 1 file(s)
  muinsuskaitseseadus__tid1046448.xml: 0 directive(s) → 1 file(s)
  muuseumiseadus__tid1015214.xml: 0 directive(s) → 1 file(s)
  naftareostusest_pohjustatud_kahju_korral_kehtiva_tsiviilvastutuse_1969_aasta_rah__tid157909.xml: 0 directive(s) → 1 file(s)
  nairobi_rahvusvahelise_laevavrakkide_eemaldamise_2007_aasta_konventsiooni_ratifi__tid1049114.xml: 0 directive(s) → 1 file(s)
  naiste_diskrimineerimise_koigi_vormide_likvideerimise_konventsiooni_fakultatiivp__tid1060936.xml: 0 directive(s) → 1 file(s)
  naistevastase_vagivalla_ja_perevagivalla_ennetamise_ja_tokestamise_euroopa_nouko__tid1040106.xml: 0 directive(s) → 1 file(s)
  nakkushaiguste_ennetamise_ja_torje_seadus__tid156299.xml: 0 directive(s) → 1 file(s)
  narkootiliste_ja_psuhhotroopsete_ainete_ebaseadusliku_ringluse_vastase_uro_konve__tid152832.xml: 0 directive(s) → 1 file(s)
  narkootiliste_ja_psuhhotroopsete_ainete_ning_nende_lahteainete_seadus__tid162298.xml: 1 directive(s) → 1 file(s)
  nimeseadus__tid158344.xml: 0 directive(s) → 1 file(s)
  noorsootoo_seadus__tid344970.xml: 0 directive(s) → 1 file(s)
  notari_distsiplinaarvastutuse_seadus__tid159296.xml: 0 directive(s) → 1 file(s)
  notari_tasu_seadus__tid159311.xml: 0 directive(s) → 1 file(s)
  notariaadiseadus__tid162387.xml: 0 directive(s) → 1 file(s)
  nsv_liidu_sojavaebaaside_jaoks_sundvoorandatud_maa_tagastamise_ja_kompenseerimis__tid159228.xml: 0 directive(s) → 1 file(s)
  ohtlike_jaatmete_riikidevahelise_veo_ja_nende_korvaldamise_kontrolli_baseli_konv__tid153447.xml: 0 directive(s) → 1 file(s)
  ohusoiduki_pardal_toimepandud_oigusrikkumisi_ja_teatavaid_teisi_tegusid_kasitlev__tid1061193.xml: 0 directive(s) → 1 file(s)
  ohusoidukite_omandioigust_ja_tsiviillennunduse_ohutust_kasitlevate_rahvusvahelis__tid151540.xml: 0 directive(s) → 1 file(s)
  ohvriabi_seadus__tid1055674.xml: 4 directive(s) → 1 file(s)
  oigusabi_taotluste_edastamise_euroopa_kokkuleppe_lisaprotokolli_ratifitseerimise__tid129123.xml: 0 directive(s) → 1 file(s)
  oigusabi_taotluste_edastamise_euroopa_kokkuleppe_ratifitseerimise_seadus__tid118876.xml: 0 directive(s) → 1 file(s)
  oigusaktides_rahauhikute_euroga_asendamise_seadus__tid154247.xml: 0 directive(s) → 1 file(s)
  oiguskantsleri_seadus__tid159400.xml: 0 directive(s) → 1 file(s)
  oigusvastaselt_voorandatud_vara_maksumuse_maaramise_ja_kompenseerimise_seadus__tid159207.xml: 0 directive(s) → 1 file(s)
  okupatsioonireziimide_poolt_represseeritud_isiku_seadus__tid157034.xml: 0 directive(s) → 1 file(s)
  oppetoetuste_ja_oppelaenu_seadus__tid156738.xml: 1 directive(s) → 1 file(s)
  osamaksete_uhtsesse_kriisilahendusfondi_ulekandmise_ja_uhiskasutusse_votmise_lep_2__tid1053113.xml: 0 directive(s) → 1 file(s)
  osamaksete_uhtsesse_kriisilahendusfondi_ulekandmise_ja_uhiskasutusse_votmise_lep__tid1031480.xml: 0 directive(s) → 1 file(s)
  osoonikihti_kahandavate_ainete_montreali_protokolli_1990_aasta_29_juuni_londoni___tid152365.xml: 0 directive(s) → 1 file(s)
  osoonikihti_kahandavate_ainete_montreali_protokolli_1997_aasta_15_17_septembril___tid133322.xml: 0 directive(s) → 1 file(s)
  osoonikihti_kahandavate_ainete_montreali_protokolli_1999_aastal_pekingis_tehtud___tid156830.xml: 0 directive(s) → 1 file(s)
  osoonikihti_kahandavate_ainete_montreali_protokolli_2016_aasta_muudatuse_ratifit__tid1041138.xml: 0 directive(s) → 1 file(s)
  paasteseadus__tid343642.xml: 0 directive(s) → 1 file(s)
  paasteteenistuse_seadus__tid318765.xml: 0 directive(s) → 1 file(s)
  pagulasseisundi_konventsiooni_ja_31_jaanuari_1967_aasta_pagulasseisundi_protokol__tid151951.xml: 0 directive(s) → 1 file(s)
  pakendiaktsiisi_seadus__tid159325.xml: 0 directive(s) → 1 file(s)
  pakendiseadus__tid157649.xml: 3 directive(s) → 1 file(s)
  paldiski_omavalitsuse_korraldamise_seadus__tid151583.xml: 0 directive(s) → 1 file(s)
  pandikirjaseadus__tid1046217.xml: 1 directive(s) → 1 file(s)
  pankrotiseadus__tid156209.xml: 1 directive(s) → 1 file(s)
  pantvangivotmise_vastase_rahvusvahelise_konventsiooniga_uhinemise_seadus__tid153654.xml: 0 directive(s) → 1 file(s)
  parandatud_ja_taiendatud_euroopa_sotsiaalharta_ratifitseerimise_seadus__tid152833.xml: 0 directive(s) → 1 file(s)
  pariisi_kokkuleppe_ratifitseerimise_seadus__tid1036418.xml: 0 directive(s) → 1 file(s)
  parimisseadus__tid318465.xml: 0 directive(s) → 1 file(s)
  partnerlus_ja_koostoolepingu_millega_seatakse_sisse_partnerlus_uhelt_poolt_euroo__tid307789.xml: 0 directive(s) → 1 file(s)
  patendikoostoolepingu_pct_ratifitseerimise_seadus__tid151587.xml: 0 directive(s) → 1 file(s)
  patendioiguse_lepingu_ratifitseerimise_seadus__tid156259.xml: 0 directive(s) → 1 file(s)
  patendiseadus__tid161888.xml: 1 directive(s) → 1 file(s)
  patendivoliniku_seadus__tid159429.xml: 0 directive(s) → 1 file(s)
  perehuvitiste_seadus__tid1035395.xml: 0 directive(s) → 1 file(s)
  perekonnaseadus__tid339043.xml: 0 directive(s) → 1 file(s)
  perekonnaseisutoimingute_seadus__tid335691.xml: 0 directive(s) → 1 file(s)
  perioodi_2007_2013_struktuuritoetuse_seadus__tid1022238.xml: 0 directive(s) → 1 file(s)
  perioodi_2014_2020_struktuuritoetuse_seadus__tid1024724.xml: 0 directive(s) → 1 file(s)
  perioodi_2021_2027_euroopa_liidu_uhtekuuluvus_ja_siseturvalisuspoliitika_fondide__tid1053717.xml: 0 directive(s) → 1 file(s)
  piinamise_ja_ebainimliku_voi_alandava_kohtlemise_voi_karistamise_tokestamise_eur__tid151887.xml: 0 directive(s) → 1 file(s)
  piinamise_ning_muu_julma_ebainimliku_voi_inimvaarikust_alandava_kohtlemise_ja_ka__tid307783.xml: 0 directive(s) → 1 file(s)
  piiriulese_keskkonnamoju_hindamise_konventsiooni_muudatuste_ja_keskkonnamoju_str__tid340906.xml: 0 directive(s) → 1 file(s)
  piiriulese_keskkonnamoju_hindamise_konventsiooniga_uhinemise_seadus__tid153051.xml: 0 directive(s) → 1 file(s)
  piiriulese_ohusaaste_kauglevi_1979_aasta_konventsiooni_hapestumise_eutrofeerumis__tid1044828.xml: 0 directive(s) → 1 file(s)
  piiriulese_ohusaaste_kauglevi_1979_aasta_konventsiooni_ohusaasteainete_kauglevi___tid153122.xml: 0 directive(s) → 1 file(s)
  piiriulese_ohusaaste_kauglevi_1979_aasta_konventsiooni_pusivate_orgaaniliste_saa__tid158595.xml: 0 directive(s) → 1 file(s)
  piiriulese_ohusaaste_kauglevi_1979_aasta_konventsiooni_raskemetallide_protokolli__tid301237.xml: 0 directive(s) → 1 file(s)
  piiriulese_ohusaaste_kauglevi_1979_aasta_konventsiooni_raskmetallide_protokolli___tid1042547.xml: 0 directive(s) → 1 file(s)
  piiriulese_ohusaaste_kauglevi_1979_aasta_konventsiooni_vaavli_heitkoguste_edasis__tid156625.xml: 0 directive(s) → 1 file(s)
  piiriulese_ohusaaste_kauglevi_konventsiooni_ning_selle_protokollidega_uhinemise___tid152691.xml: 0 directive(s) → 1 file(s)
  piiriulese_televisiooni_euroopa_konventsiooni_ja_selle_muutmise_protokolli_ratif__tid152623.xml: 0 directive(s) → 1 file(s)
  piiriulese_toimega_toostusonnetuste_konventsiooni_ratifitseerimise_seadus__tid152744.xml: 0 directive(s) → 1 file(s)
  piiriveekogude_ja_rahvusvaheliste_jarvede_kaitse_ja_kasutamise_konventsiooni_muu__tid310396.xml: 0 directive(s) → 1 file(s)
  piiriveekogude_ja_rahvusvaheliste_jarvede_kaitse_ja_kasutamise_konventsiooni_rat__tid151756.xml: 0 directive(s) → 1 file(s)
  planeerimisseadus__tid1028276.xml: 0 directive(s) → 1 file(s)
  plastiliste_lohkeainete_avastamiseks_nende_markimise_konventsiooniga_uhinemise_s__tid151800.xml: 0 directive(s) → 1 file(s)
  pohikooli_ja_gumnaasiumiseadus__tid344763.xml: 0 directive(s) → 1 file(s)
  pohiseaduslikkuse_jarelevalve_kohtumenetluse_seadus__tid154039.xml: 0 directive(s) → 1 file(s)
  pohja_atlandi_lepingu_organisatsiooni_ning_selle_liikmesriikide_esindajate_ja_ra__tid158202.xml: 0 directive(s) → 1 file(s)
  pohja_atlandi_lepingu_osalisriikide_teabekaitse_kokkuleppega_uhinemise_seadus__tid158226.xml: 0 directive(s) → 1 file(s)
  pohja_atlandi_lepingu_osalisriikide_vahelise_relvajoudude_staatust_reguleeriva_k__tid158203.xml: 0 directive(s) → 1 file(s)
  pohja_atlandi_lepingu_osaliste_riikide_ja_programmis_partnerlus_rahu_nimel_osale_2__tid151843.xml: 0 directive(s) → 1 file(s)
  pohja_atlandi_lepingu_osaliste_riikide_ja_programmis_partnerlus_rahu_nimel_osale__tid155106.xml: 0 directive(s) → 1 file(s)
  pohja_atlandi_lepinguga_uhinemise_seadus__tid141004.xml: 0 directive(s) → 1 file(s)
  pohja_makedoonia_vabariigi_uhinemist_kasitleva_pohja_atlandi_lepingu_protokolli___tid1047268.xml: 0 directive(s) → 1 file(s)
  politsei_ja_piirivalve_seadus__tid335409.xml: 1 directive(s) → 1 file(s)
  pollumajandusloomade_aretuse_seadus__tid1045609.xml: 1 directive(s) → 1 file(s)
  pollumajandustoote_ja_toidu_tarneahelas_ebaausa_kaubandustava_tokestamise_seadus__tid1052584.xml: 1 directive(s) → 1 file(s)
  pommiterrorismi_vastase_konventsiooni_ratifitseerimise_seadus__tid155108.xml: 0 directive(s) → 1 file(s)
  pornograafilise_sisuga_ja_vagivalda_voi_julmust_propageerivate_teoste_leviku_reg__tid152067.xml: 0 directive(s) → 1 file(s)
  postiseadus__tid303654.xml: 3 directive(s) → 1 file(s)
  prokuratuuriseadus__tid159363.xml: 0 directive(s) → 1 file(s)
  protokolli_nr_15_inimoiguste_ja_pohivabaduste_kaitse_konventsiooni_muutmise_koht__tid1022466.xml: 0 directive(s) → 1 file(s)
  psuhhiaatrilise_abi_seadus__tid159326.xml: 0 directive(s) → 1 file(s)
  puhade_ja_tahtpaevade_seadus__tid159352.xml: 0 directive(s) → 1 file(s)
  punase_risti_nimetuse_ja_embleemi_seadus__tid303653.xml: 0 directive(s) → 1 file(s)
  punkrikutusereostusest_pohjustatud_kahju_eest_kantava_tsiviilvastutuse_2001_aast__tid305251.xml: 0 directive(s) → 1 file(s)
  pusiasustusega_vaikesaarte_seadus__tid156273.xml: 0 directive(s) → 1 file(s)
  puuetega_inimeste_oiguste_konventsiooni_ratifitseerimise_seadus__tid1002530.xml: 0 directive(s) → 1 file(s)
  puuetega_inimeste_sotsiaaltoetuste_seadus__tid159387.xml: 0 directive(s) → 1 file(s)
  raamatupidamise_seadus__tid155849.xml: 2 directive(s) → 1 file(s)
  rahapesu_ja_terrorismi_rahastamise_tokestamise_seadus__tid1040739.xml: 3 directive(s) → 1 file(s)
  rahapesu_ning_kriminaaltulu_avastamise_arestimise_ja_konfiskeerimise_ning_terror__tid1054310.xml: 0 directive(s) → 1 file(s)
  rahvahaaletuse_seadus__tid154048.xml: 0 directive(s) → 1 file(s)
  rahvaraamatukogu_seadus__tid159376.xml: 0 directive(s) → 1 file(s)
  rahvastikuregistri_seadus__tid1040737.xml: 0 directive(s) → 1 file(s)
  rahvatervishoiu_seadus__tid1060185.xml: 0 directive(s) → 1 file(s)
  rahvusooperi_seadus__tid159347.xml: 0 directive(s) → 1 file(s)
  rahvusvahelise_aatomienergiaagentuuri_eesoiguste_ja_puutumatuse_kokkuleppe_heaks__tid317754.xml: 0 directive(s) → 1 file(s)
  rahvusvahelise_aatomienergiaagentuuri_pohikirja_ja_selle_muudatuste_heakskiitmis__tid311117.xml: 0 directive(s) → 1 file(s)
  rahvusvahelise_arenguassotsiatsiooni_pohikirja_heakskiitmise_seadus__tid326116.xml: 0 directive(s) → 1 file(s)
  rahvusvahelise_demokraatia_ja_valimisabi_instituudi_pohikirjaga_uhinemise_seadus__tid1061028.xml: 0 directive(s) → 1 file(s)
  rahvusvahelise_elektersideliidu_1992_aasta_genfi_erakorralise_taievolilise_konve__tid159298.xml: 0 directive(s) → 1 file(s)
  rahvusvahelise_energiaprogrammi_kokkuleppega_uhinemise_seadus__tid1022468.xml: 0 directive(s) → 1 file(s)
  rahvusvahelise_eraoiguse_seadus__tid155037.xml: 0 directive(s) → 1 file(s)
  rahvusvahelise_hudrograafiaorganisatsiooni_konventsiooni_muutmise_protokolli_hea__tid307784.xml: 0 directive(s) → 1 file(s)
  rahvusvahelise_hudrograafiaorganisatsiooni_konventsiooni_ratifitseerimise_seadus__tid151541.xml: 0 directive(s) → 1 file(s)
  rahvusvahelise_kohtumenetluse_lihtsustamise_konventsiooniga_uhinemise_seadus__tid151807.xml: 0 directive(s) → 1 file(s)
  rahvusvahelise_kriminaalkohtu_eesoiguste_ja_puutumatuse_kokkuleppe_ratifitseerim__tid157908.xml: 0 directive(s) → 1 file(s)
  rahvusvahelise_kriminaalkohtu_rooma_statuudi_muudatuste_ratifitseerimise_seadus__tid1058260.xml: 0 directive(s) → 1 file(s)
  rahvusvahelise_kriminaalkohtu_rooma_statuudi_ratifitseerimise_seadus__tid153801.xml: 0 directive(s) → 1 file(s)
  rahvusvahelise_laevade_arestimise_konventsiooni_ratifitseerimise_seadus__tid153298.xml: 0 directive(s) → 1 file(s)
  rahvusvahelise_lennutransiidi_lepinguga_uhinemise_seadus__tid151768.xml: 0 directive(s) → 1 file(s)
  rahvusvahelise_mereliikluse_holbustamise_konventsiooniga_uhinemise_seadus__tid153816.xml: 0 directive(s) → 1 file(s)
  rahvusvahelise_mereoiguse_kohtu_eesoiguste_ja_puutumatuse_kokkuleppega_uhinemise__tid316155.xml: 0 directive(s) → 1 file(s)
  rahvusvahelise_mereotsingute_ja_paaste_1979_aasta_konventsiooni_ja_selle_muudatu__tid153342.xml: 0 directive(s) → 1 file(s)
  rahvusvahelise_merivolgade_ja_pantide_konventsiooniga_uhinemise_seadus__tid133905.xml: 0 directive(s) → 1 file(s)
  rahvusvahelise_migratsiooniorganisatsiooniga_uhinemise_ning_tema_pohikirja_ja_po__tid158225.xml: 0 directive(s) → 1 file(s)
  rahvusvahelise_navigatsioonimarkide_organisatsiooni_asutamise_konventsiooniga_uh__tid1062310.xml: 0 directive(s) → 1 file(s)
  rahvusvahelise_ohuveo_nouete_uhtlustamise_konventsiooni_ratifitseerimise_seadus__tid156275.xml: 0 directive(s) → 1 file(s)
  rahvusvahelise_organiseeritud_kuritegevuse_vastu_voitlemise_uhinenud_rahvaste_or_2__tid156021.xml: 0 directive(s) → 1 file(s)
  rahvusvahelise_organiseeritud_kuritegevuse_vastu_voitlemise_uhinenud_rahvaste_or__tid157327.xml: 0 directive(s) → 1 file(s)
  rahvusvahelise_patendiklassifikatsiooni_strasbourg_i_kokkuleppega_uhinemise_sead__tid151816.xml: 0 directive(s) → 1 file(s)
  rahvusvahelise_pollumajanduse_arengu_fondi_asutamislepingu_ratifitseerimise_sead__tid1006665.xml: 0 directive(s) → 1 file(s)
  rahvusvahelise_raudteeveo_konventsiooni_ja_selle_lisade_muudatuste_heakskiitmise__tid1052880.xml: 0 directive(s) → 1 file(s)
  rahvusvahelise_raudteeveo_konventsiooniga_uhinemise_seadus__tid157485.xml: 0 directive(s) → 1 file(s)
  rahvusvahelise_rekonstruktsiooni_ja_arengupanga_pohikirja_muudatuste_heakskiitmi__tid1060631.xml: 0 directive(s) → 1 file(s)
  rahvusvahelise_sanktsiooni_seadus__tid1046442.xml: 0 directive(s) → 1 file(s)
  rahvusvahelise_suvamerepohja_organisatsiooni_eesoiguste_ja_puutumatuse_protokoll__tid316152.xml: 0 directive(s) → 1 file(s)
  rahvusvahelise_taastuvenergia_agentuuri_irena_pohikirja_ratifitseerimise_seadus__tid1002529.xml: 0 directive(s) → 1 file(s)
  rahvusvahelise_tahtsusega_margalade_eriti_veelindude_elupaikade_konventsiooni_ra__tid151539.xml: 0 directive(s) → 1 file(s)
  rahvusvahelise_taimekaitsekonventsiooniga_uhinemise_seadus__tid153019.xml: 0 directive(s) → 1 file(s)
  rahvusvahelise_telekommunikatsiooni_liidu_pohikirja_ja_konventsiooni_2006_aasta___tid333070.xml: 0 directive(s) → 1 file(s)
  rahvusvahelise_telekommunikatsiooni_liidu_pohikirja_ja_konventsiooni_2010_aasta___tid1001615.xml: 0 directive(s) → 1 file(s)
  rahvusvahelise_telekommunikatsiooni_liidu_pohikirja_ja_konventsiooni_muutmisdoku__tid158227.xml: 0 directive(s) → 1 file(s)
  rahvusvahelise_tollitariifide_valjakuulutamise_liidu_asutamiskonventsiooni_denon__tid1011484.xml: 0 directive(s) → 1 file(s)
  rahvusvahelise_tooorganisatsiooni_ilo_konventsiooni_mees_ja_naistootajate_vordse__tid151829.xml: 0 directive(s) → 1 file(s)
  rahvusvahelise_tooorganisatsiooni_ilo_konventsiooni_meremeeste_riiklike_isikut_t__tid151888.xml: 0 directive(s) → 1 file(s)
  rahvusvahelise_tooorganisatsiooni_ilo_konventsiooni_nr_182_lapsele_sobimatu_too___tid153467.xml: 0 directive(s) → 1 file(s)
  rahvusvahelise_tooorganisatsiooni_ilo_konventsiooni_tootingimuste_jarelevalve_ko__tid158291.xml: 0 directive(s) → 1 file(s)
  rahvusvahelise_tooorganisatsiooni_ilo_monede_konventsioonide_ratifitseerimise_se__tid151804.xml: 0 directive(s) → 1 file(s)
  rahvusvahelise_tooorganisatsiooni_ilo_naiste_ootoo_kohta_kaiva_konventsiooni_nr___tid315865.xml: 0 directive(s) → 1 file(s)
  rahvusvahelise_tooorganisatsiooni_ilo_pohikirja_muutmise_dokumendi_ratifitseerim__tid1061186.xml: 0 directive(s) → 1 file(s)
  rahvusvahelise_tooorganisatsiooni_ilo_too_ja_kutsealast_diskrimineerimist_kasitl__tid158813.xml: 0 directive(s) → 1 file(s)
  rahvusvahelise_tooorganisatsiooni_ilo_toohoivepoliitika_elluviimise_konventsioon__tid129511.xml: 0 directive(s) → 1 file(s)
  rahvusvahelise_tooorganisatsiooni_ilo_toolevoetava_isiku_vanuse_alammaara_konven__tid307690.xml: 0 directive(s) → 1 file(s)
  rahvusvahelise_tooorganisatsiooni_ilo_toomaailmas_esineva_vagivalla_ja_ahistamis__tid1059793.xml: 0 directive(s) → 1 file(s)
  rahvusvahelise_tooorganisatsiooni_kalandustoo_konventsiooni_nr_188_ratifitseerim__tid1033504.xml: 0 directive(s) → 1 file(s)
  rahvusvahelise_tooorganisatsiooni_meretoo_konventsiooni_koodeksi_2014_ja_2016_aa__tid1048363.xml: 0 directive(s) → 1 file(s)
  rahvusvahelise_tooorganisatsiooni_meretoo_konventsiooni_koodeksi_2018_aasta_muud__tid1053678.xml: 0 directive(s) → 1 file(s)
  rahvusvahelise_tooorganisatsiooni_meretoo_konventsiooni_koodeksi_2022_aasta_muud__tid1062554.xml: 0 directive(s) → 1 file(s)
  rahvusvahelise_tooorganisatsiooni_meretoo_konventsiooni_ratifitseerimise_seadus__tid1033511.xml: 0 directive(s) → 1 file(s)
  rahvusvahelise_tsiviillennunduse_konventsiooni_muudatusprotokollide_ja_protokoll__tid153018.xml: 0 directive(s) → 1 file(s)
  rahvusvahelise_tsiviillennunduse_konventsiooni_muutmise_protokollide_ratifitseer__tid1044580.xml: 0 directive(s) → 1 file(s)
  rahvusvahelise_uute_taimesortide_kaitse_konventsiooniga_uhinemise_seadus__tid152747.xml: 0 directive(s) → 1 file(s)
  rahvusvahelise_valuutafondi_pohikirja_muudatuste_heakskiitmise_seadus__tid1003611.xml: 0 directive(s) → 1 file(s)
  rahvusvahelisel_tsiviilmissioonil_osalemise_seadus__tid1000657.xml: 0 directive(s) → 1 file(s)
  rahvusvahelist_satelliitsideorganisatsiooni_kasitleva_kokkuleppega_uhinemise_sea__tid308447.xml: 0 directive(s) → 1 file(s)
  rahvusvaheliste_naituste_konventsiooniga_uhinemise_seadus__tid334959.xml: 0 directive(s) → 1 file(s)
  rahvusvaheliste_ohuvedude_reeglite_uhtlustamise_konventsiooni_lisaprotokolli_nr___tid118734.xml: 0 directive(s) → 1 file(s)
  rahvusvaheliste_ohuvedude_reeglite_uhtlustamise_konventsiooni_ning_selle_paranda__tid118730.xml: 0 directive(s) → 1 file(s)
  rahvusvaheliste_vaidluste_rahumeelse_lahendamise_konventsiooniga_uhinemise_seadu__tid156602.xml: 0 directive(s) → 1 file(s)
  rahvusvahelistes_aritehingutes_valisriigi_ametiisikutele_altkaemaksu_andmise_vas__tid333064.xml: 0 directive(s) → 1 file(s)
  rakkude_kudede_ja_elundite_hankimise_kaitlemise_ja_siirdamise_seadus__tid1028263.xml: 5 directive(s) → 1 file(s)
  raseduse_katkestamise_ja_steriliseerimise_seadus__tid152292.xml: 0 directive(s) → 1 file(s)
  raskeveokimaksu_seadus__tid162381.xml: 0 directive(s) → 1 file(s)
  rassilise_diskrimineerimise_koigi_vormide_korvaldamise_rahvusvahelise_konventsio__tid344764.xml: 0 directive(s) → 1 file(s)
  raudteeseadus__tid1050419.xml: 7 directive(s) → 1 file(s)
  ravikindlustuse_seadus__tid162949.xml: 2 directive(s) → 1 file(s)
  ravimiseadus__tid158346.xml: 2 directive(s) → 1 file(s)
  reisijate_ja_nende_pagasi_mereveo_1974_aasta_ateena_konventsiooni_ja_selle_proto__tid155363.xml: 0 directive(s) → 1 file(s)
  reklaamiseadus__tid320219.xml: 1 directive(s) → 1 file(s)
  relvakonflikti_korral_kultuurivaartuste_kaitse_1954_aasta_haagi_konventsiooniga___tid151713.xml: 0 directive(s) → 1 file(s)
  relvaseadus__tid160831.xml: 3 directive(s) → 1 file(s)
  riigi_2026_aasta_lisaeelarve_seadus__tid1063938.xml: 0 directive(s) → 1 file(s)
  riigi_kultuuripreemiate_ja_kultuuristipendiumide_seadus__tid159375.xml: 0 directive(s) → 1 file(s)
  riigi_oigusabi_seadus__tid157934.xml: 1 directive(s) → 1 file(s)
  riigi_teataja_seadus__tid343399.xml: 0 directive(s) → 1 file(s)
  riigieelarve_seadus__tid1021902.xml: 1 directive(s) → 1 file(s)
  riigihangete_seadus__tid1039283.xml: 5 directive(s) → 1 file(s)
  riigikogu_kodu_ja_tookorra_seadus__tid163184.xml: 0 directive(s) → 1 file(s)
  riigikogu_liikme_staatuse_seadus__tid313841.xml: 0 directive(s) → 1 file(s)
  riigikogu_valimise_seadus__tid155356.xml: 0 directive(s) → 1 file(s)
  riigikontrolli_seadus__tid162598.xml: 0 directive(s) → 1 file(s)
  riigiloivuseadus__tid1027446.xml: 1 directive(s) → 1 file(s)
  riigipiiri_seadus__tid159254.xml: 1 directive(s) → 1 file(s)
  riigisaladuse_ja_salastatud_valisteabe_seadus__tid310547.xml: 0 directive(s) → 1 file(s)
  riigivapi_seadus__tid160830.xml: 0 directive(s) → 1 file(s)
  riigivaraseadus__tid338793.xml: 0 directive(s) → 1 file(s)
  riigivastutuse_seadus__tid153374.xml: 0 directive(s) → 1 file(s)
  riikidevahelises_lapsendamises_laste_kaitseks_tehtava_koostoo_konventsiooniga_uh__tid153655.xml: 0 directive(s) → 1 file(s)
  riikidevaheliste_ametlike_valjaannete_ja_valitsuse_dokumentide_vahetamise_konven__tid151484.xml: 0 directive(s) → 1 file(s)
  riikliku_pensionikindlustuse_seadus__tid153716.xml: 1 directive(s) → 1 file(s)
  riikliku_perelepitusteenuse_seadus__tid1052969.xml: 0 directive(s) → 1 file(s)
  riikliku_statistika_seadus__tid344756.xml: 0 directive(s) → 1 file(s)
  ruumiandmete_seadus__tid1000660.xml: 1 directive(s) → 1 file(s)
  saastva_arengu_seadus__tid159283.xml: 0 directive(s) → 1 file(s)
  sadamaseadus__tid336245.xml: 5 directive(s) → 1 file(s)
  sailituseksemplari_seadus__tid1035397.xml: 0 directive(s) → 1 file(s)
  saneerimisseadus__tid329660.xml: 1 directive(s) → 1 file(s)
  seadme_ohutuse_seadus__tid1028732.xml: 0 directive(s) → 1 file(s)
  seadus_kohtuvaliselt_represseeritud_ja_alusetult_suudimoistetud_isikute_rehabili__tid159175.xml: 0 directive(s) → 1 file(s)
  seadus_suumevande_andmise_korra_kohta__tid159190.xml: 0 directive(s) → 1 file(s)
  seadus_vabakaubandust_ja_kaubandust_puudutavaid_kusimusi_kasitleva_lepingu_uhelt__tid151683.xml: 0 directive(s) → 1 file(s)
  seotud_ettevotjate_kasumi_korrigeerimisel_tekkiva_topeltmaksustamise_korvaldamis__tid307785.xml: 0 directive(s) → 1 file(s)
  sihtasutuste_seadus__tid159303.xml: 0 directive(s) → 1 file(s)
  sisekokkuleppe_noukogus_kokku_tulnud_liikmesriikide_valitsuste_esindajate_vahel___tid1023243.xml: 0 directive(s) → 1 file(s)
  sojahaudade_kaitse_seadus__tid309607.xml: 0 directive(s) → 1 file(s)
  sojalisel_ja_muul_vaenulikul_eesmargil_keskkonna_mojutamise_keelustamise_konvent__tid1000672.xml: 0 directive(s) → 1 file(s)
  soodaseadus__tid309829.xml: 3 directive(s) → 1 file(s)
  soodustingimustel_vanaduspensionide_seadus__tid159181.xml: 0 directive(s) → 1 file(s)
  soolise_vordoiguslikkuse_seadus__tid157456.xml: 6 directive(s) → 1 file(s)
  soome_vabariigi_ja_rootsi_kuningriigi_uhinemist_kasitlevate_pohja_atlandi_leping__tid1054536.xml: 0 directive(s) → 1 file(s)
  sotsiaalhoolekande_seadus__tid1032355.xml: 0 directive(s) → 1 file(s)
  sotsiaalmaksuseadus__tid161985.xml: 1 directive(s) → 1 file(s)
  sotsiaalseadustiku_uldosa_seadus__tid1032299.xml: 0 directive(s) → 1 file(s)
  spordiseadus__tid158646.xml: 0 directive(s) → 1 file(s)
  stabiliseerimis_ja_assotsieerimislepingu_uhelt_poolt_euroopa_uhenduste_ja_nende___tid315876.xml: 0 directive(s) → 1 file(s)
  strateegilise_kauba_seadus__tid1001874.xml: 1 directive(s) → 1 file(s)
  sunniviisilise_too_konventsiooni_2014_aasta_protokolli_ratifitseerimise_seadus__tid1035076.xml: 0 directive(s) → 1 file(s)
  surma_pohjuse_tuvastamise_seadus__tid158675.xml: 0 directive(s) → 1 file(s)
  suuteomenetluses_tekitatud_kahju_huvitamise_seadus__tid1026647.xml: 0 directive(s) → 1 file(s)
  taani_kuningriigi_eesti_vabariigi_soome_vabariigi_saksa_liitvabariigi_lati_vabar__tid118896.xml: 0 directive(s) → 1 file(s)
  tagatisfondi_seadus__tid153991.xml: 1 directive(s) → 1 file(s)
  taimede_paljundamise_ja_sordikaitse_seadus__tid151244.xml: 20 directive(s) → 1 file(s)
  taimekaitseseadus__tid157600.xml: 12 directive(s) → 1 file(s)
  taiskasvanute_koolituse_seadus__tid1028733.xml: 0 directive(s) → 1 file(s)
  taiskasvanute_rahvusvahelise_kaitse_konventsiooniga_uhinemise_seadus__tid1000071.xml: 0 directive(s) → 1 file(s)
  taitemenetluse_seadustik__tid158691.xml: 2 directive(s) → 1 file(s)
  tallinna_tehnikaulikooli_seadus__tid1024747.xml: 0 directive(s) → 1 file(s)
  tallinna_ulikooli_seadus__tid1046447.xml: 0 directive(s) → 1 file(s)
  tarbijakaitseseadus__tid1032300.xml: 8 directive(s) → 1 file(s)
  tartu_ulikooli_seadus__tid161912.xml: 0 directive(s) → 1 file(s)
  teadus_ja_arendustegevuse_ning_innovatsiooni_korralduse_seadus__tid1061417.xml: 0 directive(s) → 1 file(s)
  teatavate_ohtlike_kemikaalide_ja_pestitsiididega_rahvusvaheliseks_kauplemiseks_n__tid302358.xml: 0 directive(s) → 1 file(s)
  teenetemarkide_seadus__tid317751.xml: 0 directive(s) → 1 file(s)
  teose_esitaja_fonogrammitootja_ja_ringhaalinguorganisatsiooni_kaitse_rahvusvahel__tid152621.xml: 0 directive(s) → 1 file(s)
  terrorismi_ennetamise_euroopa_noukogu_konventsiooni_ratifitseerimise_seadus__tid333862.xml: 0 directive(s) → 1 file(s)
  terrorismi_rahastamise_tokestamise_rahvusvahelise_konventsiooni_ratifitseerimise__tid154958.xml: 0 directive(s) → 1 file(s)
  terrorismi_tokestamise_euroopa_konventsiooni_muutmise_protokolli_ratifitseerimis__tid158647.xml: 0 directive(s) → 1 file(s)
  terrorismi_tokestamise_euroopa_konventsiooni_ratifitseerimise_seadus__tid118556.xml: 0 directive(s) → 1 file(s)
  tervisekassa_seadus__tid152863.xml: 0 directive(s) → 1 file(s)
  tervishoiuteenuse_osutaja_kohustusliku_vastutuskindlustuse_seadus__tid1054002.xml: 0 directive(s) → 1 file(s)
  tervishoiuteenuste_korraldamise_seadus__tid153395.xml: 2 directive(s) → 1 file(s)
  testamendi_vormile_kohaldatava_oiguse_konventsiooniga_uhinemise_seadus__tid118769.xml: 0 directive(s) → 1 file(s)
  testamendiregistri_loomise_konventsiooni_ratifitseerimise_seadus__tid153399.xml: 0 directive(s) → 1 file(s)
  tingimisi_karistatud_voi_tingimisi_enne_tahtaega_vangistusest_vabastatud_isikule__tid158569.xml: 0 directive(s) → 1 file(s)
  toestamisseadus__tid153646.xml: 0 directive(s) → 1 file(s)
  toiduseadus__tid159402.xml: 6 directive(s) → 1 file(s)
  tolliasutuste_vastastikuse_abi_ja_koostoo_konventsiooniga_uhinemise_seadus__tid158311.xml: 0 directive(s) → 1 file(s)
  tollikoostoo_noukogu_asutamiskonventsiooni_muudatuse_heakskiitmise_seadus__tid327643.xml: 0 directive(s) → 1 file(s)
  tolliseadus__tid1038990.xml: 0 directive(s) → 1 file(s)
  tooalasest_euroopa_liidu_oiguse_rikkumisest_teavitaja_kaitse_seadus__tid1058939.xml: 2 directive(s) → 1 file(s)
  toodete_ja_teenuste_ligipaasetavuse_seadus__tid1054312.xml: 1 directive(s) → 1 file(s)
  toolepingu_seadus__tid331584.xml: 6 directive(s) → 1 file(s)
  toostusdisaini_kaitse_seadus__tid159345.xml: 0 directive(s) → 1 file(s)
  toostusdisainilahenduste_rahvusvahelise_klassifikatsiooni_locarno_kokkuleppega_u__tid151861.xml: 0 directive(s) → 1 file(s)
  toostusdisainilahenduste_rahvusvahelise_registreerimise_haagi_kokkuleppe_genfi_r__tid153799.xml: 0 directive(s) → 1 file(s)
  toostusheite_seadus__tid1013729.xml: 1 directive(s) → 1 file(s)
  toostuslike_suuronnetuste_arahoidmise_konventsiooni_ratifitseerimise_seadus__tid152865.xml: 0 directive(s) → 1 file(s)
  toostusomandi_kaitse_pariisi_konventsiooni_ratifitseerimise_seadus__tid151586.xml: 0 directive(s) → 1 file(s)
  toostusomandi_oiguskorralduse_aluste_seadus__tid135058.xml: 0 directive(s) → 1 file(s)
  tootajate_distsiplinaarvastutuse_seadus__tid159201.xml: 0 directive(s) → 1 file(s)
  tootajate_uleuhenduselise_kaasamise_seadus__tid158449.xml: 5 directive(s) → 1 file(s)
  tootajate_usaldusisiku_seadus__tid309273.xml: 2 directive(s) → 1 file(s)
  toote_nouetele_vastavuse_seadus__tid344284.xml: 20 directive(s) → 1 file(s)
  tootervishoiu_ja_tooohutuse_seadus__tid159407.xml: 0 directive(s) → 1 file(s)
  tooturumeetmete_seadus__tid1056097.xml: 2 directive(s) → 1 file(s)
  tootuskindlustuse_seadus__tid162491.xml: 1 directive(s) → 1 file(s)
  toovaidluse_lahendamise_seadus__tid1039287.xml: 0 directive(s) → 1 file(s)
  toovoimetoetuse_seadus__tid1027098.xml: 0 directive(s) → 1 file(s)
  tsiviil_ja_kaubandusasjade_kohtu_ja_kohtuvaliste_dokumentide_valisriikides_katte__tid151806.xml: 0 directive(s) → 1 file(s)
  tsiviil_ja_kaubandusasjades_valisriigis_toendite_kogumise_konventsiooniga_uhinem__tid151805.xml: 0 directive(s) → 1 file(s)
  tsiviilkohtumenetluse_seadustik__tid148004.xml: 6 directive(s) → 13 file(s)
  tsiviilkohtumenetluse_seadustiku_ja_taitemenetluse_seadustiku_rakendamise_seadus__tid158839.xml: 1 directive(s) → 1 file(s)
  tsiviilseadustiku_uldosa_seadus__tid155036.xml: 1 directive(s) → 4 file(s)
  tubakaseadus__tid158724.xml: 2 directive(s) → 1 file(s)
  tuleohutuse_seadus__tid343640.xml: 0 directive(s) → 1 file(s)
  tulumaksuseadus__tid161969.xml: 7 directive(s) → 1 file(s)
  tulundusuhistuseadus__tid155092.xml: 0 directive(s) → 1 file(s)
  tunnistajakaitse_seadus__tid158840.xml: 0 directive(s) → 1 file(s)
  turismiseadus__tid153072.xml: 1 directive(s) → 1 file(s)
  turvategevuse_seadus__tid1056042.xml: 0 directive(s) → 1 file(s)
  tuumaavarii_voi_kiirgusliku_avariiolukorra_puhul_abi_andmise_konventsiooniga_nou__tid151598.xml: 0 directive(s) → 1 file(s)
  tuumaavariist_operatiivse_teatamise_konventsiooniga_noustumise_seadus__tid151597.xml: 0 directive(s) → 1 file(s)
  tuumakahjustuste_eest_tsiviilvastutuse_viini_konventsiooniga_uhinemise_seadus__tid151594.xml: 0 directive(s) → 1 file(s)
  tuumamaterjali_fuusilise_kaitse_konventsiooni_muudatuse_ratifitseerimise_seadus__tid329974.xml: 0 directive(s) → 1 file(s)
  tuumamaterjali_fuusilise_kaitse_konventsiooniga_uhinemise_seadus__tid151596.xml: 0 directive(s) → 1 file(s)
  tuumaohutuse_konventsiooniga_uhinemise_seadus__tid159114.xml: 0 directive(s) → 1 file(s)
  tuumarelvakatsetuste_uldise_keelustamise_lepingu_ratifitseerimise_seadus__tid152512.xml: 0 directive(s) → 1 file(s)
  uhelt_poolt_cariforumi_riikide_ning_teiselt_poolt_euroopa_uhenduse_ja_selle_liik__tid1031678.xml: 0 directive(s) → 1 file(s)
  uhelt_poolt_euroopa_liidu_euroopa_aatomienergiauhenduse_ja_nende_liikmesriikide__2__tid1026652.xml: 0 directive(s) → 1 file(s)
  uhelt_poolt_euroopa_liidu_euroopa_aatomienergiauhenduse_ja_nende_liikmesriikide___tid1026651.xml: 0 directive(s) → 1 file(s)
  uhelt_poolt_euroopa_liidu_ja_euroopa_aatomienergiauhenduse_ning_nende_liikmesrii__tid1026650.xml: 0 directive(s) → 1 file(s)
  uhelt_poolt_euroopa_liidu_ja_selle_liikmesriikide_ning_teiselt_poolt_islandi_vah__tid1031475.xml: 0 directive(s) → 1 file(s)
  uhelt_poolt_euroopa_liidu_ja_selle_liikmesriikide_ning_teiselt_poolt_singapuri_v__tid1048753.xml: 0 directive(s) → 1 file(s)
  uhelt_poolt_euroopa_liidu_ja_selle_liikmesriikide_ning_teiselt_poolt_vietnami_so__tid1050712.xml: 0 directive(s) → 1 file(s)
  uhelt_poolt_euroopa_uhenduse_ja_tema_liikmesriikide_ning_teiselt_poolt_louna_aaf__tid1043458.xml: 0 directive(s) → 1 file(s)
  uhelt_poolt_kanada_ning_teiselt_poolt_euroopa_liidu_ja_selle_liikmesriikide_vahe__tid1040310.xml: 0 directive(s) → 1 file(s)
  uhinenud_rahvaste_organisatsiooni_1982_aasta_10_detsembri_mereoiguse_konventsioo_2__tid305461.xml: 0 directive(s) → 1 file(s)
  uhinenud_rahvaste_organisatsiooni_1982_aasta_10_detsembri_mereoiguse_konventsioo__tid158772.xml: 0 directive(s) → 1 file(s)
  uhinenud_rahvaste_organisatsiooni_eriorganisatsioonide_eesoiguste_ja_puutumatuse__tid320638.xml: 0 directive(s) → 1 file(s)
  uhinenud_rahvaste_organisatsiooni_hariduse_teaduse_ja_kultuuri_organisatsiooni_p__tid328978.xml: 0 directive(s) → 1 file(s)
  uhinenud_rahvaste_organisatsiooni_ja_temaga_liitunud_isikkoosseisu_ohutuse_konve__tid159115.xml: 0 directive(s) → 1 file(s)
  uhinenud_rahvaste_organisatsiooni_kliimamuutuste_raamkonventsiooni_kyoto_protoko__tid155569.xml: 0 directive(s) → 1 file(s)
  uhinenud_rahvaste_organisatsiooni_kliimamuutuste_raamkonventsiooni_ratifitseerim__tid151608.xml: 0 directive(s) → 1 file(s)
  uhinenud_rahvaste_organisatsiooni_konventsiooni_kaupade_rahvusvahelise_ostu_muug__tid151500.xml: 0 directive(s) → 1 file(s)
  uhinenud_rahvaste_organisatsiooni_korruptsioonivastase_konventsiooniga_uhinemise__tid341221.xml: 0 directive(s) → 1 file(s)
  uhistatud_vara_maksumuse_maaramise_seadus__tid159198.xml: 0 directive(s) → 1 file(s)
  uhistranspordiseadus__tid1028729.xml: 0 directive(s) → 1 file(s)
  uhisveevargi_ja_kanalisatsiooni_seadus__tid1056096.xml: 1 directive(s) → 1 file(s)
  uhtset_patendikohut_kasitleva_lepingu_ning_uhtse_patendikohtu_pohjamaade_ja_balt__tid1039050.xml: 0 directive(s) → 1 file(s)
  ukraina_kahjunouete_rahvusvahelise_komisjoni_asutamise_konventsiooni_ratifitseer__tid1063101.xml: 0 directive(s) → 1 file(s)
  ukraina_vastu_toime_pandud_agressioonikuriteo_eritribunali_halduskomitee_asutami__tid1062870.xml: 0 directive(s) → 1 file(s)
  ulalpidamiskohustusi_kasitlevate_otsuste_tunnustamise_ja_taitmise_konventsioonig__tid151897.xml: 0 directive(s) → 1 file(s)
  ulalpidamiskohustustele_kohaldatava_oiguse_1973_aasta_2_oktoobri_haagi_konventsi__tid152584.xml: 0 directive(s) → 1 file(s)
  ulemaailmse_intellektuaalse_omandi_organisatsiooni_wipo_asutamise_konventsiooni___tid151523.xml: 0 directive(s) → 1 file(s)
  ulemaailmse_postiliidu_23_kongressi_loppaktide_ratifitseerimise_seadus__tid303961.xml: 0 directive(s) → 1 file(s)
  ulemaailmse_postiliidu_24_kongressi_loppaktide_ratifitseerimise_seadus__tid1000022.xml: 0 directive(s) → 1 file(s)
  ulemaailmse_postiliidu_25_kongressi_loppaktide_ratifitseerimise_seadus__tid1024408.xml: 0 directive(s) → 1 file(s)
  ulemaailmse_postiliidu_26_kongressi_loppaktide_ratifitseerimise_seadus__tid1041452.xml: 0 directive(s) → 1 file(s)
  ulemaailmse_postiliidu_addis_abeba_erakorralise_kongressi_ning_abidjani_kongress__tid1055292.xml: 0 directive(s) → 1 file(s)
  ulemaailmse_postiliidu_ar_riy_i_erakorralise_kongressi_loppaktide_ratifitseerimi__tid1062343.xml: 0 directive(s) → 1 file(s)
  ulemaailmse_postiliidu_kongresside_loppaktide_ratifitseerimise_seadus__tid153666.xml: 0 directive(s) → 1 file(s)
  ulemaarase_kahjustava_voi_purustava_toimega_tavarelvade_kasutamise_keelustamise__2__tid152752.xml: 0 directive(s) → 1 file(s)
  ulemaarase_kahjustava_voi_purustava_toimega_tavarelvade_kasutamise_keelustamise__3__tid307945.xml: 0 directive(s) → 1 file(s)
  ulemaarase_kahjustava_voi_purustava_toimega_tavarelvade_kasutamise_keelustamise___tid156022.xml: 0 directive(s) → 1 file(s)
  unesco_kultuuriparandi_kaitse_konventsioonide_ratifitseerimise_seadus__tid151742.xml: 0 directive(s) → 1 file(s)
  uro_1961_aasta_narkootiliste_ainete_uhtse_konventsiooniga_ning_1971_aasta_psuhho__tid151857.xml: 0 directive(s) → 1 file(s)
  uro_kodaniku_ja_poliitiliste_oiguste_rahvusvahelise_pakti_surmanuhtluse_kaotamis__tid156920.xml: 0 directive(s) → 1 file(s)
  uurivaidluse_lahendamise_seadus__tid156198.xml: 0 directive(s) → 1 file(s)
  vaarismetalltoodete_seadus__tid134909.xml: 0 directive(s) → 1 file(s)
  vaarteomenetluse_seadustik__tid155250.xml: 0 directive(s) → 1 file(s)
  vaartpaberite_registri_pidamise_seadus__tid159418.xml: 1 directive(s) → 1 file(s)
  vaartpaberituru_seadus__tid153607.xml: 19 directive(s) → 1 file(s)
  vabakaubandust_ja_kaubandust_puudutavaid_kusimusi_kasitleva_lepingu_uhelt_poolt___tid118664.xml: 0 directive(s) → 1 file(s)
  vabariigi_presidendi_ametihuve_seadus__tid160865.xml: 0 directive(s) → 1 file(s)
  vabariigi_presidendi_tookorra_seadus__tid160822.xml: 0 directive(s) → 1 file(s)
  vabariigi_presidendi_valimise_seadus__tid151839.xml: 0 directive(s) → 1 file(s)
  vabariigi_valitsuse_seadus__tid159305.xml: 0 directive(s) → 1 file(s)
  vaetiseseadus__tid156646.xml: 0 directive(s) → 1 file(s)
  vagivallakuritegude_ohvritele_huvitise_maksmise_euroopa_konventsiooni_ratifitsee__tid159116.xml: 0 directive(s) → 1 file(s)
  vahemusrahvuse_kultuuriautonoomia_seadus__tid151544.xml: 0 directive(s) → 1 file(s)
  vahemusrahvuste_kaitse_raamkonventsiooni_ratifitseerimise_seadus__tid151906.xml: 0 directive(s) → 1 file(s)
  valisinvesteeringu_usaldusvaarsuse_hindamise_seadus__tid1055952.xml: 0 directive(s) → 1 file(s)
  valismaalasele_rahvusvahelise_kaitse_andmise_seadus__tid1063588.xml: 3 directive(s) → 1 file(s)
  valismaalaste_seadus__tid339920.xml: 6 directive(s) → 1 file(s)
  valisriigi_avaliku_dokumendi_legaliseerimise_noude_tuhistamise_konventsiooniga_u__tid153017.xml: 0 directive(s) → 1 file(s)
  valisriigi_kutsekvalifikatsiooni_tunnustamise_seadus__tid323050.xml: 1 directive(s) → 1 file(s)
  valisriigi_vahekohtu_otsuste_tunnustamise_ja_taitmise_konventsiooni_ratifitseeri__tid151499.xml: 0 directive(s) → 1 file(s)
  valisriigist_ulalpidamise_taotlemise_konventsiooniga_uhinemise_seadus__tid151896.xml: 0 directive(s) → 1 file(s)
  valisriikide_oigusinfo_euroopa_konventsiooni_ning_selle_lisaprotokolli_ratifitse__tid118576.xml: 0 directive(s) → 1 file(s)
  valissuhtlemisseadus__tid305458.xml: 0 directive(s) → 1 file(s)
  valisteenistuse_seadus__tid304755.xml: 0 directive(s) → 1 file(s)
  valjaandmise_euroopa_konventsiooni_selle_lisaprotokolli_ja_teise_lisaprotokolli___tid118588.xml: 0 directive(s) → 1 file(s)
  valjasoidukohustuse_ja_sissesoidukeelu_seadus__tid161940.xml: 3 directive(s) → 1 file(s)
  valjateenitud_aastate_pensionide_seadus__tid159182.xml: 0 directive(s) → 1 file(s)
  vandetolgi_seadus__tid1019857.xml: 0 directive(s) → 1 file(s)
  vanema_kohustuste_kindlaksmaaramise_ja_laste_kaitse_abinoude_rakendamise_padevus__tid155358.xml: 0 directive(s) → 1 file(s)
  vangistusseadus__tid152867.xml: 0 directive(s) → 1 file(s)
  vara_merepaaste_1989_aasta_rahvusvahelise_konventsiooniga_uhinemise_seadus__tid153453.xml: 0 directive(s) → 1 file(s)
  varssavi_konventsiooni_taiendava_lepinguvalise_vedaja_teostatavate_rahvusvahelis__tid118737.xml: 0 directive(s) → 1 file(s)
  vedelkutuse_erimargistamise_seadus__tid159339.xml: 0 directive(s) → 1 file(s)
  vedelkutuse_seadus__tid156253.xml: 5 directive(s) → 1 file(s)
  vedelkutusevaru_seadus__tid158536.xml: 1 directive(s) → 1 file(s)
  veeseadus__tid1046155.xml: 15 directive(s) → 1 file(s)
  vereseadus__tid158537.xml: 3 directive(s) → 1 file(s)
  veterinaarseadus__tid1052871.xml: 2 directive(s) → 1 file(s)
  viini_konventsiooni_ja_pariisi_konventsiooni_rakendamise_uhise_protokolliga_uhin__tid151595.xml: 0 directive(s) → 1 file(s)
  volaoigusseadus__tid153569.xml: 13 directive(s) → 10 file(s)
  volaoigusseaduse_tsiviilseadustiku_uldosa_seaduse_ja_rahvusvahelise_eraoiguse_se__tid155295.xml: 1 directive(s) → 1 file(s)
  vordse_kohtlemise_seadus__tid329980.xml: 8 directive(s) → 1 file(s)
  XML parsed: 15810; with NTM: 982; unresolved: 11076; files changed: 6
  Saved krr_outputs/reports/ntm_directives.json: 691 act(s), 1300 asserted pair(s)
