iri,act,paragrahv,subsection,legalText,in_force,temporalStatus,valid_from,valid_to,current_version
estleg:ABIPOL_Par_1,estleg:ABIPOL_Map,§ 1.,,"(1) Käesolev seadus sätestab abipolitseiniku õigused, kohustused ja tegevusala eesmärgiga kaasata isikuid politsei tegevusse avaliku korra kaitseks ja turvalise ühiskonna tagamiseks. (2) Käesolevas seaduses ettenähtud haldusmenetlusele kohaldatakse haldusmenetluse seaduse sätteid, arvestades käesoleva seaduse erisusi. (3) Riikliku järelevalve meetme rakendamisel muu seaduse alusel lähtub abipolitseinik muus seaduses sätestatust, arvestades käesoleva seaduse erisusi.",true,inForce,2015-03-22,,estleg:ABIPOL_Par_1_v112032015074
estleg:ABIPOL_Par_10,estleg:ABIPOL_Map,§ 10.,,(1) Käesoleva seaduse § 3 lõikes 2 nimetatud ülesande iseseisvalt täitmise pädevuse andmise käesoleva seaduse § 8 lõikes 2 sätestatud väljaõppe läbinud ja arvestuse sooritanud abipolitseinikule otsustab Politsei- ja Piirivalveameti peadirektor või tema volitatud ametnik käskkirjaga. (2) Abipolitseinikule ülesande iseseisvalt täitmise pädevuse andmisel määratakse kindlaks abipolitseiniku ülesande iseseisvalt täitmise piirkond.,true,inForce,2015-03-22,,estleg:ABIPOL_Par_10_v112032015074
estleg:ABIPOL_Par_10_Lg_1,estleg:ABIPOL_Map,§ 10.,1,(1) Käesoleva seaduse § 3 lõikes 2 nimetatud ülesande iseseisvalt täitmise pädevuse andmise käesoleva seaduse § 8 lõikes 2 sätestatud väljaõppe läbinud ja arvestuse sooritanud abipolitseinikule otsustab Politsei- ja Piirivalveameti peadirektor või tema volitatud ametnik käskkirjaga.,true,inForce,2015-03-22,,estleg:ABIPOL_Par_10_v112032015074
estleg:ABIPOL_Par_10_Lg_2,estleg:ABIPOL_Map,§ 10.,2,(2) Abipolitseinikule ülesande iseseisvalt täitmise pädevuse andmisel määratakse kindlaks abipolitseiniku ülesande iseseisvalt täitmise piirkond.,true,inForce,2015-03-22,,estleg:ABIPOL_Par_10_v112032015074
estleg:ABIPOL_Par_11,estleg:ABIPOL_Map,§ 11.,,(1) Valdkonna eest vastutav minister võib Politsei- ja Piirivalveameti peadirektori ettepanekul sõlmida mittetulundusühinguga tsiviilõigusliku lepingu (edaspidi korrakaitseleping) politsei tegevuses osaleva ülesande iseseisva täitmise pädevusega abipolitseiniku tegevuse korraldamiseks. (2) Mittetulundusühinguga sõlmitud korrakaitseleping koos lisadega avaldatakse Politsei- ja Piirivalveameti veebilehel.,true,inForce,2014-07-01,,estleg:ABIPOL_Par_11_v114032014005
estleg:ABIPOL_Par_11_Lg_1,estleg:ABIPOL_Map,§ 11.,1,(1) Valdkonna eest vastutav minister võib Politsei- ja Piirivalveameti peadirektori ettepanekul sõlmida mittetulundusühinguga tsiviilõigusliku lepingu (edaspidi korrakaitseleping) politsei tegevuses osaleva ülesande iseseisva täitmise pädevusega abipolitseiniku tegevuse korraldamiseks.,true,inForce,2014-07-01,,estleg:ABIPOL_Par_11_v114032014005
estleg:ABIPOL_Par_11_Lg_2,estleg:ABIPOL_Map,§ 11.,2,(2) Mittetulundusühinguga sõlmitud korrakaitseleping koos lisadega avaldatakse Politsei- ja Piirivalveameti veebilehel.,true,inForce,2014-07-01,,estleg:ABIPOL_Par_11_v114032014005
estleg:ABIPOL_Par_12,estleg:ABIPOL_Map,§ 12.,,"(1) Abipolitseinikule antakse luba abipolitseiniku ülesande täitmise ajal elektrišokirelva või käesoleva seaduse § 32 lõike 3 punktis 3 nimetatud tulirelva kandmiseks Politsei- ja Piirivalveameti peadirektori või tema volitatud ametniku otsusega juhul, kui: abipolitseinikul ei ole füüsilist puuet, mis välistab vastavat liiki relva kandmise õiguse; abipolitseinik on läbinud edukalt vastavat liiki relvale käesolevas seaduses sätestatud õppe. (2) Abipolitseinikul peatatakse abipolitseiniku ülesande täitmise ajal elektrišokirelva või tulirelva kandmise õigus Politsei- ja Piirivalveameti peadirektori või tema volitatud ametniku otsusega juhul, kui: abipolitseinikul tuvastatakse tervisekontrolli käigus ajutise iseloomuga füüsiline puue, mis välistab vastavat liiki relva kandmise õiguse; abipolitseinik ei soorita edukalt käesoleva seaduse § 8 lõikes 6 nimetatud laskmisarvestust või abipolitseiniku poolt on elektrišokirelva või tulirelva kasutamisega põhjustatud isiku surm või tekitatud isikule tervisekahjustus või varaline kahju või on rikutud tulirelva käitlemise nõudeid. (3) Abipolitseinikul peatatakse abipolitseiniku ülesande täitmise ajal elektrišokirelva või tulirelva kandmise õigus kuni peatamise aluseks olnud asjaolu äralangemiseni või kuni vastavat liiki relva õiguspärase kasutamise või käitlemise tuvastamiseni. (4) Abipolitseiniku õigus kanda abipolitseiniku ülesande täitmise ajal elektrišokirelva või tulirelva tunnistatakse kehtetuks Politsei- ja Piirivalveameti peadirektori või tema volitatud ametniku otsusega juhul, kui: abipolitseinikul tuvastatakse tervisekontrolli käigus füüsiline puue, mis välistab vastavat liiki relva kandmise õiguse, või on tuvastatud abipolitseiniku põhjendamatu elektrišokirelva või tulirelva kasutamine või käitlemise nõuete oluline rikkumine.",true,inForce,2019-08-01,,estleg:ABIPOL_Par_12_v113032019029
estleg:ABIPOL_Par_12_Lg_1,estleg:ABIPOL_Map,§ 12.,1,"(1) Abipolitseinikule antakse luba abipolitseiniku ülesande täitmise ajal elektrišokirelva või käesoleva seaduse § 32 lõike 3 punktis 3 nimetatud tulirelva kandmiseks Politsei- ja Piirivalveameti peadirektori või tema volitatud ametniku otsusega juhul, kui: abipolitseinikul ei ole füüsilist puuet, mis välistab vastavat liiki relva kandmise õiguse; abipolitseinik on läbinud edukalt vastavat liiki relvale käesolevas seaduses sätestatud õppe.",true,inForce,2019-08-01,,estleg:ABIPOL_Par_12_v113032019029
estleg:ABIPOL_Par_12_Lg_2,estleg:ABIPOL_Map,§ 12.,2,"(2) Abipolitseinikul peatatakse abipolitseiniku ülesande täitmise ajal elektrišokirelva või tulirelva kandmise õigus Politsei- ja Piirivalveameti peadirektori või tema volitatud ametniku otsusega juhul, kui: abipolitseinikul tuvastatakse tervisekontrolli käigus ajutise iseloomuga füüsiline puue, mis välistab vastavat liiki relva kandmise õiguse; abipolitseinik ei soorita edukalt käesoleva seaduse § 8 lõikes 6 nimetatud laskmisarvestust või abipolitseiniku poolt on elektrišokirelva või tulirelva kasutamisega põhjustatud isiku surm või tekitatud isikule tervisekahjustus või varaline kahju või on rikutud tulirelva käitlemise nõudeid.",true,inForce,2019-08-01,,estleg:ABIPOL_Par_12_v113032019029
estleg:ABIPOL_Par_12_Lg_3,estleg:ABIPOL_Map,§ 12.,3,(3) Abipolitseinikul peatatakse abipolitseiniku ülesande täitmise ajal elektrišokirelva või tulirelva kandmise õigus kuni peatamise aluseks olnud asjaolu äralangemiseni või kuni vastavat liiki relva õiguspärase kasutamise või käitlemise tuvastamiseni.,true,inForce,2019-08-01,,estleg:ABIPOL_Par_12_v113032019029
estleg:ABIPOL_Par_12_Lg_4,estleg:ABIPOL_Map,§ 12.,4,"(4) Abipolitseiniku õigus kanda abipolitseiniku ülesande täitmise ajal elektrišokirelva või tulirelva tunnistatakse kehtetuks Politsei- ja Piirivalveameti peadirektori või tema volitatud ametniku otsusega juhul, kui: abipolitseinikul tuvastatakse tervisekontrolli käigus füüsiline puue, mis välistab vastavat liiki relva kandmise õiguse, või on tuvastatud abipolitseiniku põhjendamatu elektrišokirelva või tulirelva kasutamine või käitlemise nõuete oluline rikkumine.",true,inForce,2019-08-01,,estleg:ABIPOL_Par_12_v113032019029
estleg:ABIPOL_Par_13,estleg:ABIPOL_Map,§ 13.,,"(1) Abipolitseinik kaasatakse politsei tegevusse selle prefektuuri tööpiirkonnas, kus ta on abipolitseinikuks nimetatud. Abipolitseiniku nõusolekul võidakse teda kaasata politsei tegevusse ka muus piirkonnas. (2) Politsei- ja Piirivalveameti peadirektor või tema volitatud ametnik võib käskkirjaga moodustada abipolitseinike tegevuse korraldamiseks abipolitseinike üksuse ja kehtestada selle töökorralduse.",true,inForce,2022-07-01,,estleg:ABIPOL_Par_13_v127052022029
estleg:ABIPOL_Par_13_Lg_1,estleg:ABIPOL_Map,§ 13.,1,"(1) Abipolitseinik kaasatakse politsei tegevusse selle prefektuuri tööpiirkonnas, kus ta on abipolitseinikuks nimetatud. Abipolitseiniku nõusolekul võidakse teda kaasata politsei tegevusse ka muus piirkonnas.",true,inForce,2022-07-01,,estleg:ABIPOL_Par_13_v127052022029
estleg:ABIPOL_Par_13_Lg_2,estleg:ABIPOL_Map,§ 13.,2,(2) Politsei- ja Piirivalveameti peadirektor või tema volitatud ametnik võib käskkirjaga moodustada abipolitseinike tegevuse korraldamiseks abipolitseinike üksuse ja kehtestada selle töökorralduse.,true,inForce,2022-07-01,,estleg:ABIPOL_Par_13_v127052022029
estleg:ABIPOL_Par_14,estleg:ABIPOL_Map,§ 14.,,"(1) Abipolitseinik võib käesoleva seaduse § 3 lõikes 2 sätestatud ülesande täitmisele asuda üksnes politseiasutuse juhi või tema poolt määratud politseiametniku antud kirjaliku ülesande alusel. (2) Vahetu kõrgendatud ohu tõrjumiseks vajaliku ülesande võib anda suuliselt käesoleva paragrahvi lõikes 1 nimetatud isik või politsei juhtimiskeskus. (3) Politsei annab abipolitseinikule ülesande täitmiseks vajalikku teavet, teavitab abipolitseinikku ülesande täitmise korrast, sidepidamise viisidest ning hoiatab võimalike ohtude eest.",true,inForce,2012-01-01,,estleg:ABIPOL_Par_14_v130122011058
estleg:ABIPOL_Par_14_Lg_1,estleg:ABIPOL_Map,§ 14.,1,(1) Abipolitseinik võib käesoleva seaduse § 3 lõikes 2 sätestatud ülesande täitmisele asuda üksnes politseiasutuse juhi või tema poolt määratud politseiametniku antud kirjaliku ülesande alusel.,true,inForce,2012-01-01,,estleg:ABIPOL_Par_14_v130122011058
estleg:ABIPOL_Par_14_Lg_2,estleg:ABIPOL_Map,§ 14.,2,(2) Vahetu kõrgendatud ohu tõrjumiseks vajaliku ülesande võib anda suuliselt käesoleva paragrahvi lõikes 1 nimetatud isik või politsei juhtimiskeskus.,true,inForce,2012-01-01,,estleg:ABIPOL_Par_14_v130122011058
estleg:ABIPOL_Par_14_Lg_3,estleg:ABIPOL_Map,§ 14.,3,"(3) Politsei annab abipolitseinikule ülesande täitmiseks vajalikku teavet, teavitab abipolitseinikku ülesande täitmise korrast, sidepidamise viisidest ning hoiatab võimalike ohtude eest.",true,inForce,2012-01-01,,estleg:ABIPOL_Par_14_v130122011058
estleg:ABIPOL_Par_15,estleg:ABIPOL_Map,§ 15.,,Politsei- ja Piirivalveameti peadirektor esitab kaks korda kalendriaastas valdkonna eest vastutavale ministrile ülevaate abipolitseinike tegevusest.,true,inForce,2014-07-01,,estleg:ABIPOL_Par_15_v114032014005
estleg:ABIPOL_Par_15_Lg_1,estleg:ABIPOL_Map,§ 15.,,Politsei- ja Piirivalveameti peadirektor esitab kaks korda kalendriaastas valdkonna eest vastutavale ministrile ülevaate abipolitseinike tegevusest.,true,inForce,2014-07-01,,estleg:ABIPOL_Par_15_v114032014005
estleg:ABIPOL_Par_16,estleg:ABIPOL_Map,§ 16.,,"(1) Abipolitseinik võib rakendada korrakaitseseaduse §-des 28 ja 30, § 32 lõigetes 1–4, §-des 34, 38, 41, 42 ja 44, § 45 lõigetes 1 ja 5 ning §-des 46–52 sätestatud meetmeid, kui ta on kaasatud meedet kohaldama politseiametniku korraldusel. (2) Abipolitseinik võib rakendada korrakaitseseaduse §-des 28 ja 30, § 32 lõigetes 1–4, §-des 38 ja 44, § 45 lõikes 1 ning §-des 46–49 ja 52 sätestatud meetmeid, kui ta teeb politsei ülesandel iseseisvalt järelevalvet avalikus kohas käitumise nõuete üle või täidab ülesannet avalikku korda ähvardava vahetu kõrgendatud ohu tõrjumiseks. (3) Kui abipolitseinik osaleb käesoleva seaduse § 3 lõike 3 alusel politsei tegevuses, ei ole tal õigust rakendada meetmeid ega kohaldada vahetut sundi.",true,inForce,2020-05-07,,estleg:ABIPOL_Par_16_v106052020002
estleg:ABIPOL_Par_16_1,estleg:ABIPOL_Map,§ 16¹.,,"(1) Abipolitseinik võib korrakaitseseaduse §-s 38 sätestatud meedet kohaldades kontrollida üksnes indikaatorvahendiga alkoholi sisaldumist isiku väljahingatavas õhus. Abipolitseinik peab andma isiku viivitamata üle politseile: indikaatorvahendi positiivse näidu korral või kui isik keeldub alkoholijoobe kontrollimisest indikaatorvahendiga. (1¹) Abipolitseinik võib korrakaitseseaduse §-s 41 sätestatud meedet kohaldades indikaatorvahendi abil tuvastada narkootilise, psühhotroopse või muu joovastava aine esinemist isiku organismis. Abipolitseinik peab andma isiku viivitamata üle politseile: indikaatorvahendi positiivse näidu korral või kui isik keeldub narkootilise, psühhotroopse või muu joovastava aine organismis esinemise tuvastamisest indikaatorvahendiga. (1²) Abipolitseinik võib korrakaitseseaduse §-s 44 sätestatud meedet kohaldades keelata isiku viibimise teatud kohas, kohustada teda sellest kohast lahkuma või kohale teatud kaugusele lähenemisest hoiduma. Kui abipolitseinik tegutseb käesoleva seaduse § 16 lõike 2 alusel, võib ta viibimiskeeldu kohaldada kuni üks tund. (2) Abipolitseinik võib korrakaitseseaduse § 45 lõigetes 1 ja 5 sätestatud meetmeid kohaldada, kui ta kannab ohutusvesti kirjaga ”ABIPOLITSEINIK”. Kui abipolitseinik tegutseb käesoleva seaduse § 16 lõike 1 alusel, võib ta korrakaitseseaduse § 45 lõike 5 kohaselt sõiduki sundpeatada politseiametniku korraldusel. Meetme kohaldamisel võib kasutada sõiduki sundpeatamise vahendit või muud abipolitseinikule lubatud erivahendit. (3) Abipolitseinik võib korrakaitseseaduse §-s 46 sätestatud meedet kohaldada, kui: see on vältimatu vahetult eelseisva kuriteo toimepanemise ärahoidmiseks; see on vältimatu isiku elu või kehalist puutumatust ähvardava vahetu ohu tõrjumiseks; isik on avalikus kohas pannud toime korrarikkumise ja tema isikut ei ole tuvastatud või korrarikkumise kõrvaldamiseks on kohaldatud vahetut sundi ning on küllaldane alus eeldada, et vahetu sunni kohaldamise lõpetamisel jätkab isik korrarikkumise",true,inForce,2020-05-07,,estleg:ABIPOL_Par_16_1_v106052020002
estleg:ABIPOL_Par_16_1_Lg_1,estleg:ABIPOL_Map,§ 16¹.,1,(1) Abipolitseinik võib korrakaitseseaduse §-s 38 sätestatud meedet kohaldades kontrollida üksnes indikaatorvahendiga alkoholi sisaldumist isiku väljahingatavas õhus. Abipolitseinik peab andma isiku viivitamata üle politseile: indikaatorvahendi positiivse näidu korral või kui isik keeldub alkoholijoobe kontrollimisest indikaatorvahendiga.,true,inForce,2020-05-07,,estleg:ABIPOL_Par_16_1_v106052020002
estleg:ABIPOL_Par_16_1_Lg_10,estleg:ABIPOL_Map,§ 16¹.,10,"(10) Abipolitseinik võib korrakaitseseaduse §-s 52 sätestatud meedet kohaldades võtta hoiule turvakontrolli või isiku läbivaatuse käigus tuvastatud vallasasja, millega isik võib ohustada ennast või teist isikut või mille valdamine on isikul seadusega keelatud. Abipolitseinik peab hoiulevõetud asja andma viivitamata üle politseile.",true,inForce,2020-05-07,,estleg:ABIPOL_Par_16_1_v106052020002
estleg:ABIPOL_Par_16_1_Lg_11,estleg:ABIPOL_Map,§ 16¹.,11,(11) Abipolitseinik võib käesoleva seaduse § 16 lõigetes 1 ja 2 sätestatud korrakaitseseaduse § 32 lõike 4 ja § 45 lõike 5 erimeedet ja käesoleva seaduse § 16 lõikes 2 sätestatud korrakaitseseaduse § 44 erimeedet rakendada vaid eriolukorra või erakorralise seisukorra ajal.,true,inForce,2020-05-07,,estleg:ABIPOL_Par_16_1_v106052020002
estleg:ABIPOL_Par_16_1_Lg_1_1,estleg:ABIPOL_Map,§ 16¹.,1¹,"(1¹) Abipolitseinik võib korrakaitseseaduse §-s 41 sätestatud meedet kohaldades indikaatorvahendi abil tuvastada narkootilise, psühhotroopse või muu joovastava aine esinemist isiku organismis. Abipolitseinik peab andma isiku viivitamata üle politseile: indikaatorvahendi positiivse näidu korral või kui isik keeldub narkootilise, psühhotroopse või muu joovastava aine organismis esinemise tuvastamisest indikaatorvahendiga.",true,inForce,2020-05-07,,estleg:ABIPOL_Par_16_1_v106052020002
estleg:ABIPOL_Par_16_1_Lg_1_2,estleg:ABIPOL_Map,§ 16¹.,1²,"(1²) Abipolitseinik võib korrakaitseseaduse §-s 44 sätestatud meedet kohaldades keelata isiku viibimise teatud kohas, kohustada teda sellest kohast lahkuma või kohale teatud kaugusele lähenemisest hoiduma. Kui abipolitseinik tegutseb käesoleva seaduse § 16 lõike 2 alusel, võib ta viibimiskeeldu kohaldada kuni üks tund.",true,inForce,2020-05-07,,estleg:ABIPOL_Par_16_1_v106052020002
estleg:ABIPOL_Par_16_1_Lg_2,estleg:ABIPOL_Map,§ 16¹.,2,"(2) Abipolitseinik võib korrakaitseseaduse § 45 lõigetes 1 ja 5 sätestatud meetmeid kohaldada, kui ta kannab ohutusvesti kirjaga ”ABIPOLITSEINIK”. Kui abipolitseinik tegutseb käesoleva seaduse § 16 lõike 1 alusel, võib ta korrakaitseseaduse § 45 lõike 5 kohaselt sõiduki sundpeatada politseiametniku korraldusel. Meetme kohaldamisel võib kasutada sõiduki sundpeatamise vahendit või muud abipolitseinikule lubatud erivahendit.",true,inForce,2020-05-07,,estleg:ABIPOL_Par_16_1_v106052020002
estleg:ABIPOL_Par_16_1_Lg_3,estleg:ABIPOL_Map,§ 16¹.,3,"(3) Abipolitseinik võib korrakaitseseaduse §-s 46 sätestatud meedet kohaldada, kui: see on vältimatu vahetult eelseisva kuriteo toimepanemise ärahoidmiseks; see on vältimatu isiku elu või kehalist puutumatust ähvardava vahetu ohu tõrjumiseks; isik on avalikus kohas pannud toime korrarikkumise ja tema isikut ei ole tuvastatud või korrarikkumise kõrvaldamiseks on kohaldatud vahetut sundi ning on küllaldane alus eeldada, et vahetu sunni kohaldamise lõpetamisel jätkab isik korrarikkumise toimepanemist.",true,inForce,2020-05-07,,estleg:ABIPOL_Par_16_1_v106052020002
estleg:ABIPOL_Par_16_1_Lg_4,estleg:ABIPOL_Map,§ 16¹.,4,"(4) Kui abipolitseiniku poolt käesoleva paragrahvi lõikes 3 nimetatud alusel kinnipeetud isik viibib seisundis, mille tõttu ta ei ole võimeline kinnipidamisest oma lähedasele teatama, teavitab abipolitseinik sellest viivitamata politseid, kes teavitab võimaluse korral viivitamata kinnipeetud isiku lähedast. Kui kinnipeetud isik on alaealine või muu piiratud teovõimega isik, teavitab abipolitseinik sellest viivitamata politseid, kes teatab isiku kinnipidamisest esimesel võimalusel tema seaduslikule esindajale.",true,inForce,2020-05-07,,estleg:ABIPOL_Par_16_1_v106052020002
estleg:ABIPOL_Par_16_1_Lg_5,estleg:ABIPOL_Map,§ 16¹.,5,(5) Abipolitseinik peab käesoleva paragrahvi lõikes 3 nimetatud alusel kinnipeetud isiku andma viivitamata üle politseile.,true,inForce,2020-05-07,,estleg:ABIPOL_Par_16_1_v106052020002
estleg:ABIPOL_Par_16_1_Lg_6,estleg:ABIPOL_Map,§ 16¹.,6,"(6) Abipolitseinik, kes politsei ülesandel teostab iseseisvalt järelevalvet avalikus kohas käitumise nõuete üle või täidab ülesannet avalikku korda ähvardava vahetu kõrgendatud ohu tõrjumiseks, võib korrakaitseseaduse §-s 47 sätestatud meedet kohaldades kontrollida isikut või tema riietust üksnes vaatlemise ja kompimise teel või tehnilise vahendi abil, kui: see on vajalik vahetu kõrgendatud ohu tõrjumiseks või isikult võib seaduse alusel võtta vabaduse.",true,inForce,2020-05-07,,estleg:ABIPOL_Par_16_1_v106052020002
estleg:ABIPOL_Par_16_1_Lg_7,estleg:ABIPOL_Map,§ 16¹.,7,"(7) Abipolitseinik võib korrakaitseseaduse §-s 48 sätestatud meedet kohaldades läbi vaadata isiku, sealhulgas isiku keha, riided, riietes oleva või kehal kantava asja, kui: on alust arvata, et isik kannab endaga kaasas asja või ainet, mille võib võtta seaduse alusel hoiule, hõivata või konfiskeerida, või see on vajalik kõrgendatud ohu väljaselgitamiseks, kui isik viibib avaliku võimu toimimiseks tähtsas ehitises või selle vahetus läheduses.",true,inForce,2020-05-07,,estleg:ABIPOL_Par_16_1_v106052020002
estleg:ABIPOL_Par_16_1_Lg_8,estleg:ABIPOL_Map,§ 16¹.,8,"(8) Korrakaitseseaduse §-s 48 sätestatud meedet võib kohaldada abipolitseinik, kes on isikuga samast soost. Kui see on vajalik kõrgendatud vahetu ohu tõrjumiseks, võib isiku läbi vaadata abipolitseinik, kes ei ole isikuga samast soost.",true,inForce,2020-05-07,,estleg:ABIPOL_Par_16_1_v106052020002
estleg:ABIPOL_Par_16_1_Lg_9,estleg:ABIPOL_Map,§ 16¹.,9,"(9) Abipolitseinik, kes politsei ülesandel teostab iseseisvalt järelevalvet avalikus kohas käitumise nõuete üle või täidab ülesannet avalikku korda ähvardava vahetu kõrgendatud ohu tõrjumiseks, võib korrakaitseseaduse §-s 49 sätestatud meedet kohaldades kontrollida valdaja nõusolekuta meeleliselt või tehnilise vahendi abil vallasasja, kui seda kannab kaasas isik, kelle suhtes võib seaduse alusel teostada turvakontrolli või kelle võib seaduse alusel läbi vaadata.",true,inForce,2020-05-07,,estleg:ABIPOL_Par_16_1_v106052020002
estleg:ABIPOL_Par_16_Lg_1,estleg:ABIPOL_Map,§ 16.,1,"(1) Abipolitseinik võib rakendada korrakaitseseaduse §-des 28 ja 30, § 32 lõigetes 1–4, §-des 34, 38, 41, 42 ja 44, § 45 lõigetes 1 ja 5 ning §-des 46–52 sätestatud meetmeid, kui ta on kaasatud meedet kohaldama politseiametniku korraldusel.",true,inForce,2020-05-07,,estleg:ABIPOL_Par_16_v106052020002
estleg:ABIPOL_Par_16_Lg_2,estleg:ABIPOL_Map,§ 16.,2,"(2) Abipolitseinik võib rakendada korrakaitseseaduse §-des 28 ja 30, § 32 lõigetes 1–4, §-des 38 ja 44, § 45 lõikes 1 ning §-des 46–49 ja 52 sätestatud meetmeid, kui ta teeb politsei ülesandel iseseisvalt järelevalvet avalikus kohas käitumise nõuete üle või täidab ülesannet avalikku korda ähvardava vahetu kõrgendatud ohu tõrjumiseks.",true,inForce,2020-05-07,,estleg:ABIPOL_Par_16_v106052020002
estleg:ABIPOL_Par_16_Lg_3,estleg:ABIPOL_Map,§ 16.,3,"(3) Kui abipolitseinik osaleb käesoleva seaduse § 3 lõike 3 alusel politsei tegevuses, ei ole tal õigust rakendada meetmeid ega kohaldada vahetut sundi.",true,inForce,2020-05-07,,estleg:ABIPOL_Par_16_v106052020002
estleg:ABIPOL_Par_17,estleg:ABIPOL_Map,§ 17.,,[Käesolevast tekstist välja jäetud],true,inForce,2011-01-01,,estleg:ABIPOL_Par_17_v120122010001
estleg:ABIPOL_Par_1_Lg_1,estleg:ABIPOL_Map,§ 1.,1,"(1) Käesolev seadus sätestab abipolitseiniku õigused, kohustused ja tegevusala eesmärgiga kaasata isikuid politsei tegevusse avaliku korra kaitseks ja turvalise ühiskonna tagamiseks.",true,inForce,2015-03-22,,estleg:ABIPOL_Par_1_v112032015074
estleg:ABIPOL_Par_1_Lg_2,estleg:ABIPOL_Map,§ 1.,2,"(2) Käesolevas seaduses ettenähtud haldusmenetlusele kohaldatakse haldusmenetluse seaduse sätteid, arvestades käesoleva seaduse erisusi.",true,inForce,2015-03-22,,estleg:ABIPOL_Par_1_v112032015074
estleg:ABIPOL_Par_1_Lg_3,estleg:ABIPOL_Map,§ 1.,3,"(3) Riikliku järelevalve meetme rakendamisel muu seaduse alusel lähtub abipolitseinik muus seaduses sätestatust, arvestades käesoleva seaduse erisusi.",true,inForce,2015-03-22,,estleg:ABIPOL_Par_1_v112032015074
estleg:ABIPOL_Par_2,estleg:ABIPOL_Map,§ 2.,,"(1) Abipolitseinik on isik, kes vabatahtlikult oma vabast ajast osaleb politsei tegevuses seaduses sätestatud alustel ja korras. Abipolitseinik ei kuulu politseiametnike koosseisu. (2) Politsei tegevuses osalemine käesoleva seaduse tähenduses on koos politseiametnikuga abipolitseiniku poolt abipolitseiniku pädevusse kuuluva ülesande täitmine või politsei ülesandel iseseisvalt käesoleva seaduse § 3 lõikes 2 sätestatud ülesande täitmine. (3) Politsei tegevuses osalemise ajal on abipolitseinik riigivõimu esindaja, kelle seaduslikud korraldused on täitmiseks kohustuslikud. (3¹) Politsei tegevuses osalemise ajal, sealhulgas siis, kui abipolitseinik rakendab meetmeid või kohaldab vahetut sundi, tegutseb ta Politsei- ja Piirivalveameti nimel. (4) Abipolitseinik peab järgima ametnike eetikakoodeksis sätestatud põhimõtteid.",true,inForce,2015-03-22,,estleg:ABIPOL_Par_2_v112032015074
estleg:ABIPOL_Par_26,estleg:ABIPOL_Map,§ 26.,,Kehtetud -,true,inForce,2014-07-01,,estleg:ABIPOL_Par_26_v114032014005
estleg:ABIPOL_Par_27,estleg:ABIPOL_Map,§ 27.,,Kehtetu -,true,inForce,2014-07-01,,estleg:ABIPOL_Par_27_v114032014005
estleg:ABIPOL_Par_28,estleg:ABIPOL_Map,§ 28.,,"(1) Abipolitseinik võib füüsilist jõudu, erivahendit ja relva kasutada korrakaitseseaduses sätestatud alusel ja korras, arvestades käesoleva seaduse erisusi. (2) Abipolitseinikul on õigus kohaldada vahetut sundi politseiametniku korraldusel, kui see on vältimatult vajalik politseiametniku poolt riikliku järelevalve meetme kohaldamise eesmärgi saavutamiseks.",true,inForce,2015-03-22,,estleg:ABIPOL_Par_28_v112032015074
estleg:ABIPOL_Par_28_Lg_1,estleg:ABIPOL_Map,§ 28.,1,"(1) Abipolitseinik võib füüsilist jõudu, erivahendit ja relva kasutada korrakaitseseaduses sätestatud alusel ja korras, arvestades käesoleva seaduse erisusi.",true,inForce,2015-03-22,,estleg:ABIPOL_Par_28_v112032015074
estleg:ABIPOL_Par_28_Lg_2,estleg:ABIPOL_Map,§ 28.,2,"(2) Abipolitseinikul on õigus kohaldada vahetut sundi politseiametniku korraldusel, kui see on vältimatult vajalik politseiametniku poolt riikliku järelevalve meetme kohaldamise eesmärgi saavutamiseks.",true,inForce,2015-03-22,,estleg:ABIPOL_Par_28_v112032015074
estleg:ABIPOL_Par_29,estleg:ABIPOL_Map,§ 29.,,Kehtetu -,true,inForce,2014-07-01,,estleg:ABIPOL_Par_29_v114032014005
estleg:ABIPOL_Par_2_Lg_1,estleg:ABIPOL_Map,§ 2.,1,"(1) Abipolitseinik on isik, kes vabatahtlikult oma vabast ajast osaleb politsei tegevuses seaduses sätestatud alustel ja korras. Abipolitseinik ei kuulu politseiametnike koosseisu.",true,inForce,2015-03-22,,estleg:ABIPOL_Par_2_v112032015074
estleg:ABIPOL_Par_2_Lg_2,estleg:ABIPOL_Map,§ 2.,2,(2) Politsei tegevuses osalemine käesoleva seaduse tähenduses on koos politseiametnikuga abipolitseiniku poolt abipolitseiniku pädevusse kuuluva ülesande täitmine või politsei ülesandel iseseisvalt käesoleva seaduse § 3 lõikes 2 sätestatud ülesande täitmine.,true,inForce,2015-03-22,,estleg:ABIPOL_Par_2_v112032015074
estleg:ABIPOL_Par_2_Lg_3,estleg:ABIPOL_Map,§ 2.,3,"(3) Politsei tegevuses osalemise ajal on abipolitseinik riigivõimu esindaja, kelle seaduslikud korraldused on täitmiseks kohustuslikud.",true,inForce,2015-03-22,,estleg:ABIPOL_Par_2_v112032015074
estleg:ABIPOL_Par_2_Lg_3_1,estleg:ABIPOL_Map,§ 2.,3¹,"(3¹) Politsei tegevuses osalemise ajal, sealhulgas siis, kui abipolitseinik rakendab meetmeid või kohaldab vahetut sundi, tegutseb ta Politsei- ja Piirivalveameti nimel.",true,inForce,2015-03-22,,estleg:ABIPOL_Par_2_v112032015074
estleg:ABIPOL_Par_2_Lg_4,estleg:ABIPOL_Map,§ 2.,4,(4) Abipolitseinik peab järgima ametnike eetikakoodeksis sätestatud põhimõtteid.,true,inForce,2015-03-22,,estleg:ABIPOL_Par_2_v112032015074
estleg:ABIPOL_Par_3,estleg:ABIPOL_Map,§ 3.,,"(1) Abipolitseiniku pädevuses on politsei abistamine avalikku korda ähvardava ohu ennetamisel, väljaselgitamisel ja tõrjumisel ning avaliku korra rikkumise kõrvaldamisel. (2) Abipolitseinik võib politsei ülesandel teostada iseseisvalt liiklusjärelevalvet ja järelevalvet avalikus kohas käitumise nõuete üle ning politsei ülesandel täita iseseisvalt ülesannet avalikku korda ähvardava vahetu kõrgendatud ohu tõrjumiseks. (3) Abipolitseiniku pädevus võib isiku taotlusel piirduda ainult politsei abistamisega süüteoennetuses korrakaitseseaduse §-s 18 sätestatud alustel.",true,inForce,2019-08-01,,estleg:ABIPOL_Par_3_v113032019029
estleg:ABIPOL_Par_30,estleg:ABIPOL_Map,§ 30.,,Kehtetu -,true,inForce,2014-07-01,,estleg:ABIPOL_Par_30_v114032014005
estleg:ABIPOL_Par_31,estleg:ABIPOL_Map,§ 31.,,Kehtetu -,true,inForce,2014-07-01,,estleg:ABIPOL_Par_31_v114032014005
estleg:ABIPOL_Par_32,estleg:ABIPOL_Map,§ 32.,,"(1) Abipolitseinikule lubatud erivahendid on Politsei- ja Piirivalveameti väljastatud käerauad, sidumisvahend, tehniline tõke ja sõiduki sundpeatamise vahend. (2) Abipolitseinikule lubatud relvad on Politsei- ja Piirivalveameti poolt väljastatud gaasirelv, külmrelv, elektrišokirelv ja tulirelv. (3) Abipolitseinikule on lubatud järgmised gaasirelva, külmrelva ja tulirelva alaliigid: gaasirelv – gaasipihusti; külmrelv – kumminui, teleskoopnui; tulirelv – püstol, revolver. (4) Käesoleva paragrahvi lõigetes 1–3 nimetatud erivahend või relv väljastatakse abipolitseinikule üksnes talle pandud ülesande täitmise ajaks. Politsei- ja Piirivalveameti peadirektor või tema volitatud ametnik võib erandkorras lubada abipolitseinikule väljastatud erivahendit või relva hoida alaliselt abipolitseiniku elukohas. Luba vormistatakse Politsei- ja Piirivalveameti peadirektori käskkirjaga või tema volitatud ametniku kirjaliku otsusega. (4¹) Politsei- ja Piirivalveameti peadirektori või tema volitatud ametniku eelneval loal ja vastava tulirelva alaliigi erikoolituse läbimisel on abipolitseinikule lubatud lisaks käesoleva paragrahvi lõike 3 punktis 3 sätestatud tulirelva alaliikidele muud politsei tulirelva alaliigid, kui esineb vahetu kõrgendatud ohu tõrjumise erakorraline vajadus ja abistatav politseiametnik on vahetult andnud vastava tulirelva kasutamiseks korralduse. (5) Abipolitseinikule väljastatud erivahendi ja relva väljastamise, hoidmise, tagastamise ning relva kandmise korra kehtestab määrusega.",true,inForce,2020-05-07,,estleg:ABIPOL_Par_32_v106052020002
estleg:ABIPOL_Par_32_Lg_1,estleg:ABIPOL_Map,§ 32.,1,"(1) Abipolitseinikule lubatud erivahendid on Politsei- ja Piirivalveameti väljastatud käerauad, sidumisvahend, tehniline tõke ja sõiduki sundpeatamise vahend.",true,inForce,2020-05-07,,estleg:ABIPOL_Par_32_v106052020002
estleg:ABIPOL_Par_32_Lg_2,estleg:ABIPOL_Map,§ 32.,2,"(2) Abipolitseinikule lubatud relvad on Politsei- ja Piirivalveameti poolt väljastatud gaasirelv, külmrelv, elektrišokirelv ja tulirelv.",true,inForce,2020-05-07,,estleg:ABIPOL_Par_32_v106052020002
estleg:ABIPOL_Par_32_Lg_3,estleg:ABIPOL_Map,§ 32.,3,"(3) Abipolitseinikule on lubatud järgmised gaasirelva, külmrelva ja tulirelva alaliigid: gaasirelv – gaasipihusti; külmrelv – kumminui, teleskoopnui; tulirelv – püstol, revolver.",true,inForce,2020-05-07,,estleg:ABIPOL_Par_32_v106052020002
estleg:ABIPOL_Par_32_Lg_4,estleg:ABIPOL_Map,§ 32.,4,(4) Käesoleva paragrahvi lõigetes 1–3 nimetatud erivahend või relv väljastatakse abipolitseinikule üksnes talle pandud ülesande täitmise ajaks. Politsei- ja Piirivalveameti peadirektor või tema volitatud ametnik võib erandkorras lubada abipolitseinikule väljastatud erivahendit või relva hoida alaliselt abipolitseiniku elukohas. Luba vormistatakse Politsei- ja Piirivalveameti peadirektori käskkirjaga või tema volitatud ametniku kirjaliku otsusega.,true,inForce,2020-05-07,,estleg:ABIPOL_Par_32_v106052020002
estleg:ABIPOL_Par_32_Lg_4_1,estleg:ABIPOL_Map,§ 32.,4¹,"(4¹) Politsei- ja Piirivalveameti peadirektori või tema volitatud ametniku eelneval loal ja vastava tulirelva alaliigi erikoolituse läbimisel on abipolitseinikule lubatud lisaks käesoleva paragrahvi lõike 3 punktis 3 sätestatud tulirelva alaliikidele muud politsei tulirelva alaliigid, kui esineb vahetu kõrgendatud ohu tõrjumise erakorraline vajadus ja abistatav politseiametnik on vahetult andnud vastava tulirelva kasutamiseks korralduse.",true,inForce,2020-05-07,,estleg:ABIPOL_Par_32_v106052020002
estleg:ABIPOL_Par_32_Lg_5,estleg:ABIPOL_Map,§ 32.,5,"(5) Abipolitseinikule väljastatud erivahendi ja relva väljastamise, hoidmise, tagastamise ning relva kandmise korra kehtestab määrusega.",true,inForce,2020-05-07,,estleg:ABIPOL_Par_32_v106052020002
estleg:ABIPOL_Par_33,estleg:ABIPOL_Map,§ 33.,,Kehtetu -,true,inForce,2014-07-01,,estleg:ABIPOL_Par_33_v114032014005
estleg:ABIPOL_Par_33_1,estleg:ABIPOL_Map,§ 33¹.,,"(1) Abipolitseinik võib isiku suhtes kasutada käeraudu, kui on alust arvata, et isik võib: rünnata teist isikut, osutada korrakaitseorgani ametnikule füüsilist vastupanu või kahjustada suure väärtusega varalist hüvet; põgeneda või teda võidakse ebaseaduslikult vabastada, kui temalt on seaduse alusel võetud vabadus, või ennast vigastada või enese tappa. (2) Kui käeraudade kasutamine ei ole võimalik, võib abipolitseinik käesoleva paragrahvi lõikes 1 nimetatud alusel kasutada sidumisvahendit, kui see ei sea ohtu isiku elu, ei tekita talle kehavigastust ega põhjusta kestvat füüsilist valu. Sidumisvahendi kasutamine ei tohi kesta üle ühe tunni järjest.",true,inForce,2015-03-22,,estleg:ABIPOL_Par_33_1_v112032015074
estleg:ABIPOL_Par_33_1_Lg_1,estleg:ABIPOL_Map,§ 33¹.,1,"(1) Abipolitseinik võib isiku suhtes kasutada käeraudu, kui on alust arvata, et isik võib: rünnata teist isikut, osutada korrakaitseorgani ametnikule füüsilist vastupanu või kahjustada suure väärtusega varalist hüvet; põgeneda või teda võidakse ebaseaduslikult vabastada, kui temalt on seaduse alusel võetud vabadus, või ennast vigastada või enese tappa.",true,inForce,2015-03-22,,estleg:ABIPOL_Par_33_1_v112032015074
estleg:ABIPOL_Par_33_1_Lg_2,estleg:ABIPOL_Map,§ 33¹.,2,"(2) Kui käeraudade kasutamine ei ole võimalik, võib abipolitseinik käesoleva paragrahvi lõikes 1 nimetatud alusel kasutada sidumisvahendit, kui see ei sea ohtu isiku elu, ei tekita talle kehavigastust ega põhjusta kestvat füüsilist valu. Sidumisvahendi kasutamine ei tohi kesta üle ühe tunni järjest.",true,inForce,2015-03-22,,estleg:ABIPOL_Par_33_1_v112032015074
estleg:ABIPOL_Par_34,estleg:ABIPOL_Map,§ 34.,,"Abipolitseinik võib kasutada isiku suhtes gaasipihustit, kumminuia või teleskoopnuia ainult tema ründamis-, vastupanu- või põgenemisvõimetuks muutmiseks juhul, kui seda eesmärki ei ole võimalik saavutada muu vahetu sunni vahendiga, välja arvatud tulirelvaga, ning kui see on ühtlasi vajalik, et: tõrjuda vahetu oht elule või kehalisele puutumatusele või tõkestada vahetult eelseisva või juba asetleidva vägivaldse kuriteo toimepanemist.",true,inForce,2019-08-01,,estleg:ABIPOL_Par_34_v113032019029
estleg:ABIPOL_Par_34_Lg_1,estleg:ABIPOL_Map,§ 34.,,"Abipolitseinik võib kasutada isiku suhtes gaasipihustit, kumminuia või teleskoopnuia ainult tema ründamis-, vastupanu- või põgenemisvõimetuks muutmiseks juhul, kui seda eesmärki ei ole võimalik saavutada muu vahetu sunni vahendiga, välja arvatud tulirelvaga, ning kui see on ühtlasi vajalik, et: tõrjuda vahetu oht elule või kehalisele puutumatusele või tõkestada vahetult eelseisva või juba asetleidva vägivaldse kuriteo toimepanemist.",true,inForce,2019-08-01,,estleg:ABIPOL_Par_34_v113032019029
estleg:ABIPOL_Par_35,estleg:ABIPOL_Map,§ 35.,,"(1) Abipolitseinik võib abipolitseiniku ülesande täitmisel tulirelva või elektrišokirelva kasutada üksnes hädakaitses, seejuures hädakaitse piire ületamata. (2) Abipolitseinik võib kasutada tulirelva või elektrišokirelva looma suhtes ainult looma ründevõimetuks muutmiseks juhul, kui seda eesmärki ei ole võimalik saavutada muu sunnivahendiga.",true,inForce,2019-08-01,,estleg:ABIPOL_Par_35_v113032019029
estleg:ABIPOL_Par_35_Lg_1,estleg:ABIPOL_Map,§ 35.,1,"(1) Abipolitseinik võib abipolitseiniku ülesande täitmisel tulirelva või elektrišokirelva kasutada üksnes hädakaitses, seejuures hädakaitse piire ületamata.",true,inForce,2019-08-01,,estleg:ABIPOL_Par_35_v113032019029
estleg:ABIPOL_Par_35_Lg_2,estleg:ABIPOL_Map,§ 35.,2,"(2) Abipolitseinik võib kasutada tulirelva või elektrišokirelva looma suhtes ainult looma ründevõimetuks muutmiseks juhul, kui seda eesmärki ei ole võimalik saavutada muu sunnivahendiga.",true,inForce,2019-08-01,,estleg:ABIPOL_Par_35_v113032019029
estleg:ABIPOL_Par_36,estleg:ABIPOL_Map,§ 36.,,Abipolitseinik on kohustatud viivitamata teavitama politsei juhtimiskeskust tulirelva või elektrišokirelva kasutamisest abipolitseiniku ülesande täitmisel.,true,inForce,2019-08-01,,estleg:ABIPOL_Par_36_v113032019029
estleg:ABIPOL_Par_36_Lg_1,estleg:ABIPOL_Map,§ 36.,,Abipolitseinik on kohustatud viivitamata teavitama politsei juhtimiskeskust tulirelva või elektrišokirelva kasutamisest abipolitseiniku ülesande täitmisel.,true,inForce,2019-08-01,,estleg:ABIPOL_Par_36_v113032019029
estleg:ABIPOL_Par_37,estleg:ABIPOL_Map,§ 37.,,"(1) Abipolitseinikule antakse abipolitseiniku tunnistus ja eritunnused. Abipolitseiniku eritunnused ning tunnistuse ja eritunnuste kirjelduse kehtestab määrusega. (2) Abipolitseinik kannab abipolitseiniku ülesande täitmisel politsei ohutusvesti kirjaga „ABIPOLITSEINIK”. Politsei- ja Piirivalveameti peadirektori või tema volitatud ametniku loal võib erandjuhtudel, kui see tuleneb ülesande iseloomust, loobuda ohutusvesti kandmisest abipolitseiniku ülesande täitmisel. Abipolitseinik peab esitama isikule tema nõudmisel abipolitseiniku tunnistuse. (3) Abipolitseinik võib kanda politseiametniku vormiriietust abipolitseiniku eritunnustega. (4) Abipolitseinik peab kandma politseiametniku vormiriietust abipolitseiniku eritunnustega, kui ta: kannab abipolitseiniku ülesande täitmisel tulirelva või elektrišokirelva või täidab politsei ülesandel käesoleva seaduse § 3 lõikes 2 sätestatud ülesannet iseseisvalt. (4¹) Politsei- ja Piirivalveameti peadirektori või tema volitatud ametniku loal võib erandjuhtudel, kui see tuleneb ülesande iseloomust, loobuda käesoleva paragrahvi lõike 4 punktis 1 sätestatud politseiametniku vormiriietuse kandmisest abipolitseiniku ülesande täitmisel. (5) Abipolitseinikul on keelatud abipolitseiniku ülesande täitmise ajal kanda: ametniku, välja arvatud politseiametniku, vormiriietust; turvatöötaja vormiriietust; riietust, millel on kaitseväe või Kaitseliidu eraldusmärgid. (6) Eritunnused ja abipolitseinikule väljastatud vormiriietus tagastatakse abipolitseiniku staatusest vabastamisel. (7) Eritunnuste ja abipolitseinikule väljastatud vormiriietuse andmise ja kandmise korra kehtestab Politsei- ja Piirivalveameti peadirektor.",true,inForce,2019-08-01,,estleg:ABIPOL_Par_37_v113032019029
estleg:ABIPOL_Par_37_1,estleg:ABIPOL_Map,§ 37¹.,,"(1) Nii abipolitseinikul kui ka abipolitseiniku kandidaadil on õigus saada väljaõppes osalemise ajaks tööandjalt ühe kalendriaasta jooksul tasustamata lisapuhkust kuni 15 päeva. Abipolitseinikul on politsei ja piirivalve seaduse § 77 lõikes 1 nimetatud juhtudel õigus saada abipolitseiniku ülesannete täitmiseks tööandjalt tasustamata lisapuhkust kuni 30 päeva. Lisapuhkuse saamiseks esitab abipolitseinik või abipolitseiniku kandidaat tööandjale Politsei- ja Piirivalveameti peadirektori või tema volitatud isiku taotluse. (2) Käesoleva paragrahvi lõikes 1 nimetatud lisapuhkuse taotluse peab esitama tööandjale mõistliku aja jooksul enne väljaõppele või ülesande täitmisele asumise aega. (3) Politsei- ja Piirivalveamet võib maksta abipolitseinikule ja abipolitseiniku kandidaadile tema kirjalikul taotlusel käesoleva paragrahvi lõike 1 alusel antud lisapuhkuse eest hüvitist. Hüvitise arvutamise aluseks võetakse abipolitseiniku kuue kuu keskmine palk või töötasu, mida maksab talle tema tööandja. Hüvitise ülempiir on Statistikaameti avaldatud viimane keskmine brutokuupalk. (4) Käesoleva paragrahvi lõikes 3 sätestatud hüvitist ei maksta, kui tööandja säilitab töötajale või ametnikule tema senise töötasu või palga. (5) Käesoleva paragrahvi lõike 1 alusel abipolitseinikule ja abipolitseiniku kandidaadile lisapuhkuse ning selle eest makstava hüvitise taotlemise ja väljamaksmise korra kehtestab määrusega.",true,inForce,2022-07-01,,estleg:ABIPOL_Par_37_1_v127052022029
estleg:ABIPOL_Par_37_1_Lg_1,estleg:ABIPOL_Map,§ 37¹.,1,(1) Nii abipolitseinikul kui ka abipolitseiniku kandidaadil on õigus saada väljaõppes osalemise ajaks tööandjalt ühe kalendriaasta jooksul tasustamata lisapuhkust kuni 15 päeva. Abipolitseinikul on politsei ja piirivalve seaduse § 77 lõikes 1 nimetatud juhtudel õigus saada abipolitseiniku ülesannete täitmiseks tööandjalt tasustamata lisapuhkust kuni 30 päeva. Lisapuhkuse saamiseks esitab abipolitseinik või abipolitseiniku kandidaat tööandjale Politsei- ja Piirivalveameti peadirektori või tema volitatud isiku taotluse.,true,inForce,2022-07-01,,estleg:ABIPOL_Par_37_1_v127052022029
estleg:ABIPOL_Par_37_1_Lg_2,estleg:ABIPOL_Map,§ 37¹.,2,(2) Käesoleva paragrahvi lõikes 1 nimetatud lisapuhkuse taotluse peab esitama tööandjale mõistliku aja jooksul enne väljaõppele või ülesande täitmisele asumise aega.,true,inForce,2022-07-01,,estleg:ABIPOL_Par_37_1_v127052022029
estleg:ABIPOL_Par_37_1_Lg_3,estleg:ABIPOL_Map,§ 37¹.,3,"(3) Politsei- ja Piirivalveamet võib maksta abipolitseinikule ja abipolitseiniku kandidaadile tema kirjalikul taotlusel käesoleva paragrahvi lõike 1 alusel antud lisapuhkuse eest hüvitist. Hüvitise arvutamise aluseks võetakse abipolitseiniku kuue kuu keskmine palk või töötasu, mida maksab talle tema tööandja. Hüvitise ülempiir on Statistikaameti avaldatud viimane keskmine brutokuupalk.",true,inForce,2022-07-01,,estleg:ABIPOL_Par_37_1_v127052022029
estleg:ABIPOL_Par_37_1_Lg_4,estleg:ABIPOL_Map,§ 37¹.,4,"(4) Käesoleva paragrahvi lõikes 3 sätestatud hüvitist ei maksta, kui tööandja säilitab töötajale või ametnikule tema senise töötasu või palga.",true,inForce,2022-07-01,,estleg:ABIPOL_Par_37_1_v127052022029
estleg:ABIPOL_Par_37_1_Lg_5,estleg:ABIPOL_Map,§ 37¹.,5,(5) Käesoleva paragrahvi lõike 1 alusel abipolitseinikule ja abipolitseiniku kandidaadile lisapuhkuse ning selle eest makstava hüvitise taotlemise ja väljamaksmise korra kehtestab määrusega.,true,inForce,2022-07-01,,estleg:ABIPOL_Par_37_1_v127052022029
estleg:ABIPOL_Par_37_Lg_1,estleg:ABIPOL_Map,§ 37.,1,(1) Abipolitseinikule antakse abipolitseiniku tunnistus ja eritunnused. Abipolitseiniku eritunnused ning tunnistuse ja eritunnuste kirjelduse kehtestab määrusega.,true,inForce,2019-08-01,,estleg:ABIPOL_Par_37_v113032019029
estleg:ABIPOL_Par_37_Lg_2,estleg:ABIPOL_Map,§ 37.,2,"(2) Abipolitseinik kannab abipolitseiniku ülesande täitmisel politsei ohutusvesti kirjaga „ABIPOLITSEINIK”. Politsei- ja Piirivalveameti peadirektori või tema volitatud ametniku loal võib erandjuhtudel, kui see tuleneb ülesande iseloomust, loobuda ohutusvesti kandmisest abipolitseiniku ülesande täitmisel. Abipolitseinik peab esitama isikule tema nõudmisel abipolitseiniku tunnistuse.",true,inForce,2019-08-01,,estleg:ABIPOL_Par_37_v113032019029
estleg:ABIPOL_Par_37_Lg_3,estleg:ABIPOL_Map,§ 37.,3,(3) Abipolitseinik võib kanda politseiametniku vormiriietust abipolitseiniku eritunnustega.,true,inForce,2019-08-01,,estleg:ABIPOL_Par_37_v113032019029
estleg:ABIPOL_Par_37_Lg_4,estleg:ABIPOL_Map,§ 37.,4,"(4) Abipolitseinik peab kandma politseiametniku vormiriietust abipolitseiniku eritunnustega, kui ta: kannab abipolitseiniku ülesande täitmisel tulirelva või elektrišokirelva või täidab politsei ülesandel käesoleva seaduse § 3 lõikes 2 sätestatud ülesannet iseseisvalt.",true,inForce,2019-08-01,,estleg:ABIPOL_Par_37_v113032019029
estleg:ABIPOL_Par_37_Lg_4_1,estleg:ABIPOL_Map,§ 37.,4¹,"(4¹) Politsei- ja Piirivalveameti peadirektori või tema volitatud ametniku loal võib erandjuhtudel, kui see tuleneb ülesande iseloomust, loobuda käesoleva paragrahvi lõike 4 punktis 1 sätestatud politseiametniku vormiriietuse kandmisest abipolitseiniku ülesande täitmisel.",true,inForce,2019-08-01,,estleg:ABIPOL_Par_37_v113032019029
estleg:ABIPOL_Par_37_Lg_5,estleg:ABIPOL_Map,§ 37.,5,"(5) Abipolitseinikul on keelatud abipolitseiniku ülesande täitmise ajal kanda: ametniku, välja arvatud politseiametniku, vormiriietust; turvatöötaja vormiriietust; riietust, millel on kaitseväe või Kaitseliidu eraldusmärgid.",true,inForce,2019-08-01,,estleg:ABIPOL_Par_37_v113032019029
estleg:ABIPOL_Par_37_Lg_6,estleg:ABIPOL_Map,§ 37.,6,(6) Eritunnused ja abipolitseinikule väljastatud vormiriietus tagastatakse abipolitseiniku staatusest vabastamisel.,true,inForce,2019-08-01,,estleg:ABIPOL_Par_37_v113032019029
estleg:ABIPOL_Par_37_Lg_7,estleg:ABIPOL_Map,§ 37.,7,(7) Eritunnuste ja abipolitseinikule väljastatud vormiriietuse andmise ja kandmise korra kehtestab Politsei- ja Piirivalveameti peadirektor.,true,inForce,2019-08-01,,estleg:ABIPOL_Par_37_v113032019029
estleg:ABIPOL_Par_38,estleg:ABIPOL_Map,§ 38.,,"(1) Kui abipolitseinik hukkub või sureb abipolitseiniku ülesande täitmisega seotud õnnetusjuhtumi või tema vastu toimepandud ründe või tema poolt süüteo tõkestamise või ohu tõrjumise tagajärjel, makstakse tema lapsele, vanemale, lesele, registreeritud elukaaslasele, kellega sõlmitud kooseluleping on lõppenud surma tõttu, või abieluga sarnanevas suhtes olevale elukaaslasele ning perekonnaseaduse tähenduses tema ülalpidamisel olnud teisele isikule ühekordset hüvitist. (2) Kui abipolitseinikul tuvastatakse abipolitseiniku ülesande täitmisega seotud õnnetusjuhtumi või tema vastu toimepandud ründe või tema poolt süüteo tõkestamise või ohu tõrjumise tagajärjel saadud vigastuse või tekkinud haiguse tõttu osaline või puuduv töövõime või ajutine töövõime kaotus, millega ei kaasnenud osalist või puuduvat töövõimet, makstakse talle hüvitist. (3) Käesoleva paragrahvi lõigetes 1 ja 2 nimetatud juhtudel makstakse hüvitist samadel alustel ja korras, mis on ette nähtud hüvitise maksmisel avaliku teenistuse seaduse §-des 49 ja 491 sätestatud juhtudel, arvestades käesolevas paragrahvis sätestatud erisusi. (4) Käesoleva paragrahvi lõigetes 1 ja 2 nimetatud hüvitise arvutamise aluseks võetakse abipolitseiniku keskmine palk või töötasu, mida maksis või maksab talle tema tööandja. Hüvitise ülempiir on kolmekordne Statistikaameti avaldatud viimane keskmine brutokuupalk. (5) Kui käesoleva paragrahvi lõikes 4 sätestatud abipolitseiniku palk või töötasu on väiksem kui politseiametniku madalaima põhipalgavahemiku madalaim määr, võetakse lõigetes 1 ja 2 nimetatud hüvitiste maksmisel aluseks politseiametniku madalaima põhipalgavahemiku madalaim määr. (6) Kui abipolitseiniku ülesandeid täitev abipolitseinik hukkumisele või vigastada saamisele eelnenud ajal ei töötanud, võetakse käesoleva paragrahvi lõigetes 1 ja 2 nimetatud hüvitise arvutamise aluseks hukkumise või vigastada saamise ajal kehtinud töötasu alammäär. (7) Käesolevas paragrahvis nimetatud kulud kaetakse riigieelarvest Siseministeeriu",true,inForce,2024-01-01,,estleg:ABIPOL_Par_38_v106072023009
estleg:ABIPOL_Par_38_Lg_1,estleg:ABIPOL_Map,§ 38.,1,"(1) Kui abipolitseinik hukkub või sureb abipolitseiniku ülesande täitmisega seotud õnnetusjuhtumi või tema vastu toimepandud ründe või tema poolt süüteo tõkestamise või ohu tõrjumise tagajärjel, makstakse tema lapsele, vanemale, lesele, registreeritud elukaaslasele, kellega sõlmitud kooseluleping on lõppenud surma tõttu, või abieluga sarnanevas suhtes olevale elukaaslasele ning perekonnaseaduse tähenduses tema ülalpidamisel olnud teisele isikule ühekordset hüvitist.",true,inForce,2024-01-01,,estleg:ABIPOL_Par_38_v106072023009
estleg:ABIPOL_Par_38_Lg_2,estleg:ABIPOL_Map,§ 38.,2,"(2) Kui abipolitseinikul tuvastatakse abipolitseiniku ülesande täitmisega seotud õnnetusjuhtumi või tema vastu toimepandud ründe või tema poolt süüteo tõkestamise või ohu tõrjumise tagajärjel saadud vigastuse või tekkinud haiguse tõttu osaline või puuduv töövõime või ajutine töövõime kaotus, millega ei kaasnenud osalist või puuduvat töövõimet, makstakse talle hüvitist.",true,inForce,2024-01-01,,estleg:ABIPOL_Par_38_v106072023009
estleg:ABIPOL_Par_38_Lg_3,estleg:ABIPOL_Map,§ 38.,3,"(3) Käesoleva paragrahvi lõigetes 1 ja 2 nimetatud juhtudel makstakse hüvitist samadel alustel ja korras, mis on ette nähtud hüvitise maksmisel avaliku teenistuse seaduse §-des 49 ja 491 sätestatud juhtudel, arvestades käesolevas paragrahvis sätestatud erisusi.",true,inForce,2024-01-01,,estleg:ABIPOL_Par_38_v106072023009
estleg:ABIPOL_Par_38_Lg_4,estleg:ABIPOL_Map,§ 38.,4,"(4) Käesoleva paragrahvi lõigetes 1 ja 2 nimetatud hüvitise arvutamise aluseks võetakse abipolitseiniku keskmine palk või töötasu, mida maksis või maksab talle tema tööandja. Hüvitise ülempiir on kolmekordne Statistikaameti avaldatud viimane keskmine brutokuupalk.",true,inForce,2024-01-01,,estleg:ABIPOL_Par_38_v106072023009
estleg:ABIPOL_Par_38_Lg_5,estleg:ABIPOL_Map,§ 38.,5,"(5) Kui käesoleva paragrahvi lõikes 4 sätestatud abipolitseiniku palk või töötasu on väiksem kui politseiametniku madalaima põhipalgavahemiku madalaim määr, võetakse lõigetes 1 ja 2 nimetatud hüvitiste maksmisel aluseks politseiametniku madalaima põhipalgavahemiku madalaim määr.",true,inForce,2024-01-01,,estleg:ABIPOL_Par_38_v106072023009
estleg:ABIPOL_Par_38_Lg_6,estleg:ABIPOL_Map,§ 38.,6,"(6) Kui abipolitseiniku ülesandeid täitev abipolitseinik hukkumisele või vigastada saamisele eelnenud ajal ei töötanud, võetakse käesoleva paragrahvi lõigetes 1 ja 2 nimetatud hüvitise arvutamise aluseks hukkumise või vigastada saamise ajal kehtinud töötasu alammäär.",true,inForce,2024-01-01,,estleg:ABIPOL_Par_38_v106072023009
estleg:ABIPOL_Par_38_Lg_7,estleg:ABIPOL_Map,§ 38.,7,(7) Käesolevas paragrahvis nimetatud kulud kaetakse riigieelarvest Siseministeeriumi eelarve kaudu.,true,inForce,2024-01-01,,estleg:ABIPOL_Par_38_v106072023009
estleg:ABIPOL_Par_39,estleg:ABIPOL_Map,§ 39.,,"(1) Abipolitseiniku ülesande täitmise tõttu abipolitseinikule või tema perekonnaliikmele tekitatud otsese varalise kahju hüvitab riik. Kahjutasu nõutakse süüdiolevalt isikult sisse regressi korras. (2) Varalise kahju hüvitamise tingimused ja korra kehtestab määrusega. (3) Käesolevas paragrahvis sätestatut ei kohaldata, kui abipolitseinik on abipolitseiniku ülesande täitmisel käesoleva paragrahvi lõikes 1 nimetatud otsese varalise kahju saamisel: pannud toime süüteo, mis on põhjuslikus seoses otsese varalise kahju saamisega; pannud toime enesetapu või enesetapukatse; pannud toime enesevigastuse, mis ei ole põhjuslikus seoses haigusliku seisundiga ega tulenenud teiste isikute õigusvastasest käitumisest; alkohoolse, narkootilise või psühhotroopse aine joobes.",true,inForce,2016-07-01,,estleg:ABIPOL_Par_39_v117122015033
estleg:ABIPOL_Par_39_Lg_1,estleg:ABIPOL_Map,§ 39.,1,(1) Abipolitseiniku ülesande täitmise tõttu abipolitseinikule või tema perekonnaliikmele tekitatud otsese varalise kahju hüvitab riik. Kahjutasu nõutakse süüdiolevalt isikult sisse regressi korras.,true,inForce,2016-07-01,,estleg:ABIPOL_Par_39_v117122015033
estleg:ABIPOL_Par_39_Lg_2,estleg:ABIPOL_Map,§ 39.,2,(2) Varalise kahju hüvitamise tingimused ja korra kehtestab määrusega.,true,inForce,2016-07-01,,estleg:ABIPOL_Par_39_v117122015033
estleg:ABIPOL_Par_39_Lg_3,estleg:ABIPOL_Map,§ 39.,3,"(3) Käesolevas paragrahvis sätestatut ei kohaldata, kui abipolitseinik on abipolitseiniku ülesande täitmisel käesoleva paragrahvi lõikes 1 nimetatud otsese varalise kahju saamisel: pannud toime süüteo, mis on põhjuslikus seoses otsese varalise kahju saamisega; pannud toime enesetapu või enesetapukatse; pannud toime enesevigastuse, mis ei ole põhjuslikus seoses haigusliku seisundiga ega tulenenud teiste isikute õigusvastasest käitumisest; alkohoolse, narkootilise või psühhotroopse aine joobes.",true,inForce,2016-07-01,,estleg:ABIPOL_Par_39_v117122015033
estleg:ABIPOL_Par_3_Lg_1,estleg:ABIPOL_Map,§ 3.,1,"(1) Abipolitseiniku pädevuses on politsei abistamine avalikku korda ähvardava ohu ennetamisel, väljaselgitamisel ja tõrjumisel ning avaliku korra rikkumise kõrvaldamisel.",true,inForce,2019-08-01,,estleg:ABIPOL_Par_3_v113032019029
estleg:ABIPOL_Par_3_Lg_2,estleg:ABIPOL_Map,§ 3.,2,(2) Abipolitseinik võib politsei ülesandel teostada iseseisvalt liiklusjärelevalvet ja järelevalvet avalikus kohas käitumise nõuete üle ning politsei ülesandel täita iseseisvalt ülesannet avalikku korda ähvardava vahetu kõrgendatud ohu tõrjumiseks.,true,inForce,2019-08-01,,estleg:ABIPOL_Par_3_v113032019029
estleg:ABIPOL_Par_3_Lg_3,estleg:ABIPOL_Map,§ 3.,3,(3) Abipolitseiniku pädevus võib isiku taotlusel piirduda ainult politsei abistamisega süüteoennetuses korrakaitseseaduse §-s 18 sätestatud alustel.,true,inForce,2019-08-01,,estleg:ABIPOL_Par_3_v113032019029
estleg:ABIPOL_Par_4,estleg:ABIPOL_Map,§ 4.,,"(1) Abipolitseinikuks võib nimetada 18-aastaseks saanud vähemalt põhiharidusega Eesti kodaniku, kes oskab eesti keelt vähemalt B2-tasemel ning kes vastab abipolitseiniku kutsesobivuse nõuetele. (1¹) Abipolitseinikul, kes täidab politsei ülesandel iseseisvalt käesoleva seaduse § 3 lõikes 2 sätestatud ülesandeid, peab olema vähemalt keskharidus ja ta peab oskama eesti keelt vähemalt C1-tasemel. (2) Abipolitseinikuks ei või nimetada kohtunikku ja prokuröri. (3) Abipolitseiniku kutsesobivuse nõuded kehtestab määrusega.",true,inForce,2016-07-01,,estleg:ABIPOL_Par_4_v117122015033
estleg:ABIPOL_Par_40,estleg:ABIPOL_Map,§ 40.,,"(1) Abipolitseiniku transpordi-, side- ja muud Politsei- ja Piirivalveameti ettenähtud ja temale ülesande täitmiseks vajalikud kulud hüvitab Politsei- ja Piirivalveamet. (1¹) Politsei- ja Piirivalveametil on õigus lähetada abipolitseinikku välisriiki ning maksta abipolitseinikule lähetusega seotud sõidu- ja majutuskulude hüvitist ning päevaraha. (2) Politsei- ja Piirivalveametil on õigus hüvitada abipolitseiniku tervisekontrolli kulutusi. (3) Käesoleva paragrahvi lõikes 1 nimetatud kulude hüvitamise piirmäära ja korra kehtestab Politsei- ja Piirivalveameti peadirektor käskkirjaga. (4) Kokkuleppel Politsei- ja Piirivalveametiga võib käesoleva paragrahvi lõikes 1 nimetatud kulud hüvitada kohalik omavalitsus.",true,inForce,2019-08-01,,estleg:ABIPOL_Par_40_v113032019029
estleg:ABIPOL_Par_40_Lg_1,estleg:ABIPOL_Map,§ 40.,1,"(1) Abipolitseiniku transpordi-, side- ja muud Politsei- ja Piirivalveameti ettenähtud ja temale ülesande täitmiseks vajalikud kulud hüvitab Politsei- ja Piirivalveamet.",true,inForce,2019-08-01,,estleg:ABIPOL_Par_40_v113032019029
estleg:ABIPOL_Par_40_Lg_1_1,estleg:ABIPOL_Map,§ 40.,1¹,(1¹) Politsei- ja Piirivalveametil on õigus lähetada abipolitseinikku välisriiki ning maksta abipolitseinikule lähetusega seotud sõidu- ja majutuskulude hüvitist ning päevaraha.,true,inForce,2019-08-01,,estleg:ABIPOL_Par_40_v113032019029
estleg:ABIPOL_Par_40_Lg_2,estleg:ABIPOL_Map,§ 40.,2,(2) Politsei- ja Piirivalveametil on õigus hüvitada abipolitseiniku tervisekontrolli kulutusi.,true,inForce,2019-08-01,,estleg:ABIPOL_Par_40_v113032019029
estleg:ABIPOL_Par_40_Lg_3,estleg:ABIPOL_Map,§ 40.,3,(3) Käesoleva paragrahvi lõikes 1 nimetatud kulude hüvitamise piirmäära ja korra kehtestab Politsei- ja Piirivalveameti peadirektor käskkirjaga.,true,inForce,2019-08-01,,estleg:ABIPOL_Par_40_v113032019029
estleg:ABIPOL_Par_40_Lg_4,estleg:ABIPOL_Map,§ 40.,4,(4) Kokkuleppel Politsei- ja Piirivalveametiga võib käesoleva paragrahvi lõikes 1 nimetatud kulud hüvitada kohalik omavalitsus.,true,inForce,2019-08-01,,estleg:ABIPOL_Par_40_v113032019029
estleg:ABIPOL_Par_41,estleg:ABIPOL_Map,§ 41.,,Silmapaistvate teenete eest võib abipolitseinikku ergutada politsei ja piirivalve seaduse 5. peatüki 8. jaos sätestatud korras.,true,inForce,2011-01-01,,estleg:ABIPOL_Par_41_v120122010001
estleg:ABIPOL_Par_41_Lg_1,estleg:ABIPOL_Map,§ 41.,,Silmapaistvate teenete eest võib abipolitseinikku ergutada politsei ja piirivalve seaduse 5. peatüki 8. jaos sätestatud korras.,true,inForce,2011-01-01,,estleg:ABIPOL_Par_41_v120122010001
estleg:ABIPOL_Par_42,estleg:ABIPOL_Map,§ 42.,,"(1) Abipolitseinik vabastatakse abipolitseiniku staatusest Politsei- ja Piirivalveameti peadirektori või tema volitatud ametniku otsusega: abipolitseiniku algatusel; tema mittevastavuse korral käesoleva seaduse §-des 4 ja 5 ning § 8 lõikes 4 sätestatud tingimustele või seoses abipolitseinikule sobimatu käitumisega, sealhulgas kui abipolitseinik rikub avalikus kohas käitumise nõudeid või käitub muul viisil õigusvastaselt; abipolitseiniku surma korral. (2) Abipolitseinik vabastatakse abipolitseiniku staatusest, kui menetluse käigus tuvastatakse abipolitseiniku staatusest vabastamise asjaolu. Nimetatud menetlusele kohaldatakse haldusmenetluse seaduses sätestatut.",true,inForce,2022-07-01,,estleg:ABIPOL_Par_42_v127052022029
estleg:ABIPOL_Par_42_1,estleg:ABIPOL_Map,§ 42¹.,,"(1) Kriisiroll määratakse abipolitseinikule (edaspidi kriisirolliga abipolitseinik), kes annab nõusoleku abistada politseid hädaolukorra ohu, hädaolukorra, eriolukorra, erakorralise seisukorra, kõrgendatud kaitsevalmiduse või sõjaseisukorra ajal (edaspidi kriisi lahendamine) ning kellel on ülesande täitmiseks vajalikud teadmised ja oskused. (2) Kriisirolliga abipolitseinik on abipolitseinik, kelle pädevuses on kriisi lahendamise ajal käesoleva seaduse § 3 lõike 1 kohaselt politsei abistamine. (3) Kriisirolli ei saa määrata abipolitseinikule, kes asub riigikaitselise töökohustusega ameti- või töökohal või on nimetatud sõjaväelise auastmega sõjaaja ametikohale (edaspidi sõjaaja ametikoht). (4) Politsei- ja Piirivalveametil on enne abipolitseinikule kriisirolli määramist ja enne kriisirolli jätkumist käesoleva seaduse § 423 lõike 3 alusel õigus saada töötamise registrist teavet isiku töötamise kohta riigikaitselise töökohustusega ameti- või töökohal ning kaitseväekohustuslaste registrist teavet isiku nimetamise kohta sõjaaja ametikohale.",true,inForce,2022-07-01,,estleg:ABIPOL_Par_42_1_v127052022029
estleg:ABIPOL_Par_42_1_Lg_1,estleg:ABIPOL_Map,§ 42¹.,1,"(1) Kriisiroll määratakse abipolitseinikule (edaspidi kriisirolliga abipolitseinik), kes annab nõusoleku abistada politseid hädaolukorra ohu, hädaolukorra, eriolukorra, erakorralise seisukorra, kõrgendatud kaitsevalmiduse või sõjaseisukorra ajal (edaspidi kriisi lahendamine) ning kellel on ülesande täitmiseks vajalikud teadmised ja oskused.",true,inForce,2022-07-01,,estleg:ABIPOL_Par_42_1_v127052022029
estleg:ABIPOL_Par_42_1_Lg_2,estleg:ABIPOL_Map,§ 42¹.,2,"(2) Kriisirolliga abipolitseinik on abipolitseinik, kelle pädevuses on kriisi lahendamise ajal käesoleva seaduse § 3 lõike 1 kohaselt politsei abistamine.",true,inForce,2022-07-01,,estleg:ABIPOL_Par_42_1_v127052022029
estleg:ABIPOL_Par_42_1_Lg_3,estleg:ABIPOL_Map,§ 42¹.,3,"(3) Kriisirolli ei saa määrata abipolitseinikule, kes asub riigikaitselise töökohustusega ameti- või töökohal või on nimetatud sõjaväelise auastmega sõjaaja ametikohale (edaspidi sõjaaja ametikoht).",true,inForce,2022-07-01,,estleg:ABIPOL_Par_42_1_v127052022029
estleg:ABIPOL_Par_42_1_Lg_4,estleg:ABIPOL_Map,§ 42¹.,4,(4) Politsei- ja Piirivalveametil on enne abipolitseinikule kriisirolli määramist ja enne kriisirolli jätkumist käesoleva seaduse § 423 lõike 3 alusel õigus saada töötamise registrist teavet isiku töötamise kohta riigikaitselise töökohustusega ameti- või töökohal ning kaitseväekohustuslaste registrist teavet isiku nimetamise kohta sõjaaja ametikohale.,true,inForce,2022-07-01,,estleg:ABIPOL_Par_42_1_v127052022029
estleg:ABIPOL_Par_42_2,estleg:ABIPOL_Map,§ 42².,,"(1) Vabariigi Valitsus otsustab korraldusega kriisirolliga abipolitseiniku kaasamise kriisi lahendamisse kuni 30 päevaks käesoleva seaduse § 425 lõigetes 1 ja 2 sätestatud juhtudel. (2) Ettepaneku kaasata kriisirolliga abipolitseinik käesoleva paragrahvi lõikes 1 nimetatud ülesande täitmisse teeb Vabariigi Valitsusele valdkonna eest vastutav minister. (3) Käesoleva paragrahvi lõikes 1 nimetatud tähtaja saabumisel vaatab Vabariigi Valitsus otsuse üle. Kui kriisirolliga abipolitseiniku kaasamine kriisi lahendamiseks on endiselt vajalik, vaatab Vabariigi Valitsus otsuse üle iga 30 päeva tagant ja pikendab kriisirolliga abipolitseiniku kaasamist kuni 30 päeva võrra. (4) Käesoleva paragrahvi lõike 1 alusel antud korralduses märgitakse: ülesanne, mille täitmisse kriisirolliga abipolitseinik kaasatakse; ülesande täitmises osalevate isikute arv või arvu ülempiir; kaasamise tähtaeg; territoorium, kus ülesannet täidetakse; vajaduse korral muud andmed.",true,inForce,2022-07-01,,estleg:ABIPOL_Par_42_2_v127052022029
estleg:ABIPOL_Par_42_2_Lg_1,estleg:ABIPOL_Map,§ 42².,1,(1) Vabariigi Valitsus otsustab korraldusega kriisirolliga abipolitseiniku kaasamise kriisi lahendamisse kuni 30 päevaks käesoleva seaduse § 425 lõigetes 1 ja 2 sätestatud juhtudel.,true,inForce,2022-07-01,,estleg:ABIPOL_Par_42_2_v127052022029
estleg:ABIPOL_Par_42_2_Lg_2,estleg:ABIPOL_Map,§ 42².,2,(2) Ettepaneku kaasata kriisirolliga abipolitseinik käesoleva paragrahvi lõikes 1 nimetatud ülesande täitmisse teeb Vabariigi Valitsusele valdkonna eest vastutav minister.,true,inForce,2022-07-01,,estleg:ABIPOL_Par_42_2_v127052022029
estleg:ABIPOL_Par_42_2_Lg_3,estleg:ABIPOL_Map,§ 42².,3,"(3) Käesoleva paragrahvi lõikes 1 nimetatud tähtaja saabumisel vaatab Vabariigi Valitsus otsuse üle. Kui kriisirolliga abipolitseiniku kaasamine kriisi lahendamiseks on endiselt vajalik, vaatab Vabariigi Valitsus otsuse üle iga 30 päeva tagant ja pikendab kriisirolliga abipolitseiniku kaasamist kuni 30 päeva võrra.",true,inForce,2022-07-01,,estleg:ABIPOL_Par_42_2_v127052022029
estleg:ABIPOL_Par_42_2_Lg_4,estleg:ABIPOL_Map,§ 42².,4,"(4) Käesoleva paragrahvi lõike 1 alusel antud korralduses märgitakse: ülesanne, mille täitmisse kriisirolliga abipolitseinik kaasatakse; ülesande täitmises osalevate isikute arv või arvu ülempiir; kaasamise tähtaeg; territoorium, kus ülesannet täidetakse; vajaduse korral muud andmed.",true,inForce,2022-07-01,,estleg:ABIPOL_Par_42_2_v127052022029
estleg:ABIPOL_Par_42_3,estleg:ABIPOL_Map,§ 42³.,,"(1) Kui kriisirolliga abipolitseinik nimetatakse sõjaaja ametikohale või riigikaitselise töökohustusega ameti- või töökohale või tema ameti- või töökohale määratakse riigikaitseline töökohustus, peatub tema kriisirolliga abipolitseiniku staatus. Staatuse peatumiseks esitab isik Politsei- ja Piirivalveametile sellesisulise avalduse. (2) Kriisirolliga abipolitseinikku ei nimetata sõjaaja ametikohale, välja arvatud juhul, kui see on vältimatult vajalik riigi julgeoleku tagamiseks. (3) Kriisirolliga abipolitseiniku staatus jätkub, kui isik vabastatakse riigikaitselise töökohustusega ameti- või töökohalt või sõjaaja ametikohalt või tema ameti- või töökohta ei loeta enam riigikaitselise töökohustusega ameti- või töökohaks. Staatuse jätkamiseks esitab isik Politsei- ja Piirivalveametile sellesisulise avalduse.",true,inForce,2022-07-01,,estleg:ABIPOL_Par_42_3_v127052022029
estleg:ABIPOL_Par_42_3_Lg_1,estleg:ABIPOL_Map,§ 42³.,1,"(1) Kui kriisirolliga abipolitseinik nimetatakse sõjaaja ametikohale või riigikaitselise töökohustusega ameti- või töökohale või tema ameti- või töökohale määratakse riigikaitseline töökohustus, peatub tema kriisirolliga abipolitseiniku staatus. Staatuse peatumiseks esitab isik Politsei- ja Piirivalveametile sellesisulise avalduse.",true,inForce,2022-07-01,,estleg:ABIPOL_Par_42_3_v127052022029
estleg:ABIPOL_Par_42_3_Lg_2,estleg:ABIPOL_Map,§ 42³.,2,"(2) Kriisirolliga abipolitseinikku ei nimetata sõjaaja ametikohale, välja arvatud juhul, kui see on vältimatult vajalik riigi julgeoleku tagamiseks.",true,inForce,2022-07-01,,estleg:ABIPOL_Par_42_3_v127052022029
estleg:ABIPOL_Par_42_3_Lg_3,estleg:ABIPOL_Map,§ 42³.,3,"(3) Kriisirolliga abipolitseiniku staatus jätkub, kui isik vabastatakse riigikaitselise töökohustusega ameti- või töökohalt või sõjaaja ametikohalt või tema ameti- või töökohta ei loeta enam riigikaitselise töökohustusega ameti- või töökohaks. Staatuse jätkamiseks esitab isik Politsei- ja Piirivalveametile sellesisulise avalduse.",true,inForce,2022-07-01,,estleg:ABIPOL_Par_42_3_v127052022029
estleg:ABIPOL_Par_42_4,estleg:ABIPOL_Map,§ 42⁴.,,"(1) Kriisirolliga abipolitseinikuks soovija peab lisaks käesoleva seaduse § 8 lõigetes 1 ja 5 sätestatud õppele läbima erialaõppe, mille käigus omandatakse vajalikud teadmised ja oskused § 421 lõikes 2 sätestatud ülesande täitmiseks. (2) Käesoleva paragrahvi lõikes 1 nimetatud väljaõppe läbimisel võetakse arvesse isiku varasemat õpi- ja töökogemust. Politsei- ja Piirivalveamet võib isiku varasema õpi- ja töökogemuse arvestamisel lugeda isiku väljaõppe osaliselt või täielikult läbituks. (3) Kriisirolliga abipolitseiniku erialaõppe nõuded ja korra kehtestab määrusega.",true,inForce,2022-07-01,,estleg:ABIPOL_Par_42_4_v127052022029
estleg:ABIPOL_Par_42_4_Lg_1,estleg:ABIPOL_Map,§ 42⁴.,1,"(1) Kriisirolliga abipolitseinikuks soovija peab lisaks käesoleva seaduse § 8 lõigetes 1 ja 5 sätestatud õppele läbima erialaõppe, mille käigus omandatakse vajalikud teadmised ja oskused § 421 lõikes 2 sätestatud ülesande täitmiseks.",true,inForce,2022-07-01,,estleg:ABIPOL_Par_42_4_v127052022029
estleg:ABIPOL_Par_42_4_Lg_2,estleg:ABIPOL_Map,§ 42⁴.,2,(2) Käesoleva paragrahvi lõikes 1 nimetatud väljaõppe läbimisel võetakse arvesse isiku varasemat õpi- ja töökogemust. Politsei- ja Piirivalveamet võib isiku varasema õpi- ja töökogemuse arvestamisel lugeda isiku väljaõppe osaliselt või täielikult läbituks.,true,inForce,2022-07-01,,estleg:ABIPOL_Par_42_4_v127052022029
estleg:ABIPOL_Par_42_4_Lg_3,estleg:ABIPOL_Map,§ 42⁴.,3,(3) Kriisirolliga abipolitseiniku erialaõppe nõuded ja korra kehtestab määrusega.,true,inForce,2022-07-01,,estleg:ABIPOL_Par_42_4_v127052022029
estleg:ABIPOL_Par_42_5,estleg:ABIPOL_Map,§ 42⁵.,,"(1) Kriisirolliga abipolitseinikul on õigus keelduda töö tegemisest tööandja juures, kellega tal on sõlmitud tööleping, kui ta kaasatakse kriisi lahendamisse. (2) Avaliku teenistuse ametikohale nimetatud kriisirolliga abipolitseiniku avaliku võimu teostamise õigus peatub, kui ta kaasatakse kriisi lahendamisse. (3) Käesoleva paragrahvi lõigetes 1 ja 2 nimetatud juhtudel esitab töötaja tööandjale tööst keeldumise ja ametnik avaliku võimu teostamise õiguse peatamise avalduse. (4) Kriisirolliga abipolitseinikule, kes osaleb kriisi lahendamises, võib maksta hüvitist. Hüvitise arvutamise aluseks võetakse Statistikaameti avaldatud viimane keskmine brutokuupalk. (5) Kui tööandjale tekib käesoleva paragrahvi lõike 1 rakendamise tõttu kahju, eelkõige saamata jäänud tulu, võib ta nõuda riigilt kahju hüvitamist. (6) Käesoleva paragrahvi lõikes 4 sätestatud hüvitise ulatuse ning selle taotlemise ja väljamaksmise korra kehtestab määrusega.",true,inForce,2022-07-01,,estleg:ABIPOL_Par_42_5_v127052022029
estleg:ABIPOL_Par_42_5_Lg_1,estleg:ABIPOL_Map,§ 42⁵.,1,"(1) Kriisirolliga abipolitseinikul on õigus keelduda töö tegemisest tööandja juures, kellega tal on sõlmitud tööleping, kui ta kaasatakse kriisi lahendamisse.",true,inForce,2022-07-01,,estleg:ABIPOL_Par_42_5_v127052022029
estleg:ABIPOL_Par_42_5_Lg_2,estleg:ABIPOL_Map,§ 42⁵.,2,"(2) Avaliku teenistuse ametikohale nimetatud kriisirolliga abipolitseiniku avaliku võimu teostamise õigus peatub, kui ta kaasatakse kriisi lahendamisse.",true,inForce,2022-07-01,,estleg:ABIPOL_Par_42_5_v127052022029
estleg:ABIPOL_Par_42_5_Lg_3,estleg:ABIPOL_Map,§ 42⁵.,3,(3) Käesoleva paragrahvi lõigetes 1 ja 2 nimetatud juhtudel esitab töötaja tööandjale tööst keeldumise ja ametnik avaliku võimu teostamise õiguse peatamise avalduse.,true,inForce,2022-07-01,,estleg:ABIPOL_Par_42_5_v127052022029
estleg:ABIPOL_Par_42_5_Lg_4,estleg:ABIPOL_Map,§ 42⁵.,4,"(4) Kriisirolliga abipolitseinikule, kes osaleb kriisi lahendamises, võib maksta hüvitist. Hüvitise arvutamise aluseks võetakse Statistikaameti avaldatud viimane keskmine brutokuupalk.",true,inForce,2022-07-01,,estleg:ABIPOL_Par_42_5_v127052022029
estleg:ABIPOL_Par_42_5_Lg_5,estleg:ABIPOL_Map,§ 42⁵.,5,"(5) Kui tööandjale tekib käesoleva paragrahvi lõike 1 rakendamise tõttu kahju, eelkõige saamata jäänud tulu, võib ta nõuda riigilt kahju hüvitamist.",true,inForce,2022-07-01,,estleg:ABIPOL_Par_42_5_v127052022029
estleg:ABIPOL_Par_42_5_Lg_6,estleg:ABIPOL_Map,§ 42⁵.,6,(6) Käesoleva paragrahvi lõikes 4 sätestatud hüvitise ulatuse ning selle taotlemise ja väljamaksmise korra kehtestab määrusega.,true,inForce,2022-07-01,,estleg:ABIPOL_Par_42_5_v127052022029
estleg:ABIPOL_Par_42_Lg_1,estleg:ABIPOL_Map,§ 42.,1,"(1) Abipolitseinik vabastatakse abipolitseiniku staatusest Politsei- ja Piirivalveameti peadirektori või tema volitatud ametniku otsusega: abipolitseiniku algatusel; tema mittevastavuse korral käesoleva seaduse §-des 4 ja 5 ning § 8 lõikes 4 sätestatud tingimustele või seoses abipolitseinikule sobimatu käitumisega, sealhulgas kui abipolitseinik rikub avalikus kohas käitumise nõudeid või käitub muul viisil õigusvastaselt; abipolitseiniku surma korral.",true,inForce,2022-07-01,,estleg:ABIPOL_Par_42_v127052022029
estleg:ABIPOL_Par_42_Lg_2,estleg:ABIPOL_Map,§ 42.,2,"(2) Abipolitseinik vabastatakse abipolitseiniku staatusest, kui menetluse käigus tuvastatakse abipolitseiniku staatusest vabastamise asjaolu. Nimetatud menetlusele kohaldatakse haldusmenetluse seaduses sätestatut.",true,inForce,2022-07-01,,estleg:ABIPOL_Par_42_v127052022029
estleg:ABIPOL_Par_43,estleg:ABIPOL_Map,§ 43.,,(1) Abipolitseiniku tunnistuse või eritunnuse ebaseadusliku kasutamise eest –karistatakse rahatrahviga kuni kolmsada trahviühikut või arestiga. (2) Kohus või kohtuväline menetleja võib kohaldada käesolevas paragrahvis sätestatud süüteo toimepanemise vahetuks objektiks olnud eseme konfiskeerimist vastavalt karistusseadustiku §-s 83 sätestatule.,true,inForce,2011-01-01,,estleg:ABIPOL_Par_43_v120122010001
estleg:ABIPOL_Par_43_Lg_1,estleg:ABIPOL_Map,§ 43.,1,(1) Abipolitseiniku tunnistuse või eritunnuse ebaseadusliku kasutamise eest –karistatakse rahatrahviga kuni kolmsada trahviühikut või arestiga.,true,inForce,2011-01-01,,estleg:ABIPOL_Par_43_v120122010001
estleg:ABIPOL_Par_43_Lg_2,estleg:ABIPOL_Map,§ 43.,2,(2) Kohus või kohtuväline menetleja võib kohaldada käesolevas paragrahvis sätestatud süüteo toimepanemise vahetuks objektiks olnud eseme konfiskeerimist vastavalt karistusseadustiku §-s 83 sätestatule.,true,inForce,2011-01-01,,estleg:ABIPOL_Par_43_v120122010001
estleg:ABIPOL_Par_44,estleg:ABIPOL_Map,§ 44.,,(1) Kehtetu - (2) Käesoleva seaduse §-s 43 sätestatud väärteo kohtuväline menetleja on Politsei- ja Piirivalveamet.,true,inForce,2015-01-01,,estleg:ABIPOL_Par_44_v112072014013
estleg:ABIPOL_Par_44_Lg_1,estleg:ABIPOL_Map,§ 44.,1,(1) Kehtetu -,true,inForce,2015-01-01,,estleg:ABIPOL_Par_44_v112072014013
estleg:ABIPOL_Par_44_Lg_2,estleg:ABIPOL_Map,§ 44.,2,(2) Käesoleva seaduse §-s 43 sätestatud väärteo kohtuväline menetleja on Politsei- ja Piirivalveamet.,true,inForce,2015-01-01,,estleg:ABIPOL_Par_44_v112072014013
estleg:ABIPOL_Par_45,estleg:ABIPOL_Map,§ 45.,,"(1) Enne käesoleva seaduse jõustumist abipolitseinikuks arvatud isikud, kes soovivad jätkata abipolitseinikuna politsei tegevuses osalemist, kuid ei vasta käesoleva seaduse §-s 4 sätestatud nõuetele, on kohustatud viima oma: keeleoskustaseme vastavusse seaduse nõuetega hiljemalt 2012. aasta 1. juuliks; haridustaseme vastavusse seaduse nõuetega hiljemalt 2014. aasta 1. juuliks. (2) Enne käesoleva seaduse jõustumist abipolitseinikuks arvatud isikud, kes soovivad jätkata abipolitseinikuna politsei tegevuses osalemist, on kohustatud läbima nõuetekohase tervisekontrolli ja täitma kutsesobivuse nõuded hiljemalt 2012. aasta 1. jaanuariks. (3) Enne käesoleva seaduse jõustumist abipolitseinikuks arvatud isikutele, kellele on enne käesoleva seaduse jõustumist antud politseiasutuse poolt politsei tulirelva kandmise õigus ning kes soovivad jätkata abipolitseinikuna politsei tegevuses osalemist ja kellel on vaja abipolitseiniku ülesande täitmisel kanda tulirelva, ei laiene tulirelvaõppe nõue, kui isik sooritab tulirelva kasutamist reguleerivate õigusaktide tundmise eksami ning relva käsitsemise katse hiljemalt 2011. aasta 1. juuliks.",true,inForce,2011-01-01,,estleg:ABIPOL_Par_45_v120122010001
estleg:ABIPOL_Par_45_1,estleg:ABIPOL_Map,§ 45¹.,,"Abipolitseinikul, kellel on tuvastatud osaline töövõimetus riikliku pensionikindlustuse seaduse alusel, loetakse käesoleva seaduse §-s 38 sätestatud osalise töövõime tingimus täidetuks. Abipolitseinikul, kellel on tuvastatud täielik töövõimetus riikliku pensionikindlustuse seaduse alusel, loetakse käesoleva seaduse §-s 38 sätestatud puuduva töövõime tingimus täidetuks.",true,inForce,2016-07-01,,estleg:ABIPOL_Par_45_1_v117122015033
estleg:ABIPOL_Par_45_1_Lg_1,estleg:ABIPOL_Map,§ 45¹.,,"Abipolitseinikul, kellel on tuvastatud osaline töövõimetus riikliku pensionikindlustuse seaduse alusel, loetakse käesoleva seaduse §-s 38 sätestatud osalise töövõime tingimus täidetuks. Abipolitseinikul, kellel on tuvastatud täielik töövõimetus riikliku pensionikindlustuse seaduse alusel, loetakse käesoleva seaduse §-s 38 sätestatud puuduva töövõime tingimus täidetuks.",true,inForce,2016-07-01,,estleg:ABIPOL_Par_45_1_v117122015033
estleg:ABIPOL_Par_45_Lg_1,estleg:ABIPOL_Map,§ 45.,1,"(1) Enne käesoleva seaduse jõustumist abipolitseinikuks arvatud isikud, kes soovivad jätkata abipolitseinikuna politsei tegevuses osalemist, kuid ei vasta käesoleva seaduse §-s 4 sätestatud nõuetele, on kohustatud viima oma: keeleoskustaseme vastavusse seaduse nõuetega hiljemalt 2012. aasta 1. juuliks; haridustaseme vastavusse seaduse nõuetega hiljemalt 2014. aasta 1. juuliks.",true,inForce,2011-01-01,,estleg:ABIPOL_Par_45_v120122010001
estleg:ABIPOL_Par_45_Lg_2,estleg:ABIPOL_Map,§ 45.,2,"(2) Enne käesoleva seaduse jõustumist abipolitseinikuks arvatud isikud, kes soovivad jätkata abipolitseinikuna politsei tegevuses osalemist, on kohustatud läbima nõuetekohase tervisekontrolli ja täitma kutsesobivuse nõuded hiljemalt 2012. aasta 1. jaanuariks.",true,inForce,2011-01-01,,estleg:ABIPOL_Par_45_v120122010001
estleg:ABIPOL_Par_45_Lg_3,estleg:ABIPOL_Map,§ 45.,3,"(3) Enne käesoleva seaduse jõustumist abipolitseinikuks arvatud isikutele, kellele on enne käesoleva seaduse jõustumist antud politseiasutuse poolt politsei tulirelva kandmise õigus ning kes soovivad jätkata abipolitseinikuna politsei tegevuses osalemist ja kellel on vaja abipolitseiniku ülesande täitmisel kanda tulirelva, ei laiene tulirelvaõppe nõue, kui isik sooritab tulirelva kasutamist reguleerivate õigusaktide tundmise eksami ning relva käsitsemise katse hiljemalt 2011. aasta 1. juuliks.",true,inForce,2011-01-01,,estleg:ABIPOL_Par_45_v120122010001
estleg:ABIPOL_Par_46,estleg:ABIPOL_Map,§ 46.,,§ 46.,true,inForce,2012-01-01,,estleg:ABIPOL_Par_46_v130122011058
estleg:ABIPOL_Par_49,estleg:ABIPOL_Map,§ 49.,,[Käesolevast tekstist välja jäetud.],true,inForce,2014-07-01,,estleg:ABIPOL_Par_49_v114032014005
estleg:ABIPOL_Par_4_Lg_1,estleg:ABIPOL_Map,§ 4.,1,"(1) Abipolitseinikuks võib nimetada 18-aastaseks saanud vähemalt põhiharidusega Eesti kodaniku, kes oskab eesti keelt vähemalt B2-tasemel ning kes vastab abipolitseiniku kutsesobivuse nõuetele.",true,inForce,2016-07-01,,estleg:ABIPOL_Par_4_v117122015033
estleg:ABIPOL_Par_4_Lg_1_1,estleg:ABIPOL_Map,§ 4.,1¹,"(1¹) Abipolitseinikul, kes täidab politsei ülesandel iseseisvalt käesoleva seaduse § 3 lõikes 2 sätestatud ülesandeid, peab olema vähemalt keskharidus ja ta peab oskama eesti keelt vähemalt C1-tasemel.",true,inForce,2016-07-01,,estleg:ABIPOL_Par_4_v117122015033
estleg:ABIPOL_Par_4_Lg_2,estleg:ABIPOL_Map,§ 4.,2,(2) Abipolitseinikuks ei või nimetada kohtunikku ja prokuröri.,true,inForce,2016-07-01,,estleg:ABIPOL_Par_4_v117122015033
estleg:ABIPOL_Par_4_Lg_3,estleg:ABIPOL_Map,§ 4.,3,(3) Abipolitseiniku kutsesobivuse nõuded kehtestab määrusega.,true,inForce,2016-07-01,,estleg:ABIPOL_Par_4_v117122015033
estleg:ABIPOL_Par_5,estleg:ABIPOL_Map,§ 5.,,"Abipolitseiniku kandidaadiks ja abipolitseinikuks võetakse isik: kes on teovõimeline; keda ei ole karistatud tahtlikult toimepandud esimese astme kuriteo eest; kellel ei ole karistatust tahtlikult toimepandud kuriteo eest; kes ei ole kriminaalmenetluses kahtlustatav või süüdistatav; kellelt ei ole jõustunud kohtuotsusega ära võetud politseiametniku ametikohal töötamise õigust; kes ei ole sõltuvuses alkoholi, narkootilise või psühhotroopse aine kasutamisest või kes ei ole raskekujulise psüühika-, isiksuse- või käitumishäirega; kes ei ole sellise tervisehäirega, mis takistab tal abipolitseiniku ülesannete täitmist; kes oma käitumise poolest sobib abipolitseiniku ülesandeid täitma ning kelle käitumine või eluviis ei ohusta tema enda ega teise isiku turvalisust.",true,inForce,2022-07-01,,estleg:ABIPOL_Par_5_v127052022029
estleg:ABIPOL_Par_50,estleg:ABIPOL_Map,§ 50.,,Käesolev seadus jõustub 2011. aasta 1. jaanuaril.,true,inForce,2011-01-01,,estleg:ABIPOL_Par_50_v120122010001
estleg:ABIPOL_Par_50_Lg_1,estleg:ABIPOL_Map,§ 50.,,Käesolev seadus jõustub 2011. aasta 1. jaanuaril.,true,inForce,2011-01-01,,estleg:ABIPOL_Par_50_v120122010001
estleg:ABIPOL_Par_5_Lg_1,estleg:ABIPOL_Map,§ 5.,,"Abipolitseiniku kandidaadiks ja abipolitseinikuks võetakse isik: kes on teovõimeline; keda ei ole karistatud tahtlikult toimepandud esimese astme kuriteo eest; kellel ei ole karistatust tahtlikult toimepandud kuriteo eest; kes ei ole kriminaalmenetluses kahtlustatav või süüdistatav; kellelt ei ole jõustunud kohtuotsusega ära võetud politseiametniku ametikohal töötamise õigust; kes ei ole sõltuvuses alkoholi, narkootilise või psühhotroopse aine kasutamisest või kes ei ole raskekujulise psüühika-, isiksuse- või käitumishäirega; kes ei ole sellise tervisehäirega, mis takistab tal abipolitseiniku ülesannete täitmist; kes oma käitumise poolest sobib abipolitseiniku ülesandeid täitma ning kelle käitumine või eluviis ei ohusta tema enda ega teise isiku turvalisust.",true,inForce,2022-07-01,,estleg:ABIPOL_Par_5_v127052022029
estleg:ABIPOL_Par_6,estleg:ABIPOL_Map,§ 6.,,"(1) Abipolitseinik peab perioodiliselt läbima tervisekontrolli ja abipolitseinikuks astuda soovija peab enne abipolitseinikuks kandideerimist läbima eelneva tervisekontrolli, mille käigus tehakse kindlaks tal käesoleva seaduse § 5 punktides 6 ja 7 nimetatud tervisehäirete ning abipolitseiniku ülesande täitmisel tulirelva ja elektrišokirelva kandmist välistava füüsilise puude puudumine. (1¹) Abipolitseinikuks astuda soovija ei pea läbima tervisekontrolli, kui tal on nii kehtiv mootorsõiduki juhtimisõigus kui ka kehtiv relvaluba või käesoleva paragrahvi lõikes 1 sätestatuga samaväärseks loetud tervisekontrolli läbimisel saadud kehtiv tervisetõend. (1²) Abipolitseinikuks astuda soovija, kes soovib osaleda ainult politsei abistamisel süüteoennetuses korrakaitseseaduse §-s 18 sätestatud alustel, ei pea enne abipolitseinikuks kandideerimist läbima tervisekontrolli. (1³) Abipolitseinik, kes osaleb ainult politsei abistamisel süüteoennetuses korrakaitseseaduse §-s 18 sätestatud alustel, ei pea läbima perioodilist tervisekontrolli. (1⁴) Abipolitseinik ei pea läbima perioodilist tervisekontrolli, kui tal on nii kehtiv mootorsõiduki juhtimisõigus kui ka kehtiv relvaluba või käesoleva paragrahvi lõikes 1 sätestatuga samaväärseks loetud tervisekontrolli läbimisel saadud kehtiv tervisetõend. (2) Tervisekontrolli korraldab ja tervisetõendi väljastab perearst või Politsei- ja Piirivalveametiga lepingulises suhtes olev töötervishoiuarst, kaasates eriarste. (3) Tervisekontroll tehakse abipolitseiniku ja abipolitseinikuks astuda soovija kulul. (4) Abipolitseiniku ja abipolitseinikuks astuda soovija tervisekontrolli tingimused ja korra, abipolitseinikuks saamist välistavate tervisehäirete ja abipolitseiniku ülesande täitmisel tulirelva ja elektrišokirelva kandmist välistavate füüsiliste puuete loetelu ning tervisetõendi sisu ja vormi nõuded kehtestab määrusega.",true,inForce,2020-05-07,,estleg:ABIPOL_Par_6_v106052020002
estleg:ABIPOL_Par_6_Lg_1,estleg:ABIPOL_Map,§ 6.,1,"(1) Abipolitseinik peab perioodiliselt läbima tervisekontrolli ja abipolitseinikuks astuda soovija peab enne abipolitseinikuks kandideerimist läbima eelneva tervisekontrolli, mille käigus tehakse kindlaks tal käesoleva seaduse § 5 punktides 6 ja 7 nimetatud tervisehäirete ning abipolitseiniku ülesande täitmisel tulirelva ja elektrišokirelva kandmist välistava füüsilise puude puudumine.",true,inForce,2020-05-07,,estleg:ABIPOL_Par_6_v106052020002
estleg:ABIPOL_Par_6_Lg_1_1,estleg:ABIPOL_Map,§ 6.,1¹,"(1¹) Abipolitseinikuks astuda soovija ei pea läbima tervisekontrolli, kui tal on nii kehtiv mootorsõiduki juhtimisõigus kui ka kehtiv relvaluba või käesoleva paragrahvi lõikes 1 sätestatuga samaväärseks loetud tervisekontrolli läbimisel saadud kehtiv tervisetõend.",true,inForce,2020-05-07,,estleg:ABIPOL_Par_6_v106052020002
estleg:ABIPOL_Par_6_Lg_1_2,estleg:ABIPOL_Map,§ 6.,1²,"(1²) Abipolitseinikuks astuda soovija, kes soovib osaleda ainult politsei abistamisel süüteoennetuses korrakaitseseaduse §-s 18 sätestatud alustel, ei pea enne abipolitseinikuks kandideerimist läbima tervisekontrolli.",true,inForce,2020-05-07,,estleg:ABIPOL_Par_6_v106052020002
estleg:ABIPOL_Par_6_Lg_1_3,estleg:ABIPOL_Map,§ 6.,1³,"(1³) Abipolitseinik, kes osaleb ainult politsei abistamisel süüteoennetuses korrakaitseseaduse §-s 18 sätestatud alustel, ei pea läbima perioodilist tervisekontrolli.",true,inForce,2020-05-07,,estleg:ABIPOL_Par_6_v106052020002
estleg:ABIPOL_Par_6_Lg_1_4,estleg:ABIPOL_Map,§ 6.,1⁴,"(1⁴) Abipolitseinik ei pea läbima perioodilist tervisekontrolli, kui tal on nii kehtiv mootorsõiduki juhtimisõigus kui ka kehtiv relvaluba või käesoleva paragrahvi lõikes 1 sätestatuga samaväärseks loetud tervisekontrolli läbimisel saadud kehtiv tervisetõend.",true,inForce,2020-05-07,,estleg:ABIPOL_Par_6_v106052020002
estleg:ABIPOL_Par_6_Lg_2,estleg:ABIPOL_Map,§ 6.,2,"(2) Tervisekontrolli korraldab ja tervisetõendi väljastab perearst või Politsei- ja Piirivalveametiga lepingulises suhtes olev töötervishoiuarst, kaasates eriarste.",true,inForce,2020-05-07,,estleg:ABIPOL_Par_6_v106052020002
estleg:ABIPOL_Par_6_Lg_3,estleg:ABIPOL_Map,§ 6.,3,(3) Tervisekontroll tehakse abipolitseiniku ja abipolitseinikuks astuda soovija kulul.,true,inForce,2020-05-07,,estleg:ABIPOL_Par_6_v106052020002
estleg:ABIPOL_Par_6_Lg_4,estleg:ABIPOL_Map,§ 6.,4,"(4) Abipolitseiniku ja abipolitseinikuks astuda soovija tervisekontrolli tingimused ja korra, abipolitseinikuks saamist välistavate tervisehäirete ja abipolitseiniku ülesande täitmisel tulirelva ja elektrišokirelva kandmist välistavate füüsiliste puuete loetelu ning tervisetõendi sisu ja vormi nõuded kehtestab määrusega.",true,inForce,2020-05-07,,estleg:ABIPOL_Par_6_v106052020002
estleg:ABIPOL_Par_7,estleg:ABIPOL_Map,§ 7.,,"(1) Abipolitseinikuks astuda soovija esitab Politsei- ja Piirivalveametile: kirjaliku taotluse; abipolitseiniku ankeedi; haridust tõendava dokumendi koopia, kui andmed ei ole Eesti Hariduse Infosüsteemis; eesti keele tasemetunnistuse koopia, kui haridus ei ole omandatud eesti keeles ja kui andmed ei ole Eksamite Infosüsteemis; tervisetõendi, välja arvatud käesoleva seaduse § 6 lõigetes 11 ja 12 sätestatud juhtudel; iseloomustuse tööandjalt või õppeasutuselt või soovituse politseiametnikult või abipolitseinikult. (1¹) Abipolitseiniku ankeedis küsitakse andmeid, mis võimaldavad hinnata isiku sobivust abipolitseinikuna politsei tegevuses osalemiseks. Lisaks tuleb ankeedis märkida abipolitseinikuks kandideeriva isiku sugulaste ja hõimlaste (vanemad, õde, vend, laps, abikaasa ja registreeritud elukaaslane) ning abieluga sarnanevas suhtes oleva elukaaslase ees- ja perekonnanimi, isikukood (isikukoodi puudumisel sünniaeg ja -koht), kontaktandmed ning töökoht. Isikuandmeid säilitatakse kümme aastat isiku abipolitseinikuks kandideerimisest või tema abipolitseiniku staatuse lõppemisest. Pärast säilitamise tähtaja möödumist andmed kustutatakse. (2) Abipolitseiniku ankeedi vormi kehtestab määrusega. (3) Politsei- ja Piirivalveameti peadirektor või tema volitatud ametnik peab ankeedis esitatud andmete õigsuse kontrollimiseks ning abipolitseinikuks astuda soovija kõlbeliste ja teiste isiksuseomaduste väljaselgitamiseks vestlema ankeedis märgitud isikuga ning vajaduse korral ja küsitletava isiku nõusolekul võtma temalt kirjaliku seletuse. Vajaduse korral võib vestlusse kaasata teisi asjasse puutuvaid Politsei- ja Piirivalveameti ametnikke või abipolitseiniku. (3¹) Kirjaliku taotlusega kinnitab isik, et ta kohustub täitma abipolitseiniku seadusest tulenevaid nõudeid, ja soovi korral avaldab tahet osaleda politsei tegevuses ainult käesoleva seaduse § 3 lõikes 3 sätestatud ulatuses. (4) Taotlus vaadatakse läbi 30 päeva jooksul selle saamisest arvates. Selle aja jooksul kontrollitakse",true,inForce,2024-01-01,,estleg:ABIPOL_Par_7_v106072023009
estleg:ABIPOL_Par_7_Lg_1,estleg:ABIPOL_Map,§ 7.,1,"(1) Abipolitseinikuks astuda soovija esitab Politsei- ja Piirivalveametile: kirjaliku taotluse; abipolitseiniku ankeedi; haridust tõendava dokumendi koopia, kui andmed ei ole Eesti Hariduse Infosüsteemis; eesti keele tasemetunnistuse koopia, kui haridus ei ole omandatud eesti keeles ja kui andmed ei ole Eksamite Infosüsteemis; tervisetõendi, välja arvatud käesoleva seaduse § 6 lõigetes 11 ja 12 sätestatud juhtudel; iseloomustuse tööandjalt või õppeasutuselt või soovituse politseiametnikult või abipolitseinikult.",true,inForce,2024-01-01,,estleg:ABIPOL_Par_7_v106072023009
estleg:ABIPOL_Par_7_Lg_1_1,estleg:ABIPOL_Map,§ 7.,1¹,"(1¹) Abipolitseiniku ankeedis küsitakse andmeid, mis võimaldavad hinnata isiku sobivust abipolitseinikuna politsei tegevuses osalemiseks. Lisaks tuleb ankeedis märkida abipolitseinikuks kandideeriva isiku sugulaste ja hõimlaste (vanemad, õde, vend, laps, abikaasa ja registreeritud elukaaslane) ning abieluga sarnanevas suhtes oleva elukaaslase ees- ja perekonnanimi, isikukood (isikukoodi puudumisel sünniaeg ja -koht), kontaktandmed ning töökoht. Isikuandmeid säilitatakse kümme aastat isiku abipolitseinikuks kandideerimisest või tema abipolitseiniku staatuse lõppemisest. Pärast säilitamise tähtaja möödumist andmed kustutatakse.",true,inForce,2024-01-01,,estleg:ABIPOL_Par_7_v106072023009
estleg:ABIPOL_Par_7_Lg_2,estleg:ABIPOL_Map,§ 7.,2,(2) Abipolitseiniku ankeedi vormi kehtestab määrusega.,true,inForce,2024-01-01,,estleg:ABIPOL_Par_7_v106072023009
estleg:ABIPOL_Par_7_Lg_3,estleg:ABIPOL_Map,§ 7.,3,(3) Politsei- ja Piirivalveameti peadirektor või tema volitatud ametnik peab ankeedis esitatud andmete õigsuse kontrollimiseks ning abipolitseinikuks astuda soovija kõlbeliste ja teiste isiksuseomaduste väljaselgitamiseks vestlema ankeedis märgitud isikuga ning vajaduse korral ja küsitletava isiku nõusolekul võtma temalt kirjaliku seletuse. Vajaduse korral võib vestlusse kaasata teisi asjasse puutuvaid Politsei- ja Piirivalveameti ametnikke või abipolitseiniku.,true,inForce,2024-01-01,,estleg:ABIPOL_Par_7_v106072023009
estleg:ABIPOL_Par_7_Lg_3_1,estleg:ABIPOL_Map,§ 7.,3¹,"(3¹) Kirjaliku taotlusega kinnitab isik, et ta kohustub täitma abipolitseiniku seadusest tulenevaid nõudeid, ja soovi korral avaldab tahet osaleda politsei tegevuses ainult käesoleva seaduse § 3 lõikes 3 sätestatud ulatuses.",true,inForce,2024-01-01,,estleg:ABIPOL_Par_7_v106072023009
estleg:ABIPOL_Par_7_Lg_4,estleg:ABIPOL_Map,§ 7.,4,(4) Taotlus vaadatakse läbi 30 päeva jooksul selle saamisest arvates. Selle aja jooksul kontrollitakse käesoleva paragrahvi lõikes 1 nõutud dokumentide esitamist ning abipolitseinikuks astuda soovija vastavust abipolitseinikule esitatavatele nõuetele.,true,inForce,2024-01-01,,estleg:ABIPOL_Par_7_v106072023009
estleg:ABIPOL_Par_7_Lg_4_1,estleg:ABIPOL_Map,§ 7.,4¹,(4¹) Käesoleva paragrahvi lõikes 4 nimetatud kontrolli käigus tuvastatud andmed võivad olla aluseks taotluse rahuldamata jätmiseks.,true,inForce,2024-01-01,,estleg:ABIPOL_Par_7_v106072023009
estleg:ABIPOL_Par_7_Lg_4_2,estleg:ABIPOL_Map,§ 7.,4²,"(4²) Käesoleva paragrahvi lõikes 4 nimetatud kontrolli käigus tuvastatud andmeid ning keeldumise põhjust ja keeldumise aluseks olevat asjaolu ei avaldata ulatuses, mis võib olla vältimatult vajalik, et tagada: riigi julgeolek; riigikaitse; avalik kord; süütegude tõkestamine, avastamine, menetlemine või karistuse täideviimine; andmesubjekti kaitse või teiste isikute õiguste ja vabaduste kaitse.",true,inForce,2024-01-01,,estleg:ABIPOL_Par_7_v106072023009
estleg:ABIPOL_Par_7_Lg_5,estleg:ABIPOL_Map,§ 7.,5,(5) Taotluse rahuldamise või rahuldamata jätmise otsustab Politsei- ja Piirivalveameti peadirektor või tema volitatud ametnik. Otsus toimetatakse taotlejale kätte tema avalduses märgitud viisil.,true,inForce,2024-01-01,,estleg:ABIPOL_Par_7_v106072023009
estleg:ABIPOL_Par_7_Lg_6,estleg:ABIPOL_Map,§ 7.,6,(6) Taotluse rahuldamise korral arvatakse abipolitseinikuks astuda soovija Politsei- ja Piirivalveameti peadirektori või tema volitatud ametniku otsusega abipolitseiniku kandidaadiks.,true,inForce,2024-01-01,,estleg:ABIPOL_Par_7_v106072023009
estleg:ABIPOL_Par_8,estleg:ABIPOL_Map,§ 8.,,"(1) Abipolitseiniku kandidaat peab läbima esimese astme õppe. Esimese astme õppes omandatakse abipolitseiniku tööks vajalikud algteadmised ja oskused. Esimese astme õpe kestab vähemalt 40 tundi ning lõpeb arvestusega. Esimese astme õppe läbinud ja arvestuse sooritanud abipolitseinik võib osaleda politsei tegevuses koos politseiametnikuga. (2) Käesoleva seaduse § 3 lõikes 2 sätestatud ülesannet võib iseseisvalt täita abipolitseinik, kes on läbinud teise astme õppe ja sooritanud arvestuse. Teise astme õppe eelduseks on esimese astme õppe edukas läbimine ning politsei tegevuses osalemine vähemalt 100 tundi. Teise astme õpe kestab vähemalt 40 tundi ning õppes omandatakse iseseisvaks ülesande täitmiseks vajalikud teadmised ja oskused. Teise astme õpe lõpeb arvestusega. (2¹) Käesoleva paragrahvi lõikes 2 sätestatud eeldusest, et enne teise astme õpet osaletakse politsei tegevuses vähemalt 100 tundi, võib eriolukorra ja erakorralise seisukorra ajal Politsei- ja Piirivalveameti peadirektori korraldusel loobuda. (3) Käesoleva paragrahvi lõigetes 1 ja 2 sätestatud esimese ja teise astme õppe läbimise nõue ei laiene isikule, kes on olnud teenistuses politseiametnikuna või piirivalveametnikuna, julgeolekuasutuse ametnikule ja turvatöötaja kvalifikatsiooni omavale isikule, kes on läbinud turvatöötaja põhiõppe. (4) Abipolitseinik peab kvalifikatsiooni tagamiseks läbima täiendusõppe ja sooritama arvestuse vähemalt üks kord kalendriaastas. (5) Abipolitseinik, kellel on abipolitseiniku ülesande täitmisel vajalik kanda tulirelva, peab lisaks esmaõppele läbima tulirelvaõppe. Tulirelvaõpe kestab vähemalt 40 tundi ning lõpeb arvestusega. Arvestusel tuleb sooritada relva ning relva kasutamist reguleerivate õigusaktide tundmise eksam ning relva käsitsemise katse. (5¹) Kui abipolitseinikuks kandideerib isik, kes on olnud teenistuses politseiametnikuna, piirivalveametnikuna või julgeolekuasutuse ametnikuna, võib ta soovi korral läbida tulirelvaõppe või sooritada kohe käesoleva paragrahvi lõ",true,inForce,2020-05-07,,estleg:ABIPOL_Par_8_v106052020002
estleg:ABIPOL_Par_8_Lg_1,estleg:ABIPOL_Map,§ 8.,1,(1) Abipolitseiniku kandidaat peab läbima esimese astme õppe. Esimese astme õppes omandatakse abipolitseiniku tööks vajalikud algteadmised ja oskused. Esimese astme õpe kestab vähemalt 40 tundi ning lõpeb arvestusega. Esimese astme õppe läbinud ja arvestuse sooritanud abipolitseinik võib osaleda politsei tegevuses koos politseiametnikuga.,true,inForce,2020-05-07,,estleg:ABIPOL_Par_8_v106052020002
estleg:ABIPOL_Par_8_Lg_2,estleg:ABIPOL_Map,§ 8.,2,"(2) Käesoleva seaduse § 3 lõikes 2 sätestatud ülesannet võib iseseisvalt täita abipolitseinik, kes on läbinud teise astme õppe ja sooritanud arvestuse. Teise astme õppe eelduseks on esimese astme õppe edukas läbimine ning politsei tegevuses osalemine vähemalt 100 tundi. Teise astme õpe kestab vähemalt 40 tundi ning õppes omandatakse iseseisvaks ülesande täitmiseks vajalikud teadmised ja oskused. Teise astme õpe lõpeb arvestusega.",true,inForce,2020-05-07,,estleg:ABIPOL_Par_8_v106052020002
estleg:ABIPOL_Par_8_Lg_2_1,estleg:ABIPOL_Map,§ 8.,2¹,"(2¹) Käesoleva paragrahvi lõikes 2 sätestatud eeldusest, et enne teise astme õpet osaletakse politsei tegevuses vähemalt 100 tundi, võib eriolukorra ja erakorralise seisukorra ajal Politsei- ja Piirivalveameti peadirektori korraldusel loobuda.",true,inForce,2020-05-07,,estleg:ABIPOL_Par_8_v106052020002
estleg:ABIPOL_Par_8_Lg_3,estleg:ABIPOL_Map,§ 8.,3,"(3) Käesoleva paragrahvi lõigetes 1 ja 2 sätestatud esimese ja teise astme õppe läbimise nõue ei laiene isikule, kes on olnud teenistuses politseiametnikuna või piirivalveametnikuna, julgeolekuasutuse ametnikule ja turvatöötaja kvalifikatsiooni omavale isikule, kes on läbinud turvatöötaja põhiõppe.",true,inForce,2020-05-07,,estleg:ABIPOL_Par_8_v106052020002
estleg:ABIPOL_Par_8_Lg_4,estleg:ABIPOL_Map,§ 8.,4,(4) Abipolitseinik peab kvalifikatsiooni tagamiseks läbima täiendusõppe ja sooritama arvestuse vähemalt üks kord kalendriaastas.,true,inForce,2020-05-07,,estleg:ABIPOL_Par_8_v106052020002
estleg:ABIPOL_Par_8_Lg_5,estleg:ABIPOL_Map,§ 8.,5,"(5) Abipolitseinik, kellel on abipolitseiniku ülesande täitmisel vajalik kanda tulirelva, peab lisaks esmaõppele läbima tulirelvaõppe. Tulirelvaõpe kestab vähemalt 40 tundi ning lõpeb arvestusega. Arvestusel tuleb sooritada relva ning relva kasutamist reguleerivate õigusaktide tundmise eksam ning relva käsitsemise katse.",true,inForce,2020-05-07,,estleg:ABIPOL_Par_8_v106052020002
estleg:ABIPOL_Par_8_Lg_5_1,estleg:ABIPOL_Map,§ 8.,5¹,"(5¹) Kui abipolitseinikuks kandideerib isik, kes on olnud teenistuses politseiametnikuna, piirivalveametnikuna või julgeolekuasutuse ametnikuna, võib ta soovi korral läbida tulirelvaõppe või sooritada kohe käesoleva paragrahvi lõikes 5 nimetatud arvestuse.",true,inForce,2020-05-07,,estleg:ABIPOL_Par_8_v106052020002
estleg:ABIPOL_Par_8_Lg_5_2,estleg:ABIPOL_Map,§ 8.,5²,"(5²) Abipolitseinik, kellel on abipolitseiniku ülesande täitmisel vajalik kanda elektrišokirelva, peab lisaks esmaõppele läbima elektrišokirelva õppe. Elektrišokirelva õpe kestab vähemalt 16 tundi ning lõpeb arvestusega. Arvestusel tuleb sooritada relva ja relva kasutamist reguleerivate õigusaktide tundmise eksam ning relva käsitsemise katse.",true,inForce,2020-05-07,,estleg:ABIPOL_Par_8_v106052020002
estleg:ABIPOL_Par_8_Lg_6,estleg:ABIPOL_Map,§ 8.,6,"(6) Abipolitseinik, kellel on abipolitseiniku ülesande täitmisel vajalik kanda tulirelva, peab lisaks käesoleva paragrahvi lõikes 4 nimetatud täiendusõppele ja arvestusele sooritama laskmisarvestuse vähemalt üks kord kalendriaastas.",true,inForce,2020-05-07,,estleg:ABIPOL_Par_8_v106052020002
estleg:ABIPOL_Par_8_Lg_7,estleg:ABIPOL_Map,§ 8.,7,"(7) Abipolitseiniku kandidaadi ja abipolitseiniku väljaõpet korraldab Politsei- ja Piirivalveamet. Väljaõpet võib läbi viia sellekohase loaga isik, Politsei- ja Piirivalveamet või sisekaitseline rakenduskõrgkool.",true,inForce,2020-05-07,,estleg:ABIPOL_Par_8_v106052020002
estleg:ABIPOL_Par_8_Lg_8,estleg:ABIPOL_Map,§ 8.,8,(8) Abipolitseiniku kandidaadi ja abipolitseiniku väljaõppe nõuded ning arvestuse sooritamise korra kehtestab määrusega.,true,inForce,2020-05-07,,estleg:ABIPOL_Par_8_v106052020002
estleg:ABIPOL_Par_8_Lg_9,estleg:ABIPOL_Map,§ 8.,9,(9) Abipolitseiniku väljaõppekavad kinnitab Politsei- ja Piirivalveameti peadirektor käskkirjaga.,true,inForce,2020-05-07,,estleg:ABIPOL_Par_8_v106052020002
estleg:ABIPOL_Par_9,estleg:ABIPOL_Map,§ 9.,,Abipolitseinikule esitatavatele nõuetele vastav ning esmase väljaõppe läbinud ja arvestuse sooritanud abipolitseiniku kandidaat nimetatakse abipolitseinikuks Politsei- ja Piirivalveameti peadirektori või tema volitatud ametniku otsusega.,true,inForce,2015-03-22,,estleg:ABIPOL_Par_9_v112032015074
estleg:ABIPOL_Par_9_Lg_1,estleg:ABIPOL_Map,§ 9.,,Abipolitseinikule esitatavatele nõuetele vastav ning esmase väljaõppe läbinud ja arvestuse sooritanud abipolitseiniku kandidaat nimetatakse abipolitseinikuks Politsei- ja Piirivalveameti peadirektori või tema volitatud ametniku otsusega.,true,inForce,2015-03-22,,estleg:ABIPOL_Par_9_v112032015074
estleg:AVTS_Par_1,estleg:AVTS_Map,§ 1.,,"Käesoleva seaduse eesmärk on tagada üldiseks kasutamiseks mõeldud teabele avalikkuse ja igaühe juurdepääsu võimalus, lähtudes demokraatliku ja sotsiaalse õigusriigi ning avatud ühiskonna põhimõtetest, ning luua võimalused avalikkuse kontrolliks avalike ülesannete täitmise üle.",true,inForce,2002-06-01,,estleg:AVTS_Par_1_v26643
estleg:AVTS_Par_10,estleg:AVTS_Map,§ 10.,,"(1) Teabevaldaja poolt teabele juurdepääsu seadusekohase korraldamise eest vastutab teabevaldaja juht või füüsilisest isikust teabevaldaja. (2) Teabevaldaja võib asjaajamiskorra või muude dokumentidega määrata kindlaks teabenõuete täitmise ja teabe avalikustamise eest vastutavad struktuuriüksused ja ametnikud või töötajad ning teabenõuete või avalikustamisele kuuluva teabe asutusesisese menetlemise korra. (3) Kui teabevaldaja ei ole kehtestanud ametnike või töötajate pädevust teabenõuete täitmisel, vastutab teabenõude nõuetekohase täitmise eest iga ametnik või töötaja, kellele teabenõue on täitmiseks antud või kellele see on esitatud. (4) Teabe nõuetekohase avalikustamise eest vastutab teabevaldaja juht, kui õigusaktiga ei ole teabe avalikustamise korraldamist tehtud ülesandeks teisele isikule.",true,inForce,2002-06-01,,estleg:AVTS_Par_10_v26643
estleg:AVTS_Par_10_Lg_1,estleg:AVTS_Map,§ 10.,1,(1) Teabevaldaja poolt teabele juurdepääsu seadusekohase korraldamise eest vastutab teabevaldaja juht või füüsilisest isikust teabevaldaja.,true,inForce,2002-06-01,,estleg:AVTS_Par_10_v26643
estleg:AVTS_Par_10_Lg_2,estleg:AVTS_Map,§ 10.,2,(2) Teabevaldaja võib asjaajamiskorra või muude dokumentidega määrata kindlaks teabenõuete täitmise ja teabe avalikustamise eest vastutavad struktuuriüksused ja ametnikud või töötajad ning teabenõuete või avalikustamisele kuuluva teabe asutusesisese menetlemise korra.,true,inForce,2002-06-01,,estleg:AVTS_Par_10_v26643
estleg:AVTS_Par_10_Lg_3,estleg:AVTS_Map,§ 10.,3,"(3) Kui teabevaldaja ei ole kehtestanud ametnike või töötajate pädevust teabenõuete täitmisel, vastutab teabenõude nõuetekohase täitmise eest iga ametnik või töötaja, kellele teabenõue on täitmiseks antud või kellele see on esitatud.",true,inForce,2002-06-01,,estleg:AVTS_Par_10_v26643
estleg:AVTS_Par_10_Lg_4,estleg:AVTS_Map,§ 10.,4,"(4) Teabe nõuetekohase avalikustamise eest vastutab teabevaldaja juht, kui õigusaktiga ei ole teabe avalikustamise korraldamist tehtud ülesandeks teisele isikule.",true,inForce,2002-06-01,,estleg:AVTS_Par_10_v26643
estleg:AVTS_Par_11,estleg:AVTS_Map,§ 11.,,"(1) Asutuse dokumendiregister on digitaalselt peetav andmekogu, mida asutusse saabunud ja asutuses koostatud dokumentide registreerimiseks ja neile juurdepääsu tagamiseks peab riigi- või kohaliku omavalitsuse asutus või avalik-õiguslik juriidiline isik. (2) Vabariigi Valitsus võib kehtestada nõuded dokumendiregistrile.",true,inForce,2007-12-28,,estleg:AVTS_Par_11_v12895611
estleg:AVTS_Par_11_Lg_1,estleg:AVTS_Map,§ 11.,1,"(1) Asutuse dokumendiregister on digitaalselt peetav andmekogu, mida asutusse saabunud ja asutuses koostatud dokumentide registreerimiseks ja neile juurdepääsu tagamiseks peab riigi- või kohaliku omavalitsuse asutus või avalik-õiguslik juriidiline isik.",true,inForce,2007-12-28,,estleg:AVTS_Par_11_v12895611
estleg:AVTS_Par_11_Lg_2,estleg:AVTS_Map,§ 11.,2,(2) Vabariigi Valitsus võib kehtestada nõuded dokumendiregistrile.,true,inForce,2007-12-28,,estleg:AVTS_Par_11_v12895611
estleg:AVTS_Par_12,estleg:AVTS_Map,§ 12.,,"(1) Dokumendiregistris registreeritakse: asutusele saabunud dokumendid ja asutusest väljasaadetud dokumendid hiljemalt saabumise või väljasaatmise päevale järgneval tööpäeval; asutuses koostatud ja allkirjastatud õigusaktid hiljemalt nende allakirjutamise või sellele järgneval tööpäeval; sõlmitud lepingud nende allakirjutamisele järgneval tööpäeval. (2) Raamatupidamisdokumente ei pea dokumendiregistrisse kandma. (2¹) Isikuga seotud dokumente, mis on juba kantud teise andmekogusse ja millele on isiku juurdepääs tagatud, ei pea dokumendiregistrisse kandma. (3) Dokumendiregistrisse kantakse saabunud ja väljastatud dokumentide kohta vähemalt järgmised andmed: kellelt on saabunud või kellele väljastatud; saabumise või väljastamise kuupäev; mil viisil dokument saabus või väljastati (elektronposti, posti, faksi või kulleriga või anti üle isiklikult); dokumendi rekvisiidid; dokumendi liik (avaldus, märgukiri, resolutsioon, teabenõue, kiri vms); dokumendi suhtes kehtivad juurdepääsupiirangud. (3¹) Kui asutusele saabunud dokumentide saatja või asutusest väljastatud dokumentide saaja on füüsiline isik, siis ei märgita dokumendiregistri avalikus vaates teavet, mis võimaldaks füüsilist isikut tuvastada. (4) Saabunud ja lahendamist või vastamist vajavate dokumentide kohta kantakse dokumendiregistrisse ka seadusest tulenev lahendamise või vastamise tähtaeg, vastuse koostamise või lahendamise korraldamise eest vastutava struktuuriüksuse nimetus ja ametniku või töötaja nimi, kes vastuse koostab. (4¹) Dokumendiregistris registreeritud ja asutuse dokumendihaldussüsteemis sisalduvatele elektroonilistele dokumentidele, millele ei ole juurdepääsupiirangut kehtestatud, tagatakse juurdepääs dokumendiregistri kaudu, välja arvatud dokumentidele, mis avaldatakse Riigi Teatajas. , juurdepääsu dokumendiregistris registreeritud ja asutuse dokumendihaldussüsteemis sisalduvatele juurdepääsupiiranguta dokumentidele peab dokumendiregistri pidaja tagama hiljemalt 2009. aasta 1. jaanuariks (4²) Kehtet",true,inForce,2016-01-16,,estleg:AVTS_Par_12_v106012016007
estleg:AVTS_Par_12_Lg_1,estleg:AVTS_Map,§ 12.,1,(1) Dokumendiregistris registreeritakse: asutusele saabunud dokumendid ja asutusest väljasaadetud dokumendid hiljemalt saabumise või väljasaatmise päevale järgneval tööpäeval; asutuses koostatud ja allkirjastatud õigusaktid hiljemalt nende allakirjutamise või sellele järgneval tööpäeval; sõlmitud lepingud nende allakirjutamisele järgneval tööpäeval.,true,inForce,2016-01-16,,estleg:AVTS_Par_12_v106012016007
estleg:AVTS_Par_12_Lg_2,estleg:AVTS_Map,§ 12.,2,(2) Raamatupidamisdokumente ei pea dokumendiregistrisse kandma.,true,inForce,2016-01-16,,estleg:AVTS_Par_12_v106012016007
estleg:AVTS_Par_12_Lg_2_1,estleg:AVTS_Map,§ 12.,2¹,"(2¹) Isikuga seotud dokumente, mis on juba kantud teise andmekogusse ja millele on isiku juurdepääs tagatud, ei pea dokumendiregistrisse kandma.",true,inForce,2016-01-16,,estleg:AVTS_Par_12_v106012016007
estleg:AVTS_Par_12_Lg_3,estleg:AVTS_Map,§ 12.,3,"(3) Dokumendiregistrisse kantakse saabunud ja väljastatud dokumentide kohta vähemalt järgmised andmed: kellelt on saabunud või kellele väljastatud; saabumise või väljastamise kuupäev; mil viisil dokument saabus või väljastati (elektronposti, posti, faksi või kulleriga või anti üle isiklikult); dokumendi rekvisiidid; dokumendi liik (avaldus, märgukiri, resolutsioon, teabenõue, kiri vms); dokumendi suhtes kehtivad juurdepääsupiirangud.",true,inForce,2016-01-16,,estleg:AVTS_Par_12_v106012016007
estleg:AVTS_Par_12_Lg_3_1,estleg:AVTS_Map,§ 12.,3¹,"(3¹) Kui asutusele saabunud dokumentide saatja või asutusest väljastatud dokumentide saaja on füüsiline isik, siis ei märgita dokumendiregistri avalikus vaates teavet, mis võimaldaks füüsilist isikut tuvastada.",true,inForce,2016-01-16,,estleg:AVTS_Par_12_v106012016007
estleg:AVTS_Par_12_Lg_4,estleg:AVTS_Map,§ 12.,4,"(4) Saabunud ja lahendamist või vastamist vajavate dokumentide kohta kantakse dokumendiregistrisse ka seadusest tulenev lahendamise või vastamise tähtaeg, vastuse koostamise või lahendamise korraldamise eest vastutava struktuuriüksuse nimetus ja ametniku või töötaja nimi, kes vastuse koostab.",true,inForce,2016-01-16,,estleg:AVTS_Par_12_v106012016007
estleg:AVTS_Par_12_Lg_4_1,estleg:AVTS_Map,§ 12.,4¹,"(4¹) Dokumendiregistris registreeritud ja asutuse dokumendihaldussüsteemis sisalduvatele elektroonilistele dokumentidele, millele ei ole juurdepääsupiirangut kehtestatud, tagatakse juurdepääs dokumendiregistri kaudu, välja arvatud dokumentidele, mis avaldatakse Riigi Teatajas. , juurdepääsu dokumendiregistris registreeritud ja asutuse dokumendihaldussüsteemis sisalduvatele juurdepääsupiiranguta dokumentidele peab dokumendiregistri pidaja tagama hiljemalt 2009. aasta 1. jaanuariks",true,inForce,2016-01-16,,estleg:AVTS_Par_12_v106012016007
estleg:AVTS_Par_12_Lg_4_2,estleg:AVTS_Map,§ 12.,4²,(4²) Kehtetu -,true,inForce,2016-01-16,,estleg:AVTS_Par_12_v106012016007
estleg:AVTS_Par_12_Lg_5,estleg:AVTS_Map,§ 12.,5,"(5) Dokumendiregistri pidaja peab võimaldama juurdepääsu dokumendiregistrile, looma dokumentide leidmise hõlbustamiseks sisujuhi ja kasutusjuhendi ning tagama dokumentide leidmise käesoleva paragrahvi lõikes 3 toodud andmete alusel infotehnoloogilise otsingusüsteemi abil ületekstiotsinguga. , ületekstiotsingu peab dokumendiregistri pidaja tagama hiljemalt 2009. aasta 1. jaanuariks",true,inForce,2016-01-16,,estleg:AVTS_Par_12_v106012016007
estleg:AVTS_Par_13,estleg:AVTS_Map,§ 13.,,"Teabenõudja esitab teabevaldajale teabenõude kas: suuliselt, pöördudes teabevaldaja poole vahetult või telefoni teel, või kirjalikult, andes teabenõude üle isiklikult või edastades selle posti, faksi või elektronpostiga.",true,inForce,2002-06-01,,estleg:AVTS_Par_13_v26643
estleg:AVTS_Par_13_Lg_1,estleg:AVTS_Map,§ 13.,,"Teabenõudja esitab teabevaldajale teabenõude kas: suuliselt, pöördudes teabevaldaja poole vahetult või telefoni teel, või kirjalikult, andes teabenõude üle isiklikult või edastades selle posti, faksi või elektronpostiga.",true,inForce,2002-06-01,,estleg:AVTS_Par_13_v26643
estleg:AVTS_Par_14,estleg:AVTS_Map,§ 14.,,"(1) Teabenõudes tuleb suuliselt või kirjalikult esitada järgmised andmed: teabenõudja ees- ja perekonnanimi; asutuse või juriidilise isiku nimel esitatava teabenõude puhul juriidilise isiku nimi või asutuse nimetus; teabenõudja sideandmed (posti- või elektronpostiaadress või faksi- või telefoninumber), mille kaudu teabevaldaja saaks teabe väljastada või teabenõudjaga ühendust võtta; taotletava teabe sisu või dokumendi liik, nimetus ja sisu või teabenõudjale teada olevad dokumendirekvisiidid; taotletav teabenõude täitmise viis. (2) Kui isik taotleb teavet, milles sisalduvad tema või kolmandate isikute juurdepääsupiiranguga isikuandmed, tuvastab teabevaldaja teabenõudja isiku. Kui isik taotleb juurdepääsupiiranguga isikuandmeid kolmandate isikute kohta, teatab ta teabevaldajale teabele juurdepääsu aluse ja eesmärgi. (2¹) Kehtetu - (3) Teabevaldajal on õigus nõuda kirjaliku teabenõude esitamist, kui teabenõudja ei ole rahul suuliselt antud teabega. (4) Kehtetu - (5) Teabenõudja ei tohi ameti- või tööülesannete täitmise ettekäändel või ametiseisundit kasutades taotleda teabele juurdepääsu isiklikul eesmärgil.",true,inForce,2021-12-10,,estleg:AVTS_Par_14_v130112021017
estleg:AVTS_Par_14_Lg_1,estleg:AVTS_Map,§ 14.,1,"(1) Teabenõudes tuleb suuliselt või kirjalikult esitada järgmised andmed: teabenõudja ees- ja perekonnanimi; asutuse või juriidilise isiku nimel esitatava teabenõude puhul juriidilise isiku nimi või asutuse nimetus; teabenõudja sideandmed (posti- või elektronpostiaadress või faksi- või telefoninumber), mille kaudu teabevaldaja saaks teabe väljastada või teabenõudjaga ühendust võtta; taotletava teabe sisu või dokumendi liik, nimetus ja sisu või teabenõudjale teada olevad dokumendirekvisiidid; taotletav teabenõude täitmise viis.",true,inForce,2021-12-10,,estleg:AVTS_Par_14_v130112021017
estleg:AVTS_Par_14_Lg_2,estleg:AVTS_Map,§ 14.,2,"(2) Kui isik taotleb teavet, milles sisalduvad tema või kolmandate isikute juurdepääsupiiranguga isikuandmed, tuvastab teabevaldaja teabenõudja isiku. Kui isik taotleb juurdepääsupiiranguga isikuandmeid kolmandate isikute kohta, teatab ta teabevaldajale teabele juurdepääsu aluse ja eesmärgi.",true,inForce,2021-12-10,,estleg:AVTS_Par_14_v130112021017
estleg:AVTS_Par_14_Lg_2_1,estleg:AVTS_Map,§ 14.,2¹,(2¹) Kehtetu -,true,inForce,2021-12-10,,estleg:AVTS_Par_14_v130112021017
estleg:AVTS_Par_14_Lg_3,estleg:AVTS_Map,§ 14.,3,"(3) Teabevaldajal on õigus nõuda kirjaliku teabenõude esitamist, kui teabenõudja ei ole rahul suuliselt antud teabega.",true,inForce,2021-12-10,,estleg:AVTS_Par_14_v130112021017
estleg:AVTS_Par_14_Lg_4,estleg:AVTS_Map,§ 14.,4,(4) Kehtetu -,true,inForce,2021-12-10,,estleg:AVTS_Par_14_v130112021017
estleg:AVTS_Par_14_Lg_5,estleg:AVTS_Map,§ 14.,5,(5) Teabenõudja ei tohi ameti- või tööülesannete täitmise ettekäändel või ametiseisundit kasutades taotleda teabele juurdepääsu isiklikul eesmärgil.,true,inForce,2021-12-10,,estleg:AVTS_Par_14_v130112021017
estleg:AVTS_Par_15,estleg:AVTS_Map,§ 15.,,"(1) Teabevaldaja on kohustatud selgitama teabenõudjale arusaadavalt teabele juurdepääsu korda, tingimusi ja viise. (2) Teabevaldaja ametnik või töötaja on kohustatud igakülgselt abistama teabenõudjat teabenõude esitamisel ning teabenõudjale vajaliku teabe, selle asukoha ja teabenõudjale sobivamate võimalike juurdepääsuviiside väljaselgitamisel. (3) Teabevaldaja ametnik või töötaja, kellel ei ole pädevust teabenõuet täita, on kohustatud viivitamata juhatama teabenõudja ametniku või töötaja juurde, kellel on vastav pädevus, või edastama viivitamata kirjaliku teabenõude nimetatud ametnikule või töötajale. (4) Kui teabenõudest ei selgu, millisel viisil või millist teavet teabenõudja soovib, peab teabevaldaja teabenõude täpsustamiseks võtma teabenõudjaga viivitamata ühendust.",true,inForce,2002-06-01,,estleg:AVTS_Par_15_v26643
estleg:AVTS_Par_15_Lg_1,estleg:AVTS_Map,§ 15.,1,"(1) Teabevaldaja on kohustatud selgitama teabenõudjale arusaadavalt teabele juurdepääsu korda, tingimusi ja viise.",true,inForce,2002-06-01,,estleg:AVTS_Par_15_v26643
estleg:AVTS_Par_15_Lg_2,estleg:AVTS_Map,§ 15.,2,"(2) Teabevaldaja ametnik või töötaja on kohustatud igakülgselt abistama teabenõudjat teabenõude esitamisel ning teabenõudjale vajaliku teabe, selle asukoha ja teabenõudjale sobivamate võimalike juurdepääsuviiside väljaselgitamisel.",true,inForce,2002-06-01,,estleg:AVTS_Par_15_v26643
estleg:AVTS_Par_15_Lg_3,estleg:AVTS_Map,§ 15.,3,"(3) Teabevaldaja ametnik või töötaja, kellel ei ole pädevust teabenõuet täita, on kohustatud viivitamata juhatama teabenõudja ametniku või töötaja juurde, kellel on vastav pädevus, või edastama viivitamata kirjaliku teabenõude nimetatud ametnikule või töötajale.",true,inForce,2002-06-01,,estleg:AVTS_Par_15_v26643
estleg:AVTS_Par_15_Lg_4,estleg:AVTS_Map,§ 15.,4,"(4) Kui teabenõudest ei selgu, millisel viisil või millist teavet teabenõudja soovib, peab teabevaldaja teabenõude täpsustamiseks võtma teabenõudjaga viivitamata ühendust.",true,inForce,2002-06-01,,estleg:AVTS_Par_15_v26643
estleg:AVTS_Par_16,estleg:AVTS_Map,§ 16.,,"(1) Teabevaldaja registreerib teabenõude selle saamise päeval või hiljemalt saamisele järgneval tööpäeval. (2) Käesoleva seaduse §-s 11 sätestatud teabevaldaja dokumendiregistrisse kantakse teabenõudja esitatud § 14 lõikes 1 loetletud andmed ja teabenõude täitmise eest vastutava töötaja või struktuuriüksuse andmed ning teabenõude täitmise tähtpäev. (3) Teabenõuet ei pea registreerima, kui: see on anonüümne; see on esitatud suuliselt või elektrooniliselt ja täidetakse viivitamata.",true,inForce,2007-12-28,,estleg:AVTS_Par_16_v12895611
estleg:AVTS_Par_16_Lg_1,estleg:AVTS_Map,§ 16.,1,(1) Teabevaldaja registreerib teabenõude selle saamise päeval või hiljemalt saamisele järgneval tööpäeval.,true,inForce,2007-12-28,,estleg:AVTS_Par_16_v12895611
estleg:AVTS_Par_16_Lg_2,estleg:AVTS_Map,§ 16.,2,(2) Käesoleva seaduse §-s 11 sätestatud teabevaldaja dokumendiregistrisse kantakse teabenõudja esitatud § 14 lõikes 1 loetletud andmed ja teabenõude täitmise eest vastutava töötaja või struktuuriüksuse andmed ning teabenõude täitmise tähtpäev.,true,inForce,2007-12-28,,estleg:AVTS_Par_16_v12895611
estleg:AVTS_Par_16_Lg_3,estleg:AVTS_Map,§ 16.,3,"(3) Teabenõuet ei pea registreerima, kui: see on anonüümne; see on esitatud suuliselt või elektrooniliselt ja täidetakse viivitamata.",true,inForce,2007-12-28,,estleg:AVTS_Par_16_v12895611
estleg:AVTS_Par_17,estleg:AVTS_Map,§ 17.,,"(1) Teabevaldaja täidab teabenõude teabenõudja poolt soovitud viisil, väljastades teabe: teisaldatavale andmekandjale digitaalselt või teabenõudes märgitud elektronpostiaadressil; dokumendi koopia või ärakirjana paberkandjal kas vahetult teabenõudjale või tema postiaadressil; faksi teel; suuliselt; tutvumiseks teabevaldaja juures; muul viisil, arvestades teabekandja tüüpi. (2) Teabevaldaja võib keelduda soovitud viisil teabenõude täitmisest, kui: selleks puuduvad tehnilised võimalused; seda ei võimalda teabekandja tüüp; teabe suuliselt edastamine takistab ajalise kestuse tõttu ülemääraselt teabevaldaja põhiülesannete täitmist. (3) Teabevaldaja peab teabenõudja taotlusel väljastama dokumentide koopiad paberkandjal, kui teabekandja tüüp ja teabenõudja sideandmed seda võimaldavad ja kui teave ei ole avalikustatud. (4) Teabenõudja nõudel peab teabevaldaja väljastama teabe (sealhulgas avalikustatud teabe) ametliku kinnitusega, kui kinnitus on vajalik teabenõudja õiguste ja vabaduste kasutamiseks ning kohustuste täitmiseks. (5) Suuliselt väljastatakse teave üksnes juhul, kui: soovitakse andmeid teabenõudja esitatud avalduse, märgukirja või muu taotluse menetluse kohta; soovitakse andmeid selle kohta, kas teabevaldaja valduses on teabenõudja poolt soovitud teave. (6) Teabenõude suulisel täitmisel ei ole teabenõude täitja kohustatud dokumente ette lugema. (7) Käesoleva paragrahvi lõikes 2 sätestatud juhtudel valib sobiva teabenõude täitmise viisi teabevaldaja, konsulteerides võimaluse korral enne teabenõude täitmist teabenõudjaga. (8) Kui teabenõudest ei selgu teabenõudja poolt taotletav teabenõude täitmise viis ja teabenõudjaga ei ole võimalik teabenõude täitmise viisi täpsustada teabenõude täitmiseks ettenähtud tähtaja jooksul, täidetakse teabenõue selles esitatud sideandmete alusel teabevaldaja valitud viisil, võimaluse korral eelistades teabenõude esitamise viisi.",true,inForce,2002-06-01,,estleg:AVTS_Par_17_v26643
estleg:AVTS_Par_17_Lg_1,estleg:AVTS_Map,§ 17.,1,"(1) Teabevaldaja täidab teabenõude teabenõudja poolt soovitud viisil, väljastades teabe: teisaldatavale andmekandjale digitaalselt või teabenõudes märgitud elektronpostiaadressil; dokumendi koopia või ärakirjana paberkandjal kas vahetult teabenõudjale või tema postiaadressil; faksi teel; suuliselt; tutvumiseks teabevaldaja juures; muul viisil, arvestades teabekandja tüüpi.",true,inForce,2002-06-01,,estleg:AVTS_Par_17_v26643
estleg:AVTS_Par_17_Lg_2,estleg:AVTS_Map,§ 17.,2,"(2) Teabevaldaja võib keelduda soovitud viisil teabenõude täitmisest, kui: selleks puuduvad tehnilised võimalused; seda ei võimalda teabekandja tüüp; teabe suuliselt edastamine takistab ajalise kestuse tõttu ülemääraselt teabevaldaja põhiülesannete täitmist.",true,inForce,2002-06-01,,estleg:AVTS_Par_17_v26643
estleg:AVTS_Par_17_Lg_3,estleg:AVTS_Map,§ 17.,3,"(3) Teabevaldaja peab teabenõudja taotlusel väljastama dokumentide koopiad paberkandjal, kui teabekandja tüüp ja teabenõudja sideandmed seda võimaldavad ja kui teave ei ole avalikustatud.",true,inForce,2002-06-01,,estleg:AVTS_Par_17_v26643
estleg:AVTS_Par_17_Lg_4,estleg:AVTS_Map,§ 17.,4,"(4) Teabenõudja nõudel peab teabevaldaja väljastama teabe (sealhulgas avalikustatud teabe) ametliku kinnitusega, kui kinnitus on vajalik teabenõudja õiguste ja vabaduste kasutamiseks ning kohustuste täitmiseks.",true,inForce,2002-06-01,,estleg:AVTS_Par_17_v26643
estleg:AVTS_Par_17_Lg_5,estleg:AVTS_Map,§ 17.,5,"(5) Suuliselt väljastatakse teave üksnes juhul, kui: soovitakse andmeid teabenõudja esitatud avalduse, märgukirja või muu taotluse menetluse kohta; soovitakse andmeid selle kohta, kas teabevaldaja valduses on teabenõudja poolt soovitud teave.",true,inForce,2002-06-01,,estleg:AVTS_Par_17_v26643
estleg:AVTS_Par_17_Lg_6,estleg:AVTS_Map,§ 17.,6,(6) Teabenõude suulisel täitmisel ei ole teabenõude täitja kohustatud dokumente ette lugema.,true,inForce,2002-06-01,,estleg:AVTS_Par_17_v26643
estleg:AVTS_Par_17_Lg_7,estleg:AVTS_Map,§ 17.,7,"(7) Käesoleva paragrahvi lõikes 2 sätestatud juhtudel valib sobiva teabenõude täitmise viisi teabevaldaja, konsulteerides võimaluse korral enne teabenõude täitmist teabenõudjaga.",true,inForce,2002-06-01,,estleg:AVTS_Par_17_v26643
estleg:AVTS_Par_17_Lg_8,estleg:AVTS_Map,§ 17.,8,"(8) Kui teabenõudest ei selgu teabenõudja poolt taotletav teabenõude täitmise viis ja teabenõudjaga ei ole võimalik teabenõude täitmise viisi täpsustada teabenõude täitmiseks ettenähtud tähtaja jooksul, täidetakse teabenõue selles esitatud sideandmete alusel teabevaldaja valitud viisil, võimaluse korral eelistades teabenõude esitamise viisi.",true,inForce,2002-06-01,,estleg:AVTS_Par_17_v26643
estleg:AVTS_Par_18,estleg:AVTS_Map,§ 18.,,"(1) Teabenõue täidetakse viivituseta, kuid mitte hiljem kui viie tööpäeva jooksul. (2) Kui teabenõuet ei ole võimalik teabenõudja esitatud andmete puudulikkuse tõttu täita, siis teavitab teabevaldaja sellest teabenõudjat viie tööpäeva jooksul teabenõude täpsustamiseks. (3) Käesolevas seaduses sätestatud teabenõude menetluse tähtaegu arvestatakse alates teabenõude registreerimisele järgnevast tööpäevast.",true,inForce,2002-06-01,,estleg:AVTS_Par_18_v26643
estleg:AVTS_Par_18_Lg_1,estleg:AVTS_Map,§ 18.,1,"(1) Teabenõue täidetakse viivituseta, kuid mitte hiljem kui viie tööpäeva jooksul.",true,inForce,2002-06-01,,estleg:AVTS_Par_18_v26643
estleg:AVTS_Par_18_Lg_2,estleg:AVTS_Map,§ 18.,2,"(2) Kui teabenõuet ei ole võimalik teabenõudja esitatud andmete puudulikkuse tõttu täita, siis teavitab teabevaldaja sellest teabenõudjat viie tööpäeva jooksul teabenõude täpsustamiseks.",true,inForce,2002-06-01,,estleg:AVTS_Par_18_v26643
estleg:AVTS_Par_18_Lg_3,estleg:AVTS_Map,§ 18.,3,(3) Käesolevas seaduses sätestatud teabenõude menetluse tähtaegu arvestatakse alates teabenõude registreerimisele järgnevast tööpäevast.,true,inForce,2002-06-01,,estleg:AVTS_Par_18_v26643
estleg:AVTS_Par_19,estleg:AVTS_Map,§ 19.,,"Kui teabevaldajal on vaja teabenõuet täpsustada või kui teabe väljaselgitamine on aeganõudev, võib ta teabenõude täitmise tähtaega pikendada kuni 15 tööpäevani. Tähtaja pikendamisest koos põhjendustega teatab teabevaldaja teabenõudjale viie tööpäeva jooksul.",true,inForce,2002-06-01,,estleg:AVTS_Par_19_v26643
estleg:AVTS_Par_19_Lg_1,estleg:AVTS_Map,§ 19.,,"Kui teabevaldajal on vaja teabenõuet täpsustada või kui teabe väljaselgitamine on aeganõudev, võib ta teabenõude täitmise tähtaega pikendada kuni 15 tööpäevani. Tähtaja pikendamisest koos põhjendustega teatab teabevaldaja teabenõudjale viie tööpäeva jooksul.",true,inForce,2002-06-01,,estleg:AVTS_Par_19_v26643
estleg:AVTS_Par_1_Lg_1,estleg:AVTS_Map,§ 1.,,"Käesoleva seaduse eesmärk on tagada üldiseks kasutamiseks mõeldud teabele avalikkuse ja igaühe juurdepääsu võimalus, lähtudes demokraatliku ja sotsiaalse õigusriigi ning avatud ühiskonna põhimõtetest, ning luua võimalused avalikkuse kontrolliks avalike ülesannete täitmise üle.",true,inForce,2002-06-01,,estleg:AVTS_Par_1_v26643
estleg:AVTS_Par_2,estleg:AVTS_Map,§ 2.,,"(1) Käesolev seadus sätestab: avalikule teabele juurdepääsu ja selle taaskasutamise tingimused, korra ja viisid ning teabele juurdepääsu võimaldamisest keeldumise alused; piiratud juurdepääsuga avaliku teabe ja sellele juurdepääsu võimaldamise korra teiste seadustega reguleerimata osas; andmekogude asutamise ja haldamise alused ning järelevalve andmekogude haldamise üle; teabele juurdepääsu korraldamise üle riikliku järelevalve ja haldusjärelevalve teostamise korra. (2) Käesolevat seadust ei kohaldata: riigisaladuseks või salastatud välisteabeks oleva teabe suhtes kuni teabe salastatuse kustumiseni; juurdepääsu võimaldamisel arhivaalidele Rahvusarhiivis ja kohaliku omavalitsuse arhiivis arhiiviseaduses ja selle alusel sätestatud korras, välja arvatud juurdepääsupiirangute kehtestamise ja teabe taaskasutamise osas; märgukirjale ja selgitustaotlusele vastamise seaduses sätestatud korras märgukirjadele ja selgitustaotlustele vastamisele, kui vastamine eeldab jäädvustatud teabe analüüsimist, sünteesimist või täiendava teabe kogumist ja dokumenteerimist; teabele juurdepääsupiirangute, juurdepääsu eritingimuste, korra ja viiside osas, juhul kui need on eriseaduses või välislepingus sätestatud teisiti. (3) Käesolevas seaduses ettenähtud haldusmenetlusele kohaldatakse haldusmenetluse seaduse sätteid, arvestades käesoleva seaduse erisusi.",true,inForce,2016-01-16,,estleg:AVTS_Par_2_v106012016007
estleg:AVTS_Par_20,estleg:AVTS_Map,§ 20.,,"Teabenõue loetakse teabenõude saanud teabevaldaja poolt täidetuks, kui: teave on teabenõudjale edastatud seaduses sätestatud viisil; teabenõue on edastatud vastavalt kuuluvusele ja sellest on teabenõudjale teatatud; teabenõudjale on selgitatud võimalust tutvuda avalikustatud teabega.",true,inForce,2002-06-01,,estleg:AVTS_Par_20_v26643
estleg:AVTS_Par_20_Lg_1,estleg:AVTS_Map,§ 20.,,"Teabenõue loetakse teabenõude saanud teabevaldaja poolt täidetuks, kui: teave on teabenõudjale edastatud seaduses sätestatud viisil; teabenõue on edastatud vastavalt kuuluvusele ja sellest on teabenõudjale teatatud; teabenõudjale on selgitatud võimalust tutvuda avalikustatud teabega.",true,inForce,2002-06-01,,estleg:AVTS_Par_20_v26643
estleg:AVTS_Par_21,estleg:AVTS_Map,§ 21.,,"(1) Kui teabevaldaja ei valda taotletud teavet, selgitab ta välja pädeva teabevaldaja ja edastab talle teabenõude viivituseta, kuid mitte hiljem kui viie tööpäeva jooksul, teatades sellest samal ajal teabenõudjale. (2) Telefoni teel esitatud teabenõude võib jätta edastamata juhul, kui teabenõudjale teatatakse, kuhu teabenõudega tuleb pöörduda. (3) Eraõiguslikust juriidilisest isikust ja füüsilisest isikust teabevaldaja võib jätta teabenõude edastamata, teatades sellest teabenõudjale viivituseta, kuid mitte hiljem kui viie tööpäeva jooksul.",true,inForce,2002-06-01,,estleg:AVTS_Par_21_v26643
estleg:AVTS_Par_21_Lg_1,estleg:AVTS_Map,§ 21.,1,"(1) Kui teabevaldaja ei valda taotletud teavet, selgitab ta välja pädeva teabevaldaja ja edastab talle teabenõude viivituseta, kuid mitte hiljem kui viie tööpäeva jooksul, teatades sellest samal ajal teabenõudjale.",true,inForce,2002-06-01,,estleg:AVTS_Par_21_v26643
estleg:AVTS_Par_21_Lg_2,estleg:AVTS_Map,§ 21.,2,"(2) Telefoni teel esitatud teabenõude võib jätta edastamata juhul, kui teabenõudjale teatatakse, kuhu teabenõudega tuleb pöörduda.",true,inForce,2002-06-01,,estleg:AVTS_Par_21_v26643
estleg:AVTS_Par_21_Lg_3,estleg:AVTS_Map,§ 21.,3,"(3) Eraõiguslikust juriidilisest isikust ja füüsilisest isikust teabevaldaja võib jätta teabenõude edastamata, teatades sellest teabenõudjale viivituseta, kuid mitte hiljem kui viie tööpäeva jooksul.",true,inForce,2002-06-01,,estleg:AVTS_Par_21_v26643
estleg:AVTS_Par_22,estleg:AVTS_Map,§ 22.,,"Kui taotletud teave on avalikustatud käesolevas või muus seaduses sätestatud korras, võib teabevaldaja teavet väljastamata teatada sellest teabenõudjale viivituseta, kuid mitte hiljem kui viie tööpäeva jooksul, koos andmetega taotletavale teabele juurdepääsu viisi ja koha kohta, välja arvatud käesoleva seaduse § 17 lõikes 4 sätestatud juhul.",true,inForce,2002-06-01,,estleg:AVTS_Par_22_v26643
estleg:AVTS_Par_22_Lg_1,estleg:AVTS_Map,§ 22.,,"Kui taotletud teave on avalikustatud käesolevas või muus seaduses sätestatud korras, võib teabevaldaja teavet väljastamata teatada sellest teabenõudjale viivituseta, kuid mitte hiljem kui viie tööpäeva jooksul, koos andmetega taotletavale teabele juurdepääsu viisi ja koha kohta, välja arvatud käesoleva seaduse § 17 lõikes 4 sätestatud juhul.",true,inForce,2002-06-01,,estleg:AVTS_Par_22_v26643
estleg:AVTS_Par_23,estleg:AVTS_Map,§ 23.,,"(1) Teabevaldaja keeldub teabenõude täitmisest, kui: taotletava teabe suhtes kehtivad juurdepääsupiirangud ja teabenõudjal ei ole taotletavale teabele juurdepääsuõigust; ta ei valda taotletavat teavet ega tea, kes seda valdab, ning tal ei ole võimalik taotletava teabe valdajat kindlaks teha; teabenõude täitmine ei ole võimalik, kuna teabenõude täpsustamisel ei selgu, millist teavet teabenõudja taotleb; teabenõudja ei ole tasunud riigilõivu või teabenõude täitmise kulutuste eest, kui riigilõiv või tasu on seadusega ette nähtud ja teabevaldaja ei ole loobunud kulutuste katmise nõudest. (2) Teabevaldaja võib teabenõude täitmisest keelduda, kui: samale teabenõudjale on taotletav teave juba antud ja teabenõudja ei põhjenda vajadust saada teavet teist korda; füüsiliselt isikult ja eraõiguslikult juriidiliselt isikult taotletav teave ei käsitle avalike ülesannete täitmist; teabenõude täitmine nõuab taotletava teabe suure mahu tõttu teabevaldaja töökorralduse muutmist, takistab talle pandud avalike ülesannete täitmist või nõuab põhjendamatult suuri kulutusi; teabenõuet ei saa täita ühekordse teabe väljastamisega; teabenõude täitmiseks tuleb teavet täiendavalt süstematiseerida ja analüüsida ning selle alusel on vaja uus teave dokumenteerida. Selline teabenõue loetakse selgitustaotluseks ja sellele vastatakse märgukirjale ja selgitustaotlusele vastamise seadusega ettenähtud korras; kohus on tuvastanud, et teabenõudja teovõime on piiratud; teabenõudja sideandmed puuduvad. (3) Teabevaldaja teeb teabenõude täitmisest keeldumise koos põhjendusega teabenõudjale teatavaks viie tööpäeva jooksul.",true,inForce,2007-12-28,,estleg:AVTS_Par_23_v12895611
estleg:AVTS_Par_23_Lg_1,estleg:AVTS_Map,§ 23.,1,"(1) Teabevaldaja keeldub teabenõude täitmisest, kui: taotletava teabe suhtes kehtivad juurdepääsupiirangud ja teabenõudjal ei ole taotletavale teabele juurdepääsuõigust; ta ei valda taotletavat teavet ega tea, kes seda valdab, ning tal ei ole võimalik taotletava teabe valdajat kindlaks teha; teabenõude täitmine ei ole võimalik, kuna teabenõude täpsustamisel ei selgu, millist teavet teabenõudja taotleb; teabenõudja ei ole tasunud riigilõivu või teabenõude täitmise kulutuste eest, kui riigilõiv või tasu on seadusega ette nähtud ja teabevaldaja ei ole loobunud kulutuste katmise nõudest.",true,inForce,2007-12-28,,estleg:AVTS_Par_23_v12895611
estleg:AVTS_Par_23_Lg_2,estleg:AVTS_Map,§ 23.,2,"(2) Teabevaldaja võib teabenõude täitmisest keelduda, kui: samale teabenõudjale on taotletav teave juba antud ja teabenõudja ei põhjenda vajadust saada teavet teist korda; füüsiliselt isikult ja eraõiguslikult juriidiliselt isikult taotletav teave ei käsitle avalike ülesannete täitmist; teabenõude täitmine nõuab taotletava teabe suure mahu tõttu teabevaldaja töökorralduse muutmist, takistab talle pandud avalike ülesannete täitmist või nõuab põhjendamatult suuri kulutusi; teabenõuet ei saa täita ühekordse teabe väljastamisega; teabenõude täitmiseks tuleb teavet täiendavalt süstematiseerida ja analüüsida ning selle alusel on vaja uus teave dokumenteerida. Selline teabenõue loetakse selgitustaotluseks ja sellele vastatakse märgukirjale ja selgitustaotlusele vastamise seadusega ettenähtud korras; kohus on tuvastanud, et teabenõudja teovõime on piiratud; teabenõudja sideandmed puuduvad.",true,inForce,2007-12-28,,estleg:AVTS_Par_23_v12895611
estleg:AVTS_Par_23_Lg_3,estleg:AVTS_Map,§ 23.,3,(3) Teabevaldaja teeb teabenõude täitmisest keeldumise koos põhjendusega teabenõudjale teatavaks viie tööpäeva jooksul.,true,inForce,2007-12-28,,estleg:AVTS_Par_23_v12895611
estleg:AVTS_Par_24,estleg:AVTS_Map,§ 24.,,Kehtetu -,true,inForce,2011-01-16,,estleg:AVTS_Par_24_v106012011026
estleg:AVTS_Par_25,estleg:AVTS_Map,§ 25.,,"(1) Teabenõude täitmise kulud katab teabevaldaja, kui seadusega ei ole ette nähtud teisiti. Väärtuslike andmestike ja teadusandmete taaskasutamisse andmise kulud katab teabevaldaja. (2) Paberkandjal koopiate valmistamise ja väljatrükkide eest tasub teabenõudja kuni 0,19 eurot iga väljastatud lehekülje eest alates 21. leheküljest, kui seadusega ei ole teabe väljastamise eest riigilõivu ette nähtud. (3) Riigi- ja kohaliku omavalitsuse asutuse esitatud teabenõude täitmise kulud katab teabevaldaja. (4) Teabe taaskasutamisse andmise eest saadav tulu ei tohi ületada avaandmete paljundamiseks, esitamiseks ja levitamiseks ning isikuandmete anonüümimiseks ja ärisaladuse kaitsmiseks tehtud kulusid. (5) Teabevaldaja, kes peab katma olulise osa oma avalike ülesannete täitmisest tulenevatest kuludest, ning käesoleva seaduse § 5 lõike 1 punktis 3 ja lõikes 3 nimetatud teabevaldaja võib teabe taaskasutamisse andmise eest saadava tulu hulka lisaks käesoleva paragrahvi lõikes 4 nimetatud kuludele arvata ka mõistliku investeeringutulu. Mõistlikuks investeeringutuluks on kuni viis protsenti üle Euroopa Keskpanga põhirefinantseerimisoperatsioonidele kohaldatava fikseeritud intressimäära. (6) Kui teabe taaskasutamise eest võetakse tasu, avalikustab teabevaldaja oma veebilehel tasu suuruse, tasu võtmise tingimused ja tasu arvutamise alused ning korraldab vähemalt iga kolme aasta järel vajaduse korral tasude ümberhindamise. (7) Teabevaldaja, kes peab katma olulise osa oma avalike ülesannete täitmisest tulenevatest kuludest ja võtab käesoleva paragrahvi lõikes 5 nimetatud tasu, teavitab tasu võtmisest käesoleva seaduse § 321 lõikes 2 nimetatud asutust. (8) Käesoleva paragrahvi lõike 5 alusel tasu võtvate teabevaldajate nimekiri avalikustatakse Eesti teabeväravas.",true,inForce,2021-12-10,,estleg:AVTS_Par_25_v130112021017
estleg:AVTS_Par_25_Lg_1,estleg:AVTS_Map,§ 25.,1,"(1) Teabenõude täitmise kulud katab teabevaldaja, kui seadusega ei ole ette nähtud teisiti. Väärtuslike andmestike ja teadusandmete taaskasutamisse andmise kulud katab teabevaldaja.",true,inForce,2021-12-10,,estleg:AVTS_Par_25_v130112021017
estleg:AVTS_Par_25_Lg_2,estleg:AVTS_Map,§ 25.,2,"(2) Paberkandjal koopiate valmistamise ja väljatrükkide eest tasub teabenõudja kuni 0,19 eurot iga väljastatud lehekülje eest alates 21. leheküljest, kui seadusega ei ole teabe väljastamise eest riigilõivu ette nähtud.",true,inForce,2021-12-10,,estleg:AVTS_Par_25_v130112021017
estleg:AVTS_Par_25_Lg_3,estleg:AVTS_Map,§ 25.,3,(3) Riigi- ja kohaliku omavalitsuse asutuse esitatud teabenõude täitmise kulud katab teabevaldaja.,true,inForce,2021-12-10,,estleg:AVTS_Par_25_v130112021017
estleg:AVTS_Par_25_Lg_4,estleg:AVTS_Map,§ 25.,4,"(4) Teabe taaskasutamisse andmise eest saadav tulu ei tohi ületada avaandmete paljundamiseks, esitamiseks ja levitamiseks ning isikuandmete anonüümimiseks ja ärisaladuse kaitsmiseks tehtud kulusid.",true,inForce,2021-12-10,,estleg:AVTS_Par_25_v130112021017
estleg:AVTS_Par_25_Lg_5,estleg:AVTS_Map,§ 25.,5,"(5) Teabevaldaja, kes peab katma olulise osa oma avalike ülesannete täitmisest tulenevatest kuludest, ning käesoleva seaduse § 5 lõike 1 punktis 3 ja lõikes 3 nimetatud teabevaldaja võib teabe taaskasutamisse andmise eest saadava tulu hulka lisaks käesoleva paragrahvi lõikes 4 nimetatud kuludele arvata ka mõistliku investeeringutulu. Mõistlikuks investeeringutuluks on kuni viis protsenti üle Euroopa Keskpanga põhirefinantseerimisoperatsioonidele kohaldatava fikseeritud intressimäära.",true,inForce,2021-12-10,,estleg:AVTS_Par_25_v130112021017
estleg:AVTS_Par_25_Lg_6,estleg:AVTS_Map,§ 25.,6,"(6) Kui teabe taaskasutamise eest võetakse tasu, avalikustab teabevaldaja oma veebilehel tasu suuruse, tasu võtmise tingimused ja tasu arvutamise alused ning korraldab vähemalt iga kolme aasta järel vajaduse korral tasude ümberhindamise.",true,inForce,2021-12-10,,estleg:AVTS_Par_25_v130112021017
estleg:AVTS_Par_25_Lg_7,estleg:AVTS_Map,§ 25.,7,"(7) Teabevaldaja, kes peab katma olulise osa oma avalike ülesannete täitmisest tulenevatest kuludest ja võtab käesoleva paragrahvi lõikes 5 nimetatud tasu, teavitab tasu võtmisest käesoleva seaduse § 321 lõikes 2 nimetatud asutust.",true,inForce,2021-12-10,,estleg:AVTS_Par_25_v130112021017
estleg:AVTS_Par_25_Lg_8,estleg:AVTS_Map,§ 25.,8,(8) Käesoleva paragrahvi lõike 5 alusel tasu võtvate teabevaldajate nimekiri avalikustatakse Eesti teabeväravas.,true,inForce,2021-12-10,,estleg:AVTS_Par_25_v130112021017
estleg:AVTS_Par_26,estleg:AVTS_Map,§ 26.,,"Teabevaldaja võib vabastada teabenõudja käesoleva seaduse § 25 lõikes 2 sätestatud kulude katmisest, kui: kulude sissenõudmine ei ole majanduslikult otstarbekas; teabenõudjale on teave vajalik teadusliku töö tegemiseks; teabenõudjale on teave vajalik oma õiguste ja vabaduste teostamiseks või kohustuste täitmiseks ja tal ei ole majanduslikke võimalusi kulude katmiseks.",true,inForce,2002-06-01,,estleg:AVTS_Par_26_v26643
estleg:AVTS_Par_26_Lg_1,estleg:AVTS_Map,§ 26.,,"Teabevaldaja võib vabastada teabenõudja käesoleva seaduse § 25 lõikes 2 sätestatud kulude katmisest, kui: kulude sissenõudmine ei ole majanduslikult otstarbekas; teabenõudjale on teave vajalik teadusliku töö tegemiseks; teabenõudjale on teave vajalik oma õiguste ja vabaduste teostamiseks või kohustuste täitmiseks ja tal ei ole majanduslikke võimalusi kulude katmiseks.",true,inForce,2002-06-01,,estleg:AVTS_Par_26_v26643
estleg:AVTS_Par_27,estleg:AVTS_Map,§ 27.,,(1) Teabenõudja tasub teabevaldajale enne teabe väljastamist. (2) Teabe või dokumendi väljastamise eest ette nähtud riigilõiv tasutakse enne teabe väljastamist riigilõivuseaduses sätestatud määra järgi. (3) Teabevaldaja on kohustatud teabenõudjale väljastama vastuvõetud summade kohta kviitungi.,true,inForce,2007-01-01,,estleg:AVTS_Par_27_v12766090
estleg:AVTS_Par_27_Lg_1,estleg:AVTS_Map,§ 27.,1,(1) Teabenõudja tasub teabevaldajale enne teabe väljastamist.,true,inForce,2007-01-01,,estleg:AVTS_Par_27_v12766090
estleg:AVTS_Par_27_Lg_2,estleg:AVTS_Map,§ 27.,2,(2) Teabe või dokumendi väljastamise eest ette nähtud riigilõiv tasutakse enne teabe väljastamist riigilõivuseaduses sätestatud määra järgi.,true,inForce,2007-01-01,,estleg:AVTS_Par_27_v12766090
estleg:AVTS_Par_27_Lg_3,estleg:AVTS_Map,§ 27.,3,(3) Teabevaldaja on kohustatud teabenõudjale väljastama vastuvõetud summade kohta kviitungi.,true,inForce,2007-01-01,,estleg:AVTS_Par_27_v12766090
estleg:AVTS_Par_28,estleg:AVTS_Map,§ 28.,,"(1) Teabevaldaja on kohustatud avalikustama järgmise tema ülesannetega seotud olemasoleva teabe: riigi ja kohaliku omavalitsuse üksuste üldistava majandusstatistika ja majandusprognoosid; kuritegevuse ja väärtegude üldistava statistika; riigi- ja kohaliku omavalitsuse asutuste ning nende struktuuriüksuste põhimäärused; riigi- ja kohaliku omavalitsuse asutustele esitatavate avalduste ja muude dokumentide vormid ning nende täitmise juhendi; riigi ja kohaliku omavalitsuse ametnike ametijuhendid; riigi- ja kohaliku omavalitsuse asutuste koosseisud ja neis asutustes ettenähtud ametikohti täitvate ametnike ees- ja perekonnanimed, hariduse ja eriala, telefoninumbrid ning elektronpostiaadressid; andmed ohu kohta inimeste elule, tervisele ja varale; riigi- ja kohaliku omavalitsuse asutuste töötulemuste ja ülesannete täitmise aruanded; avalik-õiguslike juriidiliste isikute nõukogu ja juhatuse liikmete nimed ning elektronpostiaadressid; avalik-õiguslike juriidiliste isikute tegevusaruanded ja tulude-kulude aruanded; riigiasutuste ja kohaliku omavalitsuse üksuste ning kohaliku omavalitsuse asutuste eelarvete eelnõud ja eelarved ning nende täitmise aruanded; andmed riigieelarve tulude laekumise kohta; andmed keskkonnaseisundi, keskkonnakahjustuste ja ohtlike keskkonnamõjude kohta; riikliku järelevalve, haldusjärelevalve ja teenistusliku järelevalve käigus tehtud ettekirjutused ning otsused nende jõustumisest alates; konkurentsijärelevalvemenetluses tehtud jõustunud otsuse, millega tuvastatakse keelatud teo toimepanemine, kohustatakse see lõpetama või kiidetakse heaks kohustuse võtmine; ministeeriumides valminud seaduste ja Vabariigi Valitsuse määruste eelnõud koos seletuskirjadega nende kooskõlastamiseks saatmisel ja Vabariigi Valitsusele esitamisel; ministri ja kohaliku omavalitsuse organite määruste eelnõud koos seletuskirjadega enne nende vastuvõtmiseks esitamist; kontseptsioonide, arengukavade, programmide ja muude üldise tähtsusega projektide eelnõud enne pädevatele organit",true,inForce,2025-07-06,,estleg:AVTS_Par_28_v105072025002
estleg:AVTS_Par_28_Lg_1,estleg:AVTS_Map,§ 28.,1,"(1) Teabevaldaja on kohustatud avalikustama järgmise tema ülesannetega seotud olemasoleva teabe: riigi ja kohaliku omavalitsuse üksuste üldistava majandusstatistika ja majandusprognoosid; kuritegevuse ja väärtegude üldistava statistika; riigi- ja kohaliku omavalitsuse asutuste ning nende struktuuriüksuste põhimäärused; riigi- ja kohaliku omavalitsuse asutustele esitatavate avalduste ja muude dokumentide vormid ning nende täitmise juhendi; riigi ja kohaliku omavalitsuse ametnike ametijuhendid; riigi- ja kohaliku omavalitsuse asutuste koosseisud ja neis asutustes ettenähtud ametikohti täitvate ametnike ees- ja perekonnanimed, hariduse ja eriala, telefoninumbrid ning elektronpostiaadressid; andmed ohu kohta inimeste elule, tervisele ja varale; riigi- ja kohaliku omavalitsuse asutuste töötulemuste ja ülesannete täitmise aruanded; avalik-õiguslike juriidiliste isikute nõukogu ja juhatuse liikmete nimed ning elektronpostiaadressid; avalik-õiguslike juriidiliste isikute tegevusaruanded ja tulude-kulude aruanded; riigiasutuste ja kohaliku omavalitsuse üksuste ning kohaliku omavalitsuse asutuste eelarvete eelnõud ja eelarved ning nende täitmise aruanded; andmed riigieelarve tulude laekumise kohta; andmed keskkonnaseisundi, keskkonnakahjustuste ja ohtlike keskkonnamõjude kohta; riikliku järelevalve, haldusjärelevalve ja teenistusliku järelevalve käigus tehtud ettekirjutused ning otsused nende jõustumisest alates; konkurentsijärelevalvemenetluses tehtud jõustunud otsuse, millega tuvastatakse keelatud teo toimepanemine, kohustatakse see lõpetama või kiidetakse heaks kohustuse võtmine; ministeeriumides valminud seaduste ja Vabariigi Valitsuse määruste eelnõud koos seletuskirjadega nende kooskõlastamiseks saatmisel ja Vabariigi Valitsusele esitamisel; ministri ja kohaliku omavalitsuse organite määruste eelnõud koos seletuskirjadega enne nende vastuvõtmiseks esitamist; kontseptsioonide, arengukavade, programmide ja muude üldise tähtsusega projektide eelnõud enne pädevatele organit",true,inForce,2025-07-06,,estleg:AVTS_Par_28_v105072025002
estleg:AVTS_Par_28_Lg_2,estleg:AVTS_Map,§ 28.,2,"(2) Teabe avalikustamise korral peab olema märgitud, kes, millal ja millise toiminguga (kehtestamine, kinnitamine, registreerimine või muu ametlik toiming) on avalikustatava teabe dokumenteerinud ning kellelt saab avalikustatud teabe kohta selgitusi.",true,inForce,2025-07-06,,estleg:AVTS_Par_28_v105072025002
estleg:AVTS_Par_29,estleg:AVTS_Map,§ 29.,,"(1) Käesoleva seaduse § 28 lõikes 1 loetletud teave tuleb käesoleva seaduse §-s 31 nimetatud teabevaldajal avalikustada veebilehel, või lisatakse veebilehe link, mille kaudu on teave kättesaadav. (2) Lisaks veebilehele võib käesoleva seaduse § 28 lõikes 1 loetletud teabe avalikustada: tele- või raadioprogrammis või trükiajakirjanduses; dokumendi väljapanekuga üldiseks tutvumiseks kohaliku omavalitsuse asutuses või rahvaraamatukogus; ametlikus väljaandes; muul seadusega või selle alusel vastuvõetud õigusaktiga ettenähtud viisil. (3) Käesoleva seaduse § 28 lõike 1 punktides 1–4, 7, 8, 10–13, 15–24, 26, 27, 311 ja 312 nimetatud avaandmed avalikustab teabevaldaja § 31 lõikes 4 sätestatud viisil. (4) Kehtetu - (5) Käesoleva seaduse § 28 lõike 1 punktis 30 nimetatud teabe üldisele kasutamisele piirangute seadmisel lähtub käesoleva seaduse § 434 lõikes 1 nimetatud teabevaldaja käesoleva seaduse §-s 31 sätestatust ning avalikustab üldiseks kasutamiseks antavad andmekogu andmed (edaspidi andmekogu avaandmed) juhul, kui see on võimalik ja asjakohane, ajakohasena ning viisil ja vormis, mis võimaldab andmekogu avaandmed alla laadida tervikliku andmekogumina koos metaandmetega masinloetaval kujul ning avatud vormingus. Kui andmekogu avaandmete masinloetavale kujule või avatud vormingusse viimine ei ole võimalik või see nõuab ebaproportsionaalselt suuri pingutusi, tagab teabevaldaja andmekogu avaandmete avalikustamise nende algkujul või mis tahes muus vormingus. (6) Masinloetaval kujul avaandmed peavad olema juurdepääsetavad Eesti teabevärava kaudu.",true,inForce,2021-12-10,,estleg:AVTS_Par_29_v130112021017
estleg:AVTS_Par_29_Lg_1,estleg:AVTS_Map,§ 29.,1,"(1) Käesoleva seaduse § 28 lõikes 1 loetletud teave tuleb käesoleva seaduse §-s 31 nimetatud teabevaldajal avalikustada veebilehel, või lisatakse veebilehe link, mille kaudu on teave kättesaadav.",true,inForce,2021-12-10,,estleg:AVTS_Par_29_v130112021017
estleg:AVTS_Par_29_Lg_2,estleg:AVTS_Map,§ 29.,2,(2) Lisaks veebilehele võib käesoleva seaduse § 28 lõikes 1 loetletud teabe avalikustada: tele- või raadioprogrammis või trükiajakirjanduses; dokumendi väljapanekuga üldiseks tutvumiseks kohaliku omavalitsuse asutuses või rahvaraamatukogus; ametlikus väljaandes; muul seadusega või selle alusel vastuvõetud õigusaktiga ettenähtud viisil.,true,inForce,2021-12-10,,estleg:AVTS_Par_29_v130112021017
estleg:AVTS_Par_29_Lg_3,estleg:AVTS_Map,§ 29.,3,"(3) Käesoleva seaduse § 28 lõike 1 punktides 1–4, 7, 8, 10–13, 15–24, 26, 27, 311 ja 312 nimetatud avaandmed avalikustab teabevaldaja § 31 lõikes 4 sätestatud viisil.",true,inForce,2021-12-10,,estleg:AVTS_Par_29_v130112021017
estleg:AVTS_Par_29_Lg_4,estleg:AVTS_Map,§ 29.,4,(4) Kehtetu -,true,inForce,2021-12-10,,estleg:AVTS_Par_29_v130112021017
estleg:AVTS_Par_29_Lg_5,estleg:AVTS_Map,§ 29.,5,"(5) Käesoleva seaduse § 28 lõike 1 punktis 30 nimetatud teabe üldisele kasutamisele piirangute seadmisel lähtub käesoleva seaduse § 434 lõikes 1 nimetatud teabevaldaja käesoleva seaduse §-s 31 sätestatust ning avalikustab üldiseks kasutamiseks antavad andmekogu andmed (edaspidi andmekogu avaandmed) juhul, kui see on võimalik ja asjakohane, ajakohasena ning viisil ja vormis, mis võimaldab andmekogu avaandmed alla laadida tervikliku andmekogumina koos metaandmetega masinloetaval kujul ning avatud vormingus. Kui andmekogu avaandmete masinloetavale kujule või avatud vormingusse viimine ei ole võimalik või see nõuab ebaproportsionaalselt suuri pingutusi, tagab teabevaldaja andmekogu avaandmete avalikustamise nende algkujul või mis tahes muus vormingus.",true,inForce,2021-12-10,,estleg:AVTS_Par_29_v130112021017
estleg:AVTS_Par_29_Lg_6,estleg:AVTS_Map,§ 29.,6,(6) Masinloetaval kujul avaandmed peavad olema juurdepääsetavad Eesti teabevärava kaudu.,true,inForce,2021-12-10,,estleg:AVTS_Par_29_v130112021017
estleg:AVTS_Par_2_Lg_1,estleg:AVTS_Map,§ 2.,1,"(1) Käesolev seadus sätestab: avalikule teabele juurdepääsu ja selle taaskasutamise tingimused, korra ja viisid ning teabele juurdepääsu võimaldamisest keeldumise alused; piiratud juurdepääsuga avaliku teabe ja sellele juurdepääsu võimaldamise korra teiste seadustega reguleerimata osas; andmekogude asutamise ja haldamise alused ning järelevalve andmekogude haldamise üle; teabele juurdepääsu korraldamise üle riikliku järelevalve ja haldusjärelevalve teostamise korra.",true,inForce,2016-01-16,,estleg:AVTS_Par_2_v106012016007
estleg:AVTS_Par_2_Lg_2,estleg:AVTS_Map,§ 2.,2,"(2) Käesolevat seadust ei kohaldata: riigisaladuseks või salastatud välisteabeks oleva teabe suhtes kuni teabe salastatuse kustumiseni; juurdepääsu võimaldamisel arhivaalidele Rahvusarhiivis ja kohaliku omavalitsuse arhiivis arhiiviseaduses ja selle alusel sätestatud korras, välja arvatud juurdepääsupiirangute kehtestamise ja teabe taaskasutamise osas; märgukirjale ja selgitustaotlusele vastamise seaduses sätestatud korras märgukirjadele ja selgitustaotlustele vastamisele, kui vastamine eeldab jäädvustatud teabe analüüsimist, sünteesimist või täiendava teabe kogumist ja dokumenteerimist; teabele juurdepääsupiirangute, juurdepääsu eritingimuste, korra ja viiside osas, juhul kui need on eriseaduses või välislepingus sätestatud teisiti.",true,inForce,2016-01-16,,estleg:AVTS_Par_2_v106012016007
estleg:AVTS_Par_2_Lg_3,estleg:AVTS_Map,§ 2.,3,"(3) Käesolevas seaduses ettenähtud haldusmenetlusele kohaldatakse haldusmenetluse seaduse sätteid, arvestades käesoleva seaduse erisusi.",true,inForce,2016-01-16,,estleg:AVTS_Par_2_v106012016007
estleg:AVTS_Par_3,estleg:AVTS_Map,§ 3.,,"(1) Avalik teave (edaspidi teave) on mis tahes viisil ja mis tahes teabekandjale jäädvustatud ja dokumenteeritud teave, mis on saadud või loodud seaduses või selle alusel antud õigusaktides sätestatud avalikke ülesandeid täites. (2) Käesoleva paragrahvi lõikes 1 nimetatud teabele juurdepääsu võib piirata seaduses sätestatud korras.",true,inForce,2002-06-01,,estleg:AVTS_Par_3_v26643
estleg:AVTS_Par_30,estleg:AVTS_Map,§ 30.,,"(1) Teabevaldaja on kohustatud teabe avalikustama viisil, mis tagab selle jõudmise võimalikult kiiresti igaüheni, kes teavet vajab. Teabevaldaja ei ole kohustatud teabe avalikustamiseks taaskasutamise eesmärgil teavet täiendavalt süstematiseerima või analüüsima, kui see nõuab ebaproportsionaalseid pingutusi. (2) Kui teabe avalikustamise viis on ette nähtud eriseaduse või välislepinguga, kohaldatakse teabe avalikustamisel eriseaduses või välislepingus sätestatud viisi ja avalikustatakse teave ka veebilehel, kui selline kohustus tuleneb käesoleva seaduse §-st 31. (3) Teabevaldaja on kohustatud viivitamata avalikustama teabe inimeste elu, tervist või vara või keskkonda ähvardava ohu kohta, valides selleks kiireima ja sobivaima viisi, et ohtu vältida ja võimalikke tagajärgi leevendada. (4) Riigi- ja kohaliku omavalitsuse asutused on kohustatud edastama meediateenuse osutajatele või trükiajakirjandusele avalikustamiseks nende valduses oleva teabe sündmuste ja faktide kohta, mille puhul on eeldada avalikkuse huvi.",true,inForce,2012-12-29,,estleg:AVTS_Par_30_v119122012004
estleg:AVTS_Par_30_Lg_1,estleg:AVTS_Map,§ 30.,1,"(1) Teabevaldaja on kohustatud teabe avalikustama viisil, mis tagab selle jõudmise võimalikult kiiresti igaüheni, kes teavet vajab. Teabevaldaja ei ole kohustatud teabe avalikustamiseks taaskasutamise eesmärgil teavet täiendavalt süstematiseerima või analüüsima, kui see nõuab ebaproportsionaalseid pingutusi.",true,inForce,2012-12-29,,estleg:AVTS_Par_30_v119122012004
estleg:AVTS_Par_30_Lg_2,estleg:AVTS_Map,§ 30.,2,"(2) Kui teabe avalikustamise viis on ette nähtud eriseaduse või välislepinguga, kohaldatakse teabe avalikustamisel eriseaduses või välislepingus sätestatud viisi ja avalikustatakse teave ka veebilehel, kui selline kohustus tuleneb käesoleva seaduse §-st 31.",true,inForce,2012-12-29,,estleg:AVTS_Par_30_v119122012004
estleg:AVTS_Par_30_Lg_3,estleg:AVTS_Map,§ 30.,3,"(3) Teabevaldaja on kohustatud viivitamata avalikustama teabe inimeste elu, tervist või vara või keskkonda ähvardava ohu kohta, valides selleks kiireima ja sobivaima viisi, et ohtu vältida ja võimalikke tagajärgi leevendada.",true,inForce,2012-12-29,,estleg:AVTS_Par_30_v119122012004
estleg:AVTS_Par_30_Lg_4,estleg:AVTS_Map,§ 30.,4,"(4) Riigi- ja kohaliku omavalitsuse asutused on kohustatud edastama meediateenuse osutajatele või trükiajakirjandusele avalikustamiseks nende valduses oleva teabe sündmuste ja faktide kohta, mille puhul on eeldada avalikkuse huvi.",true,inForce,2012-12-29,,estleg:AVTS_Par_30_v119122012004
estleg:AVTS_Par_31,estleg:AVTS_Map,§ 31.,,"(1) Riigikogu Kantselei, Vabariigi Presidendi Kantselei, Õiguskantsleri Kantselei, Riigikontroll, kohtud, valitsusasutused ja avalik-õiguslikud juriidilised isikud on kohustatud pidama teabe avalikustamiseks veebilehte. (2) Linna- ja vallavalitsus korraldab veebilehe pidamise oma linna või valla organite ja asutuste tegevuse kajastamiseks ja nende valduses oleva teabe avalikustamiseks. Linna- ja vallavalitsused võivad lepingu alusel korraldada ühise veebilehe pidamist. (3) Riigikantselei ja ministeeriumid on kohustatud kasutusele võtma abinõud hallatavate riigiasutuste poolt veebilehtede pidamiseks.",true,inForce,2018-01-01,,estleg:AVTS_Par_31_v104072017011
estleg:AVTS_Par_31_Lg_1,estleg:AVTS_Map,§ 31.,1,"(1) Riigikogu Kantselei, Vabariigi Presidendi Kantselei, Õiguskantsleri Kantselei, Riigikontroll, kohtud, valitsusasutused ja avalik-õiguslikud juriidilised isikud on kohustatud pidama teabe avalikustamiseks veebilehte.",true,inForce,2018-01-01,,estleg:AVTS_Par_31_v104072017011
estleg:AVTS_Par_31_Lg_2,estleg:AVTS_Map,§ 31.,2,(2) Linna- ja vallavalitsus korraldab veebilehe pidamise oma linna või valla organite ja asutuste tegevuse kajastamiseks ja nende valduses oleva teabe avalikustamiseks. Linna- ja vallavalitsused võivad lepingu alusel korraldada ühise veebilehe pidamist.,true,inForce,2018-01-01,,estleg:AVTS_Par_31_v104072017011
estleg:AVTS_Par_31_Lg_3,estleg:AVTS_Map,§ 31.,3,(3) Riigikantselei ja ministeeriumid on kohustatud kasutusele võtma abinõud hallatavate riigiasutuste poolt veebilehtede pidamiseks.,true,inForce,2018-01-01,,estleg:AVTS_Par_31_v104072017011
estleg:AVTS_Par_32,estleg:AVTS_Map,§ 32.,,"(1) Veebilehte või mobiilirakendust pidav teabevaldaja: teavitab avalikkust veebilehe või mobiilirakendusega tutvumise võimalustest, avaldades viite veebilehele või mobiilirakendusele; avaldab veebilehel või mobiilirakenduses päevakohast teavet; ei või avaldada veebilehel või mobiilirakenduses teavet, mis ei vasta tegelikkusele või on eksitav; märgib veebilehel või mobiilirakenduses iga dokumendi avaldamise kuupäeva ja teabe uuendamise aja; rakendab viivitamata abinõusid veebilehele või mobiilirakendusele juurdepääsu takistavate tehniliste probleemide kõrvaldamiseks; teeb veebilehe või mobiilirakenduse käesoleva paragrahvi lõike 2 alusel kehtestatud nõuetele vastavalt ligipääsetavaks, välja arvatud juhul, kui see nõuab ebaproportsionaalselt suurt pingutust; avaldab veebilehe või mobiilirakenduse ligipääsetavust kirjeldava teabe veebilehel või mobiilirakenduse allalaadimise keskkonnas. (2) Veebilehe ja mobiilirakenduse ligipääsetavuse nõuded ning ligipääsetavust kirjeldava teabe avaldamise korra kehtestab määrusega. (3) Käesoleva paragrahvi lõike 1 punktis 6 sätestatud ligipääsetavuse kohustus ei laiene Euroopa Parlamendi ja nõukogu direktiivi (EL) 2016/2102, mis käsitleb avaliku sektori asutuste veebisaitide ja mobiilirakenduste juurdepääsetavust (ELT L 327, 02.12.2016, lk 1–15), artikli 1 lõikes 4 nimetatud veebilehtede ja mobiilirakenduste sisule. (4) Käesoleva paragrahvi lõike 1 punkti 6 tähenduses on pingutus ebaproportsionaalselt suur, kui teabevaldaja suurust, ressurssi ja tüüpi ning veebilehe või mobiilirakenduse kasutamise sagedust ja kestust arvestades toob veebilehe või mobiilirakenduse ligipääsetavaks tegemine kaasa ebamõistlikud kulud. (5) Riigikantselei ja ministeeriumi veebilehelt peab olema võimalik otse juurde pääseda nende haldusala asutuste veebilehtedele. (6) Käesoleva paragrahvi lõike 1 punktides 6 ja 7 sätestatut ei kohaldata: meediateenust osutavale teabevaldajale; koolidele, lasteaedadele ja lastehoidudele, välja arvatud üldinfo, sealhulgas va",true,inForce,2025-09-01,,estleg:AVTS_Par_32_v105072025003
estleg:AVTS_Par_32_1,estleg:AVTS_Map,§ 32¹.,,"(1) Eesti teabevärav on riiklik keskne kontaktpunkt koos andmekoguga, mille kaudu isik pääseb ligi: teabevaldaja tegevusvaldkonda ja üldkasutatavaid teenuseid puudutavale avalikkusele suunatud teabele; isikule suunatud isikustatud teabele; taaskasutatavale teabele; otsestele avalikele e-teenustele ja neid toetavatele tugiteenustele. (1¹) Eesti teabevärava eesmärk on võimaldada isikul saada teabevaldajalt ülevaade tegevusvaldkonnaga seotud õigustest, kohustustest ja alustatud menetluste seisust ning leida teave ja teenused lihtsalt ja mugavalt ühest kohast. (1²) Eesti teabeväravas töödeldakse järgmisi isikuandmeid: füüsilise isiku üldandmed, allkirja kujutis, foto, sünniaeg, sünnikoht ja rahvus; abikaasaga või registreeritud elukaaslasega seotud andmed; alaealiste lastega seotud andmed; elukohaga, sealhulgas varasemate elukohtadega, seotud andmed; füüsilise isiku seos juriidilise isikuga ning seotud juriidilise isiku nimi, registrikood ja kontaktandmed; hüvitiste, toetuste, pensioni ja arvelduskontoga seotud andmed; isiku ametlikule riiklikule e-posti aadressile saadetud kirjad; isiku ametlikule riiklikule e-posti aadressile saadetud teavitused samale e-posti aadressile saadetud kirjade kohta; isiku telefoninumbrile saadetud teavitused tema ametlikule riiklikule e-posti aadressile saadetud kirjade kohta; isikut tõendavate dokumentide andmed; isikule väljastatud lubade ja tegevuskeeldudega seotud andmed; isiku karistatuse ja täitemenetlusega seotud andmed; kohanemisprogrammis, sealhulgas eesti keele õppes, osalemise andmed; logiandmed; menetlusseisuga seotud andmed; poliitilise kuuluvuse ja usulise enesemääratluse andmed; terviseandmed; töö ja haridusega seotud andmed; varaliste õigustega seotud andmed. (2) Eesti teabevärava kaasvastutavad töötlejad on Eesti teabeväravat kasutavad teabevaldajad, Justiits- ja Digiministeerium ning Riigi Infosüsteemi Amet. (2¹) Eesti teabeväravas säilitatakse: isikuandmeid teenuste üksikpäringu korral isikustatud sessiooni lõpuni, kuid ",true,inForce,2026-03-16,,estleg:AVTS_Par_32_1_v106032026003
estleg:AVTS_Par_32_1_Lg_1,estleg:AVTS_Map,§ 32¹.,1,"(1) Eesti teabevärav on riiklik keskne kontaktpunkt koos andmekoguga, mille kaudu isik pääseb ligi: teabevaldaja tegevusvaldkonda ja üldkasutatavaid teenuseid puudutavale avalikkusele suunatud teabele; isikule suunatud isikustatud teabele; taaskasutatavale teabele; otsestele avalikele e-teenustele ja neid toetavatele tugiteenustele.",true,inForce,2026-03-16,,estleg:AVTS_Par_32_1_v106032026003
estleg:AVTS_Par_32_1_Lg_1_1,estleg:AVTS_Map,§ 32¹.,1¹,"(1¹) Eesti teabevärava eesmärk on võimaldada isikul saada teabevaldajalt ülevaade tegevusvaldkonnaga seotud õigustest, kohustustest ja alustatud menetluste seisust ning leida teave ja teenused lihtsalt ja mugavalt ühest kohast.",true,inForce,2026-03-16,,estleg:AVTS_Par_32_1_v106032026003
estleg:AVTS_Par_32_1_Lg_1_2,estleg:AVTS_Map,§ 32¹.,1²,"(1²) Eesti teabeväravas töödeldakse järgmisi isikuandmeid: füüsilise isiku üldandmed, allkirja kujutis, foto, sünniaeg, sünnikoht ja rahvus; abikaasaga või registreeritud elukaaslasega seotud andmed; alaealiste lastega seotud andmed; elukohaga, sealhulgas varasemate elukohtadega, seotud andmed; füüsilise isiku seos juriidilise isikuga ning seotud juriidilise isiku nimi, registrikood ja kontaktandmed; hüvitiste, toetuste, pensioni ja arvelduskontoga seotud andmed; isiku ametlikule riiklikule e-posti aadressile saadetud kirjad; isiku ametlikule riiklikule e-posti aadressile saadetud teavitused samale e-posti aadressile saadetud kirjade kohta; isiku telefoninumbrile saadetud teavitused tema ametlikule riiklikule e-posti aadressile saadetud kirjade kohta; isikut tõendavate dokumentide andmed; isikule väljastatud lubade ja tegevuskeeldudega seotud andmed; isiku karistatuse ja täitemenetlusega seotud andmed; kohanemisprogrammis, sealhulgas eesti keele õppes, osalemise andmed; logiandmed; menetlusseisuga seotud andmed; poliitilise kuuluvuse ja usulise enesemääratluse andmed; terviseandmed; töö ja haridusega seotud andmed; varaliste õigustega seotud andmed.",true,inForce,2026-03-16,,estleg:AVTS_Par_32_1_v106032026003
estleg:AVTS_Par_32_1_Lg_2,estleg:AVTS_Map,§ 32¹.,2,"(2) Eesti teabevärava kaasvastutavad töötlejad on Eesti teabeväravat kasutavad teabevaldajad, Justiits- ja Digiministeerium ning Riigi Infosüsteemi Amet.",true,inForce,2026-03-16,,estleg:AVTS_Par_32_1_v106032026003
estleg:AVTS_Par_32_1_Lg_2_1,estleg:AVTS_Map,§ 32¹.,2¹,"(2¹) Eesti teabeväravas säilitatakse: isikuandmeid teenuste üksikpäringu korral isikustatud sessiooni lõpuni, kuid mitte kauem kui 30 minutit päringu tegemisest arvates; teabevärava mobiilirakenduse kaudu tehtava kontrollpäringuga saadud fotot 30 päeva; nõusolekut teabevärava töölauapäringuteks üks aasta nõusoleku andmisest arvates või kuni selle tagasivõtmiseni; isikuandmeid nõusolekupõhise kuvamise korral 30 päeva pärast omavahel seotud haldusmenetlustest viimase lõppemist või nõusoleku tagasivõtmise korral 30 päeva nõusoleku tagasivõtmisest arvates; isiku ametlikule riiklikule e-posti aadressile saadetud kirja kolm aastat selle saabumisest arvates; logiandmeid kolm aastat nende tekkimisest arvates.",true,inForce,2026-03-16,,estleg:AVTS_Par_32_1_v106032026003
estleg:AVTS_Par_32_1_Lg_3,estleg:AVTS_Map,§ 32¹.,3,(3) Eesti teabevärava vastutav töötleja tagab käesoleva paragrahvi lõikes 1 nimetatud teabe kasutajakeskse korrastatult kuvamise ja teenuste kättesaadavuse Eesti teabeväravas.,true,inForce,2026-03-16,,estleg:AVTS_Par_32_1_v106032026003
estleg:AVTS_Par_32_1_Lg_4,estleg:AVTS_Map,§ 32¹.,4,"(4) Teabevaldaja tagab oma valdkonna teenuste nõuetekohasuse ning nendega seotud teabe õigsuse, korrastatuse, ülevaatliku esitamise ja edastamise Riigi Infosüsteemi Ametile.",true,inForce,2026-03-16,,estleg:AVTS_Par_32_1_v106032026003
estleg:AVTS_Par_32_1_Lg_5,estleg:AVTS_Map,§ 32¹.,5,"(5) Eesti teabevärava kaasvastutavate töötlejate ülesanded ning selles nii isikustatud kui ka isikustamata teabe ja teenuste kättesaadavaks tegemise, haldamise, kasutamise, teenuste arendamise ja andmekogu teabeväravaga liidestamise tingimused ja korra, kogutavate andmete täpsema koosseisu ning muud andmekogu pidamisega seotud korralduslikud küsimused kehtestab määrusega.",true,inForce,2026-03-16,,estleg:AVTS_Par_32_1_v106032026003
estleg:AVTS_Par_32_1_Lg_6,estleg:AVTS_Map,§ 32¹.,6,(6) Eesti teabeväravas ligipääsetavad sündmusteenused kehtestab määrusega.,true,inForce,2026-03-16,,estleg:AVTS_Par_32_1_v106032026003
estleg:AVTS_Par_32_Lg_1,estleg:AVTS_Map,§ 32.,1,"(1) Veebilehte või mobiilirakendust pidav teabevaldaja: teavitab avalikkust veebilehe või mobiilirakendusega tutvumise võimalustest, avaldades viite veebilehele või mobiilirakendusele; avaldab veebilehel või mobiilirakenduses päevakohast teavet; ei või avaldada veebilehel või mobiilirakenduses teavet, mis ei vasta tegelikkusele või on eksitav; märgib veebilehel või mobiilirakenduses iga dokumendi avaldamise kuupäeva ja teabe uuendamise aja; rakendab viivitamata abinõusid veebilehele või mobiilirakendusele juurdepääsu takistavate tehniliste probleemide kõrvaldamiseks; teeb veebilehe või mobiilirakenduse käesoleva paragrahvi lõike 2 alusel kehtestatud nõuetele vastavalt ligipääsetavaks, välja arvatud juhul, kui see nõuab ebaproportsionaalselt suurt pingutust; avaldab veebilehe või mobiilirakenduse ligipääsetavust kirjeldava teabe veebilehel või mobiilirakenduse allalaadimise keskkonnas.",true,inForce,2025-09-01,,estleg:AVTS_Par_32_v105072025003
estleg:AVTS_Par_32_Lg_2,estleg:AVTS_Map,§ 32.,2,(2) Veebilehe ja mobiilirakenduse ligipääsetavuse nõuded ning ligipääsetavust kirjeldava teabe avaldamise korra kehtestab määrusega.,true,inForce,2025-09-01,,estleg:AVTS_Par_32_v105072025003
estleg:AVTS_Par_32_Lg_3,estleg:AVTS_Map,§ 32.,3,"(3) Käesoleva paragrahvi lõike 1 punktis 6 sätestatud ligipääsetavuse kohustus ei laiene Euroopa Parlamendi ja nõukogu direktiivi (EL) 2016/2102, mis käsitleb avaliku sektori asutuste veebisaitide ja mobiilirakenduste juurdepääsetavust (ELT L 327, 02.12.2016, lk 1–15), artikli 1 lõikes 4 nimetatud veebilehtede ja mobiilirakenduste sisule.",true,inForce,2025-09-01,,estleg:AVTS_Par_32_v105072025003
estleg:AVTS_Par_32_Lg_4,estleg:AVTS_Map,§ 32.,4,"(4) Käesoleva paragrahvi lõike 1 punkti 6 tähenduses on pingutus ebaproportsionaalselt suur, kui teabevaldaja suurust, ressurssi ja tüüpi ning veebilehe või mobiilirakenduse kasutamise sagedust ja kestust arvestades toob veebilehe või mobiilirakenduse ligipääsetavaks tegemine kaasa ebamõistlikud kulud.",true,inForce,2025-09-01,,estleg:AVTS_Par_32_v105072025003
estleg:AVTS_Par_32_Lg_5,estleg:AVTS_Map,§ 32.,5,(5) Riigikantselei ja ministeeriumi veebilehelt peab olema võimalik otse juurde pääseda nende haldusala asutuste veebilehtedele.,true,inForce,2025-09-01,,estleg:AVTS_Par_32_v105072025003
estleg:AVTS_Par_32_Lg_6,estleg:AVTS_Map,§ 32.,6,"(6) Käesoleva paragrahvi lõike 1 punktides 6 ja 7 sätestatut ei kohaldata: meediateenust osutavale teabevaldajale; koolidele, lasteaedadele ja lastehoidudele, välja arvatud üldinfo, sealhulgas vastuvõtuinfo, asukoha ja kontaktandmete avaldamisel; käesoleva seaduse § 5 lõikes 3 nimetatud teabevaldajaga võrdsustatud isikule.",true,inForce,2025-09-01,,estleg:AVTS_Par_32_v105072025003
estleg:AVTS_Par_33,estleg:AVTS_Map,§ 33.,,Igaühel peab olema võimalus Interneti kaudu vabaks juurdepääsuks avalikule teabele rahvaraamatukogudes rahvaraamatukogu seaduses sätestatud korras.,true,inForce,2007-12-28,,estleg:AVTS_Par_33_v12895611
estleg:AVTS_Par_33_Lg_1,estleg:AVTS_Map,§ 33.,,Igaühel peab olema võimalus Interneti kaudu vabaks juurdepääsuks avalikule teabele rahvaraamatukogudes rahvaraamatukogu seaduses sätestatud korras.,true,inForce,2007-12-28,,estleg:AVTS_Par_33_v12895611
estleg:AVTS_Par_34,estleg:AVTS_Map,§ 34.,,"(1) Piiratud juurdepääsuga teave on teave, millele juurdepääs on seadusega kehtestatud korras piiratud. (2) Käesoleva seaduse alusel võib asutuse juht kehtestada teabele juurdepääsupiirangu, tunnistades teabe asutusesiseseks kasutamiseks mõeldud teabeks.",true,inForce,2002-06-01,,estleg:AVTS_Par_34_v26643
estleg:AVTS_Par_34_Lg_1,estleg:AVTS_Map,§ 34.,1,"(1) Piiratud juurdepääsuga teave on teave, millele juurdepääs on seadusega kehtestatud korras piiratud.",true,inForce,2002-06-01,,estleg:AVTS_Par_34_v26643
estleg:AVTS_Par_34_Lg_2,estleg:AVTS_Map,§ 34.,2,"(2) Käesoleva seaduse alusel võib asutuse juht kehtestada teabele juurdepääsupiirangu, tunnistades teabe asutusesiseseks kasutamiseks mõeldud teabeks.",true,inForce,2002-06-01,,estleg:AVTS_Par_34_v26643
estleg:AVTS_Par_35,estleg:AVTS_Map,§ 35.,,"(1) Teabevaldaja on kohustatud tunnistama asutusesiseseks kasutamiseks mõeldud teabeks: kriminaal- või väärteomenetluses kogutud teabe, välja arvatud vastavalt väärteomenetluse seadustikus ja kriminaalmenetluse seadustikus sätestatud tingimustel avaldatava teabe; riikliku järelevalve, haldusjärelevalve ja teenistusliku järelevalve menetluse käigus kogutud teabe kuni selle kohta tehtud otsuse jõustumiseni; konkurentsijärelevalvemenetluse käigus kogutud teabe kuni selle kohta tehtud otsuse jõustumiseni; teabe, mille avalikuks tulek kahjustaks riigi välissuhtlemist; teabe sisejulgeoleku tagamise, riigikaitsepoliitika kujundamise, riigikaitse korraldamise, sealhulgas riigi sõjalise kaitse planeerimise, ettevalmistamise ja juhtimise, või riigisaladuse ja salastatud välisteabe kaitse korraldamisega tegeleva teabevaldaja struktuuriüksuse ülesannete ja koosseisu, ametniku ja töötaja ning tema ülesannete kohta, kui sellise teabe avalikuks tulek ohustaks riigi julgeolekut või riigisaladuse ja salastatud välisteabe kaitset; teabe kaitseväe relvastuse ja varustuse tabelite ning relvastuse ja varustuse hulga kohta, kui selline teave ei ole riigisaladus või salastatud välisteave; kaitseväe valdusse sõjalise valmisoleku tõstmisel ja mobilisatsiooni korral üleantava riigivara kohta käiva teabe; teabe uurimisasutuse tegevuse meetodite ja taktika kohta, kui selle avalikuks tulek võib raskendada süütegude avastamist või soodustada nende toimepanemist; teabe politsei relvastuse hulga kohta, kui selline teave ei ole riigisaladus või salastatud välisteave; teabe riigikaitseseaduse alusel kohaldatud asja sundkasutusse võtmise ja asja sundvõõrandamise kohta; teabe, mille avalikuks tulek ohustaks riigikaitseobjekti või lihtsustaks selle vastase ründe toimepanemist; teabe riigikaitseülesannete täitmiseks ja hädaolukorra tagajärgede leevendamiseks vajaliku varu suuruse ja vahendite koguse kohta ning selle kasutusele võtmise ulatuse ja tingimuste kohta; teabe, mille avalikuks tulek ohustaks mu",true,inForce,2025-07-06,,estleg:AVTS_Par_35_v105072025002
estleg:AVTS_Par_35_Lg_1,estleg:AVTS_Map,§ 35.,1,"(1) Teabevaldaja on kohustatud tunnistama asutusesiseseks kasutamiseks mõeldud teabeks: kriminaal- või väärteomenetluses kogutud teabe, välja arvatud vastavalt väärteomenetluse seadustikus ja kriminaalmenetluse seadustikus sätestatud tingimustel avaldatava teabe; riikliku järelevalve, haldusjärelevalve ja teenistusliku järelevalve menetluse käigus kogutud teabe kuni selle kohta tehtud otsuse jõustumiseni; konkurentsijärelevalvemenetluse käigus kogutud teabe kuni selle kohta tehtud otsuse jõustumiseni; teabe, mille avalikuks tulek kahjustaks riigi välissuhtlemist; teabe sisejulgeoleku tagamise, riigikaitsepoliitika kujundamise, riigikaitse korraldamise, sealhulgas riigi sõjalise kaitse planeerimise, ettevalmistamise ja juhtimise, või riigisaladuse ja salastatud välisteabe kaitse korraldamisega tegeleva teabevaldaja struktuuriüksuse ülesannete ja koosseisu, ametniku ja töötaja ning tema ülesannete kohta, kui sellise teabe avalikuks tulek ohustaks riigi julgeolekut või riigisaladuse ja salastatud välisteabe kaitset; teabe kaitseväe relvastuse ja varustuse tabelite ning relvastuse ja varustuse hulga kohta, kui selline teave ei ole riigisaladus või salastatud välisteave; kaitseväe valdusse sõjalise valmisoleku tõstmisel ja mobilisatsiooni korral üleantava riigivara kohta käiva teabe; teabe uurimisasutuse tegevuse meetodite ja taktika kohta, kui selle avalikuks tulek võib raskendada süütegude avastamist või soodustada nende toimepanemist; teabe politsei relvastuse hulga kohta, kui selline teave ei ole riigisaladus või salastatud välisteave; teabe riigikaitseseaduse alusel kohaldatud asja sundkasutusse võtmise ja asja sundvõõrandamise kohta; teabe, mille avalikuks tulek ohustaks riigikaitseobjekti või lihtsustaks selle vastase ründe toimepanemist; teabe riigikaitseülesannete täitmiseks ja hädaolukorra tagajärgede leevendamiseks vajaliku varu suuruse ja vahendite koguse kohta ning selle kasutusele võtmise ulatuse ja tingimuste kohta; teabe, mille avalikuks tulek ohustaks mu",true,inForce,2025-07-06,,estleg:AVTS_Par_35_v105072025002
estleg:AVTS_Par_35_Lg_1_1,estleg:AVTS_Map,§ 35.,1¹,(1¹) Kehtetu -,true,inForce,2025-07-06,,estleg:AVTS_Par_35_v105072025002
estleg:AVTS_Par_35_Lg_2,estleg:AVTS_Map,§ 35.,2,"(2) Riigi- või kohaliku omavalitsuse asutuse või avalik-õigusliku juriidilise isiku juht võib asutusesiseseks kasutamiseks mõeldud teabeks tunnistada: õigustloovate aktide eelnõud enne nende kooskõlastamiseks saatmist või vastuvõtmiseks esitamist; dokumendi kavand ja selle juurde kuuluvad dokumendid enne nende vastuvõtmist või allakirjutamist; põhjendatud juhtudel asutusesiseselt adresseeritud dokumendid, mida dokumendiregistris ei registreerita (arvamused, teated, memod, õiendid, nõuanded jm); tsiviilkohtumenetluses riigi kui menetlusosalise huvisid kahjustada võiva teabe kuni kohtulahendi tegemiseni; riigikaitseülesannete täitmiseks ja hädaolukorra tagajärgede leevendamiseks vajaliku varu moodustamise ning vahendite muretsemisega seotud teabe, kui selle avalikuks tulek võib mõjutada varu moodustamist ja vahendite muretsemist.",true,inForce,2025-07-06,,estleg:AVTS_Par_35_v105072025002
estleg:AVTS_Par_35_Lg_3,estleg:AVTS_Map,§ 35.,3,"(3) Välisriigi või rahvusvahelise organisatsiooni poolt edastatud juurdepääsupiirangu märkega teave, mida ei loeta vastavalt riigisaladuse ja salastatud välisteabe seadusele salastatud välisteabeks, loetakse asutusesiseseks kasutamiseks mõeldud teabeks.",true,inForce,2025-07-06,,estleg:AVTS_Par_35_v105072025002
estleg:AVTS_Par_36,estleg:AVTS_Map,§ 36.,,"(1) Riigi- ja kohaliku omavalitsuse asutusest ja avalik-õiguslikust juriidilisest isikust teabevaldaja ei tohi asutusesiseseks kasutamiseks mõeldud teabeks tunnistada: avaliku arvamuse küsitluse tulemusi; üldistatud statistilisi ülevaateid; majandus- ja sotsiaalprognoose; teateid keskkonnaseisundi ja heidete kohta; teabevaldaja töö või tööedukuse aruandeid ning andmeid ülesannete täitmise kvaliteedi ja juhtimisvigade kohta; riigi- või kohaliku omavalitsuse ametniku või avalikke ülesandeid täitva eraõigusliku juriidilise isiku või füüsilise isiku mainet kahjustavat teavet, välja arvatud eriliiki isikuandmed või isikuandmed, mille avalikuks tulek kahjustaks andmesubjekti eraelu puutumatust; tarbija huvide kaitsest lähtuvat teavet kaupade ja teenuste kvaliteedi kohta; riigi või kohaliku omavalitsuse üksuse poolt või nende tellimisel tehtud uuringute ja analüüside tulemusi, kui andmete avalikustamine ei ohusta riigikaitset või riiklikku julgeolekut; dokumente riigi, kohaliku omavalitsuse üksuse või avalik-õigusliku juriidilise isiku eelarvevahendite kasutamise ning eelarvest töölepinguga töötavatele isikutele makstud töötasude ning muude tasude ja hüvitiste kohta; andmeid teabevaldaja varaliste kohustuste kohta; andmeid teabevaldajale kuuluva vara kohta; riikliku järelevalve, haldusjärelevalve või teenistusliku järelevalve korras või distsiplinaarkorras tehtud jõustunud ettekirjutusi või antud akte ning andmeid kehtivate karistuste kohta; konkurentsijärelevalvemenetluses tehtud jõustunud otsuseid, milles tuvastatakse keelatud teo toimepanemine, kohustatakse see lõpetama või kiidetakse heaks kohustuse võtmine. (2) Käesoleva paragrahvi lõikes 1 sätestatud keeld kehtib ka: selle mittetulundusühingu, sihtasutuse või äriühingu suhtes, mille asutajaks või milles osalejaks on riik, kohaliku omavalitsuse üksus või avalik-õiguslik juriidiline isik; teabe suhtes, mis puudutab eraõiguslikule juriidilisele isikule riigi või kohaliku omavalitsuse üksuse eelarvest eraldatud vahendite",true,inForce,2025-07-06,,estleg:AVTS_Par_36_v105072025002
estleg:AVTS_Par_36_Lg_1,estleg:AVTS_Map,§ 36.,1,"(1) Riigi- ja kohaliku omavalitsuse asutusest ja avalik-õiguslikust juriidilisest isikust teabevaldaja ei tohi asutusesiseseks kasutamiseks mõeldud teabeks tunnistada: avaliku arvamuse küsitluse tulemusi; üldistatud statistilisi ülevaateid; majandus- ja sotsiaalprognoose; teateid keskkonnaseisundi ja heidete kohta; teabevaldaja töö või tööedukuse aruandeid ning andmeid ülesannete täitmise kvaliteedi ja juhtimisvigade kohta; riigi- või kohaliku omavalitsuse ametniku või avalikke ülesandeid täitva eraõigusliku juriidilise isiku või füüsilise isiku mainet kahjustavat teavet, välja arvatud eriliiki isikuandmed või isikuandmed, mille avalikuks tulek kahjustaks andmesubjekti eraelu puutumatust; tarbija huvide kaitsest lähtuvat teavet kaupade ja teenuste kvaliteedi kohta; riigi või kohaliku omavalitsuse üksuse poolt või nende tellimisel tehtud uuringute ja analüüside tulemusi, kui andmete avalikustamine ei ohusta riigikaitset või riiklikku julgeolekut; dokumente riigi, kohaliku omavalitsuse üksuse või avalik-õigusliku juriidilise isiku eelarvevahendite kasutamise ning eelarvest töölepinguga töötavatele isikutele makstud töötasude ning muude tasude ja hüvitiste kohta; andmeid teabevaldaja varaliste kohustuste kohta; andmeid teabevaldajale kuuluva vara kohta; riikliku järelevalve, haldusjärelevalve või teenistusliku järelevalve korras või distsiplinaarkorras tehtud jõustunud ettekirjutusi või antud akte ning andmeid kehtivate karistuste kohta; konkurentsijärelevalvemenetluses tehtud jõustunud otsuseid, milles tuvastatakse keelatud teo toimepanemine, kohustatakse see lõpetama või kiidetakse heaks kohustuse võtmine.",true,inForce,2025-07-06,,estleg:AVTS_Par_36_v105072025002
estleg:AVTS_Par_36_Lg_2,estleg:AVTS_Map,§ 36.,2,"(2) Käesoleva paragrahvi lõikes 1 sätestatud keeld kehtib ka: selle mittetulundusühingu, sihtasutuse või äriühingu suhtes, mille asutajaks või milles osalejaks on riik, kohaliku omavalitsuse üksus või avalik-õiguslik juriidiline isik; teabe suhtes, mis puudutab eraõiguslikule juriidilisele isikule riigi või kohaliku omavalitsuse üksuse eelarvest eraldatud vahendite ja üleantud vara kasutamist.",true,inForce,2025-07-06,,estleg:AVTS_Par_36_v105072025002
estleg:AVTS_Par_37,estleg:AVTS_Map,§ 37.,,Kehtetu -,true,inForce,2011-01-16,,estleg:AVTS_Par_37_v106012011026
estleg:AVTS_Par_38,estleg:AVTS_Map,§ 38.,,"(1) Avalikkuse huvi põhjustanud teabe faktide kohta, mis on seotud õiguserikkumise või õnnetusega, peab teabevaldaja avalikustama enne õiguserikkumise või õnnetuse asjaolude lõplikku selgitamist ulatuses, mis ei takista uurimist või järelevalvet või õnnetuse põhjuste selgitamist. Sellise teabe avalikustamise ulatuse otsustab pädev uurimist või järelevalvet korraldav või õnnetuse asjaolusid selgitav ametnik. (2) Kui teabele juurdepääsu võimaldamine võib põhjustada juurdepääsupiiranguga teabe avalikuks tulemise, siis tagatakse juurdepääs üksnes sellele osale teabest või dokumendist, mille kohta juurdepääsupiirangud ei kehti. (3) Asutusesiseseks kasutamiseks mõeldud teabeks tunnistatud teabele on juurdepääsuõigus riigi ja kohaliku omavalitsuse ametnikul või töötajal oma ametiülesannete täitmiseks. Seda teavet ei tohi edastada kolmandatele isikutele juurdepääsupiirangu kehtestanud asutuse loata. (3¹) Kui seadusega sätestatud juhul taotletakse avalike ülesannete täitmiseks juurdepääsu asutusesiseseks kasutamiseks mõeldud teabeks tunnistatud teabele, teatatakse teabevaldajale teabele seaduses sätestatud juurdepääsu alus ja eesmärk. (4) Asutuse juht võib otsustada asutuseväliste isikute juurdepääsu võimaldamise asutusesiseseks tunnistatud teabele, kui see ei kahjusta riigi või omavalitsusüksuse huve.",true,inForce,2016-01-16,,estleg:AVTS_Par_38_v106012016007
estleg:AVTS_Par_38_Lg_1,estleg:AVTS_Map,§ 38.,1,"(1) Avalikkuse huvi põhjustanud teabe faktide kohta, mis on seotud õiguserikkumise või õnnetusega, peab teabevaldaja avalikustama enne õiguserikkumise või õnnetuse asjaolude lõplikku selgitamist ulatuses, mis ei takista uurimist või järelevalvet või õnnetuse põhjuste selgitamist. Sellise teabe avalikustamise ulatuse otsustab pädev uurimist või järelevalvet korraldav või õnnetuse asjaolusid selgitav ametnik.",true,inForce,2016-01-16,,estleg:AVTS_Par_38_v106012016007
estleg:AVTS_Par_38_Lg_2,estleg:AVTS_Map,§ 38.,2,"(2) Kui teabele juurdepääsu võimaldamine võib põhjustada juurdepääsupiiranguga teabe avalikuks tulemise, siis tagatakse juurdepääs üksnes sellele osale teabest või dokumendist, mille kohta juurdepääsupiirangud ei kehti.",true,inForce,2016-01-16,,estleg:AVTS_Par_38_v106012016007
estleg:AVTS_Par_38_Lg_3,estleg:AVTS_Map,§ 38.,3,(3) Asutusesiseseks kasutamiseks mõeldud teabeks tunnistatud teabele on juurdepääsuõigus riigi ja kohaliku omavalitsuse ametnikul või töötajal oma ametiülesannete täitmiseks. Seda teavet ei tohi edastada kolmandatele isikutele juurdepääsupiirangu kehtestanud asutuse loata.,true,inForce,2016-01-16,,estleg:AVTS_Par_38_v106012016007
estleg:AVTS_Par_38_Lg_3_1,estleg:AVTS_Map,§ 38.,3¹,"(3¹) Kui seadusega sätestatud juhul taotletakse avalike ülesannete täitmiseks juurdepääsu asutusesiseseks kasutamiseks mõeldud teabeks tunnistatud teabele, teatatakse teabevaldajale teabele seaduses sätestatud juurdepääsu alus ja eesmärk.",true,inForce,2016-01-16,,estleg:AVTS_Par_38_v106012016007
estleg:AVTS_Par_38_Lg_4,estleg:AVTS_Map,§ 38.,4,"(4) Asutuse juht võib otsustada asutuseväliste isikute juurdepääsu võimaldamise asutusesiseseks tunnistatud teabele, kui see ei kahjusta riigi või omavalitsusüksuse huve.",true,inForce,2016-01-16,,estleg:AVTS_Par_38_v106012016007
estleg:AVTS_Par_39,estleg:AVTS_Map,§ 39.,,"(1) Teabevaldaja võimaldab juurdepääsu tema valduses olevatele isikuandmetele Euroopa Parlamendi ja nõukogu määruses (EL) 2016/679 füüsiliste isikute kaitse kohta isikuandmete töötlemisel ja selliste andmete vaba liikumise ning direktiivi 95/46/EÜ kehtetuks tunnistamise kohta (isikuandmete kaitse üldmäärus) (ELT L 119, 04.05.2016, lk 1–88) või seaduses sätestatud aluse olemasolul käesolevas seaduses sätestatud korras. (2) Teabevaldaja on kohustatud pidama arvestust, kellele, mis eesmärgil, millal, millisel viisil ja millist asutusesiseseks kasutamiseks tunnistatud isikuandmeid sisaldavat teavet väljastati. (3) Kehtetu -",true,inForce,2019-03-15,,estleg:AVTS_Par_39_v113032019036
estleg:AVTS_Par_39_Lg_1,estleg:AVTS_Map,§ 39.,1,"(1) Teabevaldaja võimaldab juurdepääsu tema valduses olevatele isikuandmetele Euroopa Parlamendi ja nõukogu määruses (EL) 2016/679 füüsiliste isikute kaitse kohta isikuandmete töötlemisel ja selliste andmete vaba liikumise ning direktiivi 95/46/EÜ kehtetuks tunnistamise kohta (isikuandmete kaitse üldmäärus) (ELT L 119, 04.05.2016, lk 1–88) või seaduses sätestatud aluse olemasolul käesolevas seaduses sätestatud korras.",true,inForce,2019-03-15,,estleg:AVTS_Par_39_v113032019036
estleg:AVTS_Par_39_Lg_2,estleg:AVTS_Map,§ 39.,2,"(2) Teabevaldaja on kohustatud pidama arvestust, kellele, mis eesmärgil, millal, millisel viisil ja millist asutusesiseseks kasutamiseks tunnistatud isikuandmeid sisaldavat teavet väljastati.",true,inForce,2019-03-15,,estleg:AVTS_Par_39_v113032019036
estleg:AVTS_Par_39_Lg_3,estleg:AVTS_Map,§ 39.,3,(3) Kehtetu -,true,inForce,2019-03-15,,estleg:AVTS_Par_39_v113032019036
estleg:AVTS_Par_3_1,estleg:AVTS_Map,§ 3¹.,,"(1) Teabe taaskasutamine on füüsilise või juriidilise isiku poolt sellise avaliku teabe kasutamine, mille üldist kasutamist ei ole seadusega või seadusega kehtestatud korras piiratud (edaspidi avaandmed), ärilisel või mitteärilisel eesmärgil, mis ei lange kokku algse eesmärgiga, mille jaoks see teave avalikke ülesandeid täites saadi või loodi. Teabevaldajate vahel teabe vahetamine oma avalike ülesannete täitmiseks ei ole teabe taaskasutamine. (2) Teabe taaskasutamiseks ei tohi teabevaldaja sõlmida ainuõiguslikke kokkuleppeid, välja arvatud, kui see on vajalik ja põhjendatud avalike huvidega. Ainuõigusliku kokkuleppe põhjendatust tuleb hinnata vähemalt iga kolme aasta järel. Teabevaldaja avaldab ainuõigusliku kokkuleppe oma veebilehel hiljemalt kaks kuud enne selle jõustumist. (3) Teabe üldiseks kasutamiseks andmisel peab olema tagatud isiku eraelu puutumatus, autoriõiguste kaitse, riigi julgeoleku kaitse, ärisaladuse ja muu juurdepääsupiiranguga teabe kaitse. Enne teabe üldiseks kasutamiseks andmist peab teabevaldaja hindama teabe üldisele kasutamisele piirangute kehtestamise vajadust. (4) Kui see on võimalik ja asjakohane, võimaldab teabevaldaja juurdepääsu avaandmetele failivormingus, mis on struktureeritud selliselt, et tarkvararakendused suudavad spetsiifilisi andmeid, sealhulgas üksikuid faktiväiteid, ja nende sisemist struktuuri kergesti tuvastada, ära tunda ja välja lugeda (edaspidi masinloetav kuju), ning platvormist sõltumatus vormingus, mis tehakse üldsusele kättesaadavaks dokumendi taaskasutamise piiranguteta (edaspidi avatud vorming) koos andmestikke ja neis sisalduvaid andmeid kirjeldava andmekirjeldusega. Kui avaandmete digitaalsele kujule, masinloetavale kujule või avatud vormingusse viimine ei ole võimalik või see nõuab ebaproportsionaalselt suuri pingutusi, võimaldab teabevaldaja avaandmetele juurdepääsu nende algkujul või mis tahes muus vormis. (4¹) Käesoleva paragrahvi lõikes 4 nimetatud vorming ja andmekirjeldus peavad vastama kirjalikult väljend",true,inForce,2021-12-10,,estleg:AVTS_Par_3_1_v130112021017
estleg:AVTS_Par_3_1_Lg_1,estleg:AVTS_Map,§ 3¹.,1,"(1) Teabe taaskasutamine on füüsilise või juriidilise isiku poolt sellise avaliku teabe kasutamine, mille üldist kasutamist ei ole seadusega või seadusega kehtestatud korras piiratud (edaspidi avaandmed), ärilisel või mitteärilisel eesmärgil, mis ei lange kokku algse eesmärgiga, mille jaoks see teave avalikke ülesandeid täites saadi või loodi. Teabevaldajate vahel teabe vahetamine oma avalike ülesannete täitmiseks ei ole teabe taaskasutamine.",true,inForce,2021-12-10,,estleg:AVTS_Par_3_1_v130112021017
estleg:AVTS_Par_3_1_Lg_2,estleg:AVTS_Map,§ 3¹.,2,"(2) Teabe taaskasutamiseks ei tohi teabevaldaja sõlmida ainuõiguslikke kokkuleppeid, välja arvatud, kui see on vajalik ja põhjendatud avalike huvidega. Ainuõigusliku kokkuleppe põhjendatust tuleb hinnata vähemalt iga kolme aasta järel. Teabevaldaja avaldab ainuõigusliku kokkuleppe oma veebilehel hiljemalt kaks kuud enne selle jõustumist.",true,inForce,2021-12-10,,estleg:AVTS_Par_3_1_v130112021017
estleg:AVTS_Par_3_1_Lg_3,estleg:AVTS_Map,§ 3¹.,3,"(3) Teabe üldiseks kasutamiseks andmisel peab olema tagatud isiku eraelu puutumatus, autoriõiguste kaitse, riigi julgeoleku kaitse, ärisaladuse ja muu juurdepääsupiiranguga teabe kaitse. Enne teabe üldiseks kasutamiseks andmist peab teabevaldaja hindama teabe üldisele kasutamisele piirangute kehtestamise vajadust.",true,inForce,2021-12-10,,estleg:AVTS_Par_3_1_v130112021017
estleg:AVTS_Par_3_1_Lg_4,estleg:AVTS_Map,§ 3¹.,4,"(4) Kui see on võimalik ja asjakohane, võimaldab teabevaldaja juurdepääsu avaandmetele failivormingus, mis on struktureeritud selliselt, et tarkvararakendused suudavad spetsiifilisi andmeid, sealhulgas üksikuid faktiväiteid, ja nende sisemist struktuuri kergesti tuvastada, ära tunda ja välja lugeda (edaspidi masinloetav kuju), ning platvormist sõltumatus vormingus, mis tehakse üldsusele kättesaadavaks dokumendi taaskasutamise piiranguteta (edaspidi avatud vorming) koos andmestikke ja neis sisalduvaid andmeid kirjeldava andmekirjeldusega. Kui avaandmete digitaalsele kujule, masinloetavale kujule või avatud vormingusse viimine ei ole võimalik või see nõuab ebaproportsionaalselt suuri pingutusi, võimaldab teabevaldaja avaandmetele juurdepääsu nende algkujul või mis tahes muus vormis.",true,inForce,2021-12-10,,estleg:AVTS_Par_3_1_v130112021017
estleg:AVTS_Par_3_1_Lg_4_1,estleg:AVTS_Map,§ 3¹.,4¹,"(4¹) Käesoleva paragrahvi lõikes 4 nimetatud vorming ja andmekirjeldus peavad vastama kirjalikult väljendatud standardile, mis sisaldab üksikasjalikke nõudeid selle kohta, kuidas tagada tarkvara koostalitlusvõime.",true,inForce,2021-12-10,,estleg:AVTS_Par_3_1_v130112021017
estleg:AVTS_Par_3_1_Lg_5,estleg:AVTS_Map,§ 3¹.,5,"(5) Teave, millele on seadusega kehtestatud juurdepääsupiirang või millele juurdepääs on seadusega kehtestatud korras piiratud, sealhulgas teave, millele juurdepääsu võimaldatakse seaduse alusel üksnes õigustatud huvi korral või millele juurdepääsuks on seadusega kehtestatud eritingimused, kord ja viisid, ei ole üldiseks kasutamiseks.",true,inForce,2021-12-10,,estleg:AVTS_Par_3_1_v130112021017
estleg:AVTS_Par_3_1_Lg_6,estleg:AVTS_Map,§ 3¹.,6,"(6) Käesoleva paragrahvi lõikes 5 nimetatud teavet ei anta üldiseks kasutamiseks või antakse üldiseks kasutamiseks üksnes selline osa teabest, mis ei sisalda juurdepääsupiiranguga teavet ning mille üldiseks kasutamiseks andmisega ei kaasne juurdepääsupiiranguga teabe avalikuks tuleku oht.",true,inForce,2021-12-10,,estleg:AVTS_Par_3_1_v130112021017
estleg:AVTS_Par_3_1_Lg_7,estleg:AVTS_Map,§ 3¹.,7,"(7) Kui seaduse alusel avalikustatav teave sisaldab isikuandmeid, võib sellise teabe üldist kasutamist piirata, kui selle üldiseks kasutamiseks andmine kahjustab oluliselt isiku eraelu puutumatust.",true,inForce,2021-12-10,,estleg:AVTS_Par_3_1_v130112021017
estleg:AVTS_Par_3_1_Lg_8,estleg:AVTS_Map,§ 3¹.,8,"(8) Kui seaduse alusel avalikustatava ja isikuandmeid sisaldava teabe üldiseks kasutamiseks andmine kahjustab isiku eraelu puutumatust, antakse see üldiseks kasutamiseks viisil, mis ei kahjusta oluliselt isiku eraelu puutumatust.",true,inForce,2021-12-10,,estleg:AVTS_Par_3_1_v130112021017
estleg:AVTS_Par_3_1_Lg_8_1,estleg:AVTS_Map,§ 3¹.,8¹,(8¹) Kehtetu -,true,inForce,2021-12-10,,estleg:AVTS_Par_3_1_v130112021017
estleg:AVTS_Par_3_1_Lg_8_2,estleg:AVTS_Map,§ 3¹.,8²,"(8²) Teave, mida kogutakse või koostatakse teadustöö käigus ning mida kasutatakse teadusprotsessis tõendusmaterjalina või peetakse teadusringkondades üldiselt vajalikuks, et tõestada teadustöö käigus tehtud avastusi ja teadustöö tulemusi (edaspidi teadusandmed), antakse taaskasutamisse, kui teadusandmete loomist on rahastatud riigi, kohaliku omavalitsuse üksuse või avalik-õigusliku juriidilise isiku eelarve vahenditest ning teadlased, teadustööga tegelevad isikud või teadustööd rahastavad isikud on need digitaalselt institutsionaalse või valdkondliku teadusandmete hoidla kaudu juba avalikult kättesaadavaks teinud. Teaduslikud publikatsioonid ei ole käsitatavad teadusandmetena.",true,inForce,2021-12-10,,estleg:AVTS_Par_3_1_v130112021017
estleg:AVTS_Par_3_1_Lg_8_3,estleg:AVTS_Map,§ 3¹.,8³,"(8³) Avaandmed, mida ajakohastatakse sageli või reaalajas eelkõige seetõttu, et nad muutuvad pidevalt või aeguvad kiiresti (edaspidi dünaamilised andmed), tehakse taaskasutamiseks kättesaadavaks rakendusliidese kaudu ning asjakohasel juhul hulgiallalaaditavate andmetena kohe pärast kogumist või manuaalse ajakohastamise korral pärast andmete muutmist. Kui dünaamiliste andmete taaskasutamiseks kättesaadavaks tegemine kohe pärast nende kogumist oleks teabevaldajale rahaliselt ja tehniliselt ebaproportsionaalselt koormav, tuleb andmed kättesaadavaks teha vähima võimaliku aja jooksul ning tehniliste piirangutega, mis ei kahjusta põhjendamatult nende andmete majandusliku ja sotsiaalse potentsiaali kasutamist.",true,inForce,2021-12-10,,estleg:AVTS_Par_3_1_v130112021017
estleg:AVTS_Par_3_1_Lg_9,estleg:AVTS_Map,§ 3¹.,9,"(9) Avaandmed antakse taaskasutamisse üldjuhul tingimusteta. Kui tingimuste seadmine taaskasutamisse andmisel on vajalik avalikes huvides, peavad vastavad tingimused olema objektiivsed, proportsionaalsed ja mittediskrimineerivad. Taaskasutamise tingimused peavad olema kättesaadavad masinloetaval kujul ja avatud vormingus. Taaskasutamise tingimused avalikustab käesoleva seaduse § 321 lõikes 2 nimetatud asutus Eesti teabeväravas.",true,inForce,2021-12-10,,estleg:AVTS_Par_3_1_v130112021017
estleg:AVTS_Par_3_Lg_1,estleg:AVTS_Map,§ 3.,1,"(1) Avalik teave (edaspidi teave) on mis tahes viisil ja mis tahes teabekandjale jäädvustatud ja dokumenteeritud teave, mis on saadud või loodud seaduses või selle alusel antud õigusaktides sätestatud avalikke ülesandeid täites.",true,inForce,2002-06-01,,estleg:AVTS_Par_3_v26643
estleg:AVTS_Par_3_Lg_2,estleg:AVTS_Map,§ 3.,2,(2) Käesoleva paragrahvi lõikes 1 nimetatud teabele juurdepääsu võib piirata seaduses sätestatud korras.,true,inForce,2002-06-01,,estleg:AVTS_Par_3_v26643
estleg:AVTS_Par_4,estleg:AVTS_Map,§ 4.,,"(1) Demokraatliku riigikorralduse tagamiseks ning avaliku huvi ja igaühe õiguste, vabaduste ja kohustuste täitmise võimaldamiseks on teabevaldajad kohustatud tagama juurdepääsu nende valduses olevale teabele seaduses sätestatud tingimustel ja korras. (2) Teabele juurdepääs tuleb tagada igaühele võimalikult kiirel ja hõlpsal viisil. (3) Teabele juurdepääsu võimaldamisel peab olema tagatud isiku eraelu puutumatus ja autoriõiguste kaitse. (4) Juurdepääs teabele võimaldatakse tasuta, välja arvatud juhul, kui teabe väljastamisega seotud otseste kulutuste eest maksmine on seadusega ette nähtud. (4¹) Teabevaldaja peab avaldama teabele juurdepääsu tingimused ja juurdepääsutasu suuruse ning teabenõudja soovil andma selgitusi tasude kulupõhisuse kohta. (4²) Juurdepääsu tingimused ei tohi olla põhjendamatult piiravad ega konkurentsi kahjustavad. (4³) Kui teabevaldaja kasutab teavet tegevuses, mis ei kuulu avalik-õiguslike ülesannete täitmise alla, kohaldatakse talle teabe andmisel sama tasu ja muid tingimusi, mis kehtivad teistele taotlejatele, tagades võrdse kohtlemise. (5) Igaühel on õigus vaidlustada teabele juurdepääsu piiramist, kui selline piirang rikub tema õigusi ja vabadusi.",true,inForce,2012-12-29,,estleg:AVTS_Par_4_v119122012004
estleg:AVTS_Par_40,estleg:AVTS_Map,§ 40.,,"(1) Asutusesiseseks kasutamiseks mõeldud teabele kehtestatakse juurdepääsupiirang alates dokumendi koostamisest või saamisest ning kuni vajaduse möödumiseni või sündmuse saabumiseni, kuid mitte kauemaks kui viieks aastaks. Asutuse juht võib seda tähtaega pikendada kuni viie aasta võrra, kui juurdepääsupiirangu kehtestamise põhjus püsib. (1¹) Välisriigi või rahvusvahelise organisatsiooni poolt edastatud juurdepääsupiirangu märkega teabele, mis loetakse asutusesiseseks kasutamiseks mõeldud teabeks, kehtib juurdepääsupiirang teabe loonud riigi või organisatsiooni määratud tähtaja lõpuni. (2) Riiklikku järelevalvet, haldusjärelevalvet ja teenistuslikku järelevalvet ning täitevvõimu üksikotsuste ettevalmistamist käsitlevate dokumentide suhtes kohaldatakse juurdepääsupiirangut kuni otsuse vastuvõtmiseni, kui ei ole muud alust teabele juurdepääsu piirata. (3) Asutusesiseseks kasutamiseks tunnistatud isikuandmeid sisaldavale teabele kehtib juurdepääsupiirang selle saamisest või dokumenteerimisest alates 75 aastat või isiku surmast alates 30 aastat, või kui surma ei ole võimalik tuvastada, siis 110 aastat, alates isiku sünnist.",true,inForce,2023-05-01,,estleg:AVTS_Par_40_v107032023011
estleg:AVTS_Par_40_Lg_1,estleg:AVTS_Map,§ 40.,1,"(1) Asutusesiseseks kasutamiseks mõeldud teabele kehtestatakse juurdepääsupiirang alates dokumendi koostamisest või saamisest ning kuni vajaduse möödumiseni või sündmuse saabumiseni, kuid mitte kauemaks kui viieks aastaks. Asutuse juht võib seda tähtaega pikendada kuni viie aasta võrra, kui juurdepääsupiirangu kehtestamise põhjus püsib.",true,inForce,2023-05-01,,estleg:AVTS_Par_40_v107032023011
estleg:AVTS_Par_40_Lg_1_1,estleg:AVTS_Map,§ 40.,1¹,"(1¹) Välisriigi või rahvusvahelise organisatsiooni poolt edastatud juurdepääsupiirangu märkega teabele, mis loetakse asutusesiseseks kasutamiseks mõeldud teabeks, kehtib juurdepääsupiirang teabe loonud riigi või organisatsiooni määratud tähtaja lõpuni.",true,inForce,2023-05-01,,estleg:AVTS_Par_40_v107032023011
estleg:AVTS_Par_40_Lg_2,estleg:AVTS_Map,§ 40.,2,"(2) Riiklikku järelevalvet, haldusjärelevalvet ja teenistuslikku järelevalvet ning täitevvõimu üksikotsuste ettevalmistamist käsitlevate dokumentide suhtes kohaldatakse juurdepääsupiirangut kuni otsuse vastuvõtmiseni, kui ei ole muud alust teabele juurdepääsu piirata.",true,inForce,2023-05-01,,estleg:AVTS_Par_40_v107032023011
estleg:AVTS_Par_40_Lg_3,estleg:AVTS_Map,§ 40.,3,"(3) Asutusesiseseks kasutamiseks tunnistatud isikuandmeid sisaldavale teabele kehtib juurdepääsupiirang selle saamisest või dokumenteerimisest alates 75 aastat või isiku surmast alates 30 aastat, või kui surma ei ole võimalik tuvastada, siis 110 aastat, alates isiku sünnist.",true,inForce,2023-05-01,,estleg:AVTS_Par_40_v107032023011
estleg:AVTS_Par_41,estleg:AVTS_Map,§ 41.,,"(1) Teabe tunnistab asutusesiseseks kasutamiseks mõeldud teabeks asutuse juht. (1¹) Asutuse juht kehtestab dokumentide loetelus sarjad, milles sisalduvatele dokumentidele võib juurdepääsupiirangud kehtestada, märkides ära käesolevas seaduses või muus seaduses sisalduva aluse. Konkreetsele dokumendile juurdepääsupiirangu kehtestamise otsustab asutuse juht või vastavalt asutuse juhi kehtestatud dokumentide loetelule asutuse juhi poolt määratud pädev töötaja, lähtudes dokumendi sisust ja juurdepääsupiirangu eesmärgist. (2) Kui teabekandja seda võimaldab, teeb asutusesiseseks kasutamiseks mõeldud teabeks tunnistatud dokumendile või dokumendi kogumile dokumendi vormistaja suurtähtedega märke «ASUTUSESISESEKS KASUTAMISEKS» või kasutab selle lühendit AK. Märkele lisatakse teabevaldaja nimi, juurdepääsupiirangu alus, lõpptähtpäev ja vormistamise kuupäev. (3) Välisriigi või rahvusvahelise organisatsiooni poolt edastatud juurdepääsupiirangu märkega dokumentidele, mis loetakse asutusesiseseks kasutamiseks mõeldud teabeks, lisatakse käesoleva paragrahvi lõikele 2 vastav eestikeelne märge juhul, kui teabe loonud riik või organisatsioon seda nõuab, kui see on ette nähtud välislepingus või kui see aitab selgitada juurdepääsupiirangut või selle tähtaega. (4) Teabe asutusesiseseks kasutamiseks tunnistanud teabevaldaja teavitab viivitamata teabe asutusesiseseks kasutamiseks tunnistamisest teabevaldajaid, kellele see teave on edastatud.",true,inForce,2023-05-01,,estleg:AVTS_Par_41_v107032023011
estleg:AVTS_Par_41_Lg_1,estleg:AVTS_Map,§ 41.,1,(1) Teabe tunnistab asutusesiseseks kasutamiseks mõeldud teabeks asutuse juht.,true,inForce,2023-05-01,,estleg:AVTS_Par_41_v107032023011
estleg:AVTS_Par_41_Lg_1_1,estleg:AVTS_Map,§ 41.,1¹,"(1¹) Asutuse juht kehtestab dokumentide loetelus sarjad, milles sisalduvatele dokumentidele võib juurdepääsupiirangud kehtestada, märkides ära käesolevas seaduses või muus seaduses sisalduva aluse. Konkreetsele dokumendile juurdepääsupiirangu kehtestamise otsustab asutuse juht või vastavalt asutuse juhi kehtestatud dokumentide loetelule asutuse juhi poolt määratud pädev töötaja, lähtudes dokumendi sisust ja juurdepääsupiirangu eesmärgist.",true,inForce,2023-05-01,,estleg:AVTS_Par_41_v107032023011
estleg:AVTS_Par_41_Lg_2,estleg:AVTS_Map,§ 41.,2,"(2) Kui teabekandja seda võimaldab, teeb asutusesiseseks kasutamiseks mõeldud teabeks tunnistatud dokumendile või dokumendi kogumile dokumendi vormistaja suurtähtedega märke «ASUTUSESISESEKS KASUTAMISEKS» või kasutab selle lühendit AK. Märkele lisatakse teabevaldaja nimi, juurdepääsupiirangu alus, lõpptähtpäev ja vormistamise kuupäev.",true,inForce,2023-05-01,,estleg:AVTS_Par_41_v107032023011
estleg:AVTS_Par_41_Lg_3,estleg:AVTS_Map,§ 41.,3,"(3) Välisriigi või rahvusvahelise organisatsiooni poolt edastatud juurdepääsupiirangu märkega dokumentidele, mis loetakse asutusesiseseks kasutamiseks mõeldud teabeks, lisatakse käesoleva paragrahvi lõikele 2 vastav eestikeelne märge juhul, kui teabe loonud riik või organisatsioon seda nõuab, kui see on ette nähtud välislepingus või kui see aitab selgitada juurdepääsupiirangut või selle tähtaega.",true,inForce,2023-05-01,,estleg:AVTS_Par_41_v107032023011
estleg:AVTS_Par_41_Lg_4,estleg:AVTS_Map,§ 41.,4,"(4) Teabe asutusesiseseks kasutamiseks tunnistanud teabevaldaja teavitab viivitamata teabe asutusesiseseks kasutamiseks tunnistamisest teabevaldajaid, kellele see teave on edastatud.",true,inForce,2023-05-01,,estleg:AVTS_Par_41_v107032023011
estleg:AVTS_Par_42,estleg:AVTS_Map,§ 42.,,"(1) Teabevaldaja on kohustatud juurdepääsupiirangu kehtetuks tunnistama, kui selle kehtestamise põhjus on kadunud. (2) Juurdepääsupiirangu kehtetuks tunnistamise kohta tehakse dokumendile märge. (2¹) Välisriigi või rahvusvahelise organisatsiooni poolt edastatud juurdepääsupiirangu märkega dokumentidele, mis loetakse asutusesiseseks kasutamiseks mõeldud teabeks, tehakse juurdepääsupiirangu kehtetuks tunnistamise kohta märge ka siis, kui neid ei ole märgistatud käesoleva seaduse § 41 lõike 3 kohaselt. (3) Teabevaldaja teavitab viivitamata juurdepääsupiirangu kehtetuks tunnistamisest teabevaldajaid, kellele see teave on edastatud.",true,inForce,2023-05-01,,estleg:AVTS_Par_42_v107032023011
estleg:AVTS_Par_42_Lg_1,estleg:AVTS_Map,§ 42.,1,"(1) Teabevaldaja on kohustatud juurdepääsupiirangu kehtetuks tunnistama, kui selle kehtestamise põhjus on kadunud.",true,inForce,2023-05-01,,estleg:AVTS_Par_42_v107032023011
estleg:AVTS_Par_42_Lg_2,estleg:AVTS_Map,§ 42.,2,(2) Juurdepääsupiirangu kehtetuks tunnistamise kohta tehakse dokumendile märge.,true,inForce,2023-05-01,,estleg:AVTS_Par_42_v107032023011
estleg:AVTS_Par_42_Lg_2_1,estleg:AVTS_Map,§ 42.,2¹,"(2¹) Välisriigi või rahvusvahelise organisatsiooni poolt edastatud juurdepääsupiirangu märkega dokumentidele, mis loetakse asutusesiseseks kasutamiseks mõeldud teabeks, tehakse juurdepääsupiirangu kehtetuks tunnistamise kohta märge ka siis, kui neid ei ole märgistatud käesoleva seaduse § 41 lõike 3 kohaselt.",true,inForce,2023-05-01,,estleg:AVTS_Par_42_v107032023011
estleg:AVTS_Par_42_Lg_3,estleg:AVTS_Map,§ 42.,3,"(3) Teabevaldaja teavitab viivitamata juurdepääsupiirangu kehtetuks tunnistamisest teabevaldajaid, kellele see teave on edastatud.",true,inForce,2023-05-01,,estleg:AVTS_Par_42_v107032023011
estleg:AVTS_Par_43,estleg:AVTS_Map,§ 43.,,"(1) Teabevaldaja peab rakendama organisatsioonilisi, füüsilisi ja infotehnilisi turvameetmeid, et kaitsta asutusesisese teabe: terviklust – juhusliku või tahtliku volitamata muutmise eest; käideldavust – juhusliku hävimise ja tahtliku hävitamise eest ning õigustatud isikule andmete kättesaadavuse takistamise eest; konfidentsiaalsust – juhusliku või tahtliku volitamata juurdepääsu eest. (2) Organisatsioonilisi, füüsilisi ja infotehnilisi turvameetmeid tuleb rakendada asutusesisese teabe kaitseks olenemata teabe vormingust nii digitaalkujul kui ka paberkandjal teabe osas. (3) võib määrusega kehtestada asutusesisese teabe tervikluse, käideldavuse ja konfidentsiaalsuse kaitseks rakendatavate organisatsiooniliste, füüsiliste ja infotehniliste turvameetmete loetelu.",true,inForce,2016-01-16,,estleg:AVTS_Par_43_v106012016007
estleg:AVTS_Par_43_1,estleg:AVTS_Map,§ 43¹.,,"(1) Andmekogu on riigi, kohaliku omavalitsuse või muu avalik-õigusliku isiku või avalikke ülesandeid täitva eraõigusliku isiku infosüsteemis töödeldavate korrastatud andmete kogum, mis asutatakse ja mida kasutatakse seaduses, selle alusel antud õigusaktis või rahvusvahelises lepingus sätestatud ülesannete täitmiseks. (2) Andmekogus töödeldavate korrastatud andmete kogum võib koosneda ka üksnes teistes andmekogudes sisalduvatest unikaalsetest andmetest. (3) Andmekogusse andmete kogumisel lähtutakse andmete ühekordse küsimise põhimõttest.",true,inForce,2019-04-01,,estleg:AVTS_Par_43_1_v115032019011
estleg:AVTS_Par_43_10,estleg:AVTS_Map,§ 43¹⁰.,,"(1) Andmenõusoleku ja volituste haldamise andmekogu on riigi infosüsteemi kuuluv keskne andmekogu, mis on asutatud järgmistel eesmärkidel: võimaldada isikul anda nõusolek oma isikuandmete edastamiseks riigi infosüsteemi kuuluvast andmekogust eraõiguslikule juriidilisele isikule, võtta tagasi antud nõusolekuid, anda isikule ülevaade tema antud nõusolekutest ning tagada toimunud andmevahetuse õiguspärasuse tõendatavus; võimaldada selle vastutaval töötlejal kontrollida juriidilise isiku esindaja või füüsilise isiku volituse olemasolu ja ulatust ning võimaldada isikul keskselt hallata tema poolt ja temale antud volitusi riigi infosüsteemis. (2) Andmenõusoleku ja volituste haldamise andmekogu koosneb järgmistest andmestikest: andmenõusoleku andmestik, milles töödeldakse andmeid käesoleva paragrahvi lõike 1 punktis 1 nimetatud eesmärkidel; volituste haldamise andmestik, milles töödeldakse andmeid käesoleva paragrahvi lõike 1 punktis 2 nimetatud eesmärkidel. (3) Andmenõusoleku ja volituste haldamise andmekogus töödeldakse järgmisi isikuandmeid: andmeedastuse nõusoleku andmestikus – enda isikuandmete edastamiseks nõusoleku andnud isiku ees- ja perekonnanimi, isikukood ja teovõime piiramise andmed, eelnimetatud nõusoleku andmise ja tagasivõtmise aeg, nõusoleku kehtivuse lõppkuupäev ning nõusolekuga seotud muud andmed; volituste haldamise andmestikus – lõppkasutaja ja asjakohasel juhul tema seadusliku esindaja ees- ja perekonnanimi, isikukood, volitusega antud esindusõiguse andmed ning isiku teovõime piiramise andmed. (4) Andmenõusoleku ja volituste haldamise andmekogu vastutav töötleja on Riigi Infosüsteemi Amet. (5) Andmenõusoleku ja volituste haldamise andmekogus töödeldavaid andmeid säilitatakse kolm aastat andmenõusoleku andmestikus nõusoleku kehtivuse lõppemisest ning volituste haldamise andmestikus volituse lõppemisest arvates. (6) Andmenõusoleku ja volituste haldamise andmekogu infosüsteemide pidamise, haldamise ja kasutamise korrad ning andmekogu põhimääruse kehtesta",true,inForce,2026-03-16,,estleg:AVTS_Par_43_10_v106032026003
estleg:AVTS_Par_43_10_Lg_1,estleg:AVTS_Map,§ 43¹⁰.,1,"(1) Andmenõusoleku ja volituste haldamise andmekogu on riigi infosüsteemi kuuluv keskne andmekogu, mis on asutatud järgmistel eesmärkidel: võimaldada isikul anda nõusolek oma isikuandmete edastamiseks riigi infosüsteemi kuuluvast andmekogust eraõiguslikule juriidilisele isikule, võtta tagasi antud nõusolekuid, anda isikule ülevaade tema antud nõusolekutest ning tagada toimunud andmevahetuse õiguspärasuse tõendatavus; võimaldada selle vastutaval töötlejal kontrollida juriidilise isiku esindaja või füüsilise isiku volituse olemasolu ja ulatust ning võimaldada isikul keskselt hallata tema poolt ja temale antud volitusi riigi infosüsteemis.",true,inForce,2026-03-16,,estleg:AVTS_Par_43_10_v106032026003
estleg:AVTS_Par_43_10_Lg_2,estleg:AVTS_Map,§ 43¹⁰.,2,"(2) Andmenõusoleku ja volituste haldamise andmekogu koosneb järgmistest andmestikest: andmenõusoleku andmestik, milles töödeldakse andmeid käesoleva paragrahvi lõike 1 punktis 1 nimetatud eesmärkidel; volituste haldamise andmestik, milles töödeldakse andmeid käesoleva paragrahvi lõike 1 punktis 2 nimetatud eesmärkidel.",true,inForce,2026-03-16,,estleg:AVTS_Par_43_10_v106032026003
estleg:AVTS_Par_43_10_Lg_3,estleg:AVTS_Map,§ 43¹⁰.,3,"(3) Andmenõusoleku ja volituste haldamise andmekogus töödeldakse järgmisi isikuandmeid: andmeedastuse nõusoleku andmestikus – enda isikuandmete edastamiseks nõusoleku andnud isiku ees- ja perekonnanimi, isikukood ja teovõime piiramise andmed, eelnimetatud nõusoleku andmise ja tagasivõtmise aeg, nõusoleku kehtivuse lõppkuupäev ning nõusolekuga seotud muud andmed; volituste haldamise andmestikus – lõppkasutaja ja asjakohasel juhul tema seadusliku esindaja ees- ja perekonnanimi, isikukood, volitusega antud esindusõiguse andmed ning isiku teovõime piiramise andmed.",true,inForce,2026-03-16,,estleg:AVTS_Par_43_10_v106032026003
estleg:AVTS_Par_43_10_Lg_4,estleg:AVTS_Map,§ 43¹⁰.,4,(4) Andmenõusoleku ja volituste haldamise andmekogu vastutav töötleja on Riigi Infosüsteemi Amet.,true,inForce,2026-03-16,,estleg:AVTS_Par_43_10_v106032026003
estleg:AVTS_Par_43_10_Lg_5,estleg:AVTS_Map,§ 43¹⁰.,5,(5) Andmenõusoleku ja volituste haldamise andmekogus töödeldavaid andmeid säilitatakse kolm aastat andmenõusoleku andmestikus nõusoleku kehtivuse lõppemisest ning volituste haldamise andmestikus volituse lõppemisest arvates.,true,inForce,2026-03-16,,estleg:AVTS_Par_43_10_v106032026003
estleg:AVTS_Par_43_10_Lg_6,estleg:AVTS_Map,§ 43¹⁰.,6,"(6) Andmenõusoleku ja volituste haldamise andmekogu infosüsteemide pidamise, haldamise ja kasutamise korrad ning andmekogu põhimääruse kehtestab määrusega, milles sätestatakse: vastutava töötleja ülesanded; andmenõusoleku ja volituste haldamise andmekogusse kantavate andmete täpsem koosseis ja edastamise kord, sealhulgas vajaduse korral andmekogus töödeldavate isikustamata andmete koosseis; andmenõusoleku ja volituste haldamise andmekogu infosüsteemidega liidestamise täpsemad tingimused; andmeandjad ja nende poolt edastatavad andmed; muud andmenõusoleku ja volituste haldamise andmekogu infosüsteemide pidamise, haldamise ja kasutamisega seotud korralduslikud küsimused.",true,inForce,2026-03-16,,estleg:AVTS_Par_43_10_v106032026003
estleg:AVTS_Par_43_1_Lg_1,estleg:AVTS_Map,§ 43¹.,1,"(1) Andmekogu on riigi, kohaliku omavalitsuse või muu avalik-õigusliku isiku või avalikke ülesandeid täitva eraõigusliku isiku infosüsteemis töödeldavate korrastatud andmete kogum, mis asutatakse ja mida kasutatakse seaduses, selle alusel antud õigusaktis või rahvusvahelises lepingus sätestatud ülesannete täitmiseks.",true,inForce,2019-04-01,,estleg:AVTS_Par_43_1_v115032019011
estleg:AVTS_Par_43_1_Lg_2,estleg:AVTS_Map,§ 43¹.,2,(2) Andmekogus töödeldavate korrastatud andmete kogum võib koosneda ka üksnes teistes andmekogudes sisalduvatest unikaalsetest andmetest.,true,inForce,2019-04-01,,estleg:AVTS_Par_43_1_v115032019011
estleg:AVTS_Par_43_1_Lg_3,estleg:AVTS_Map,§ 43¹.,3,(3) Andmekogusse andmete kogumisel lähtutakse andmete ühekordse küsimise põhimõttest.,true,inForce,2019-04-01,,estleg:AVTS_Par_43_1_v115032019011
estleg:AVTS_Par_43_2,estleg:AVTS_Map,§ 43².,,"(1) Riigi infosüsteemi kuuluvad andmekogud, mis on infosüsteemi andmevahetuskihiga liitunud ja riigi infosüsteemi haldussüsteemis registreeritud, ning andmekogude pidamist kindlustavad süsteemid. (2) Valdkonna eest vastutav minister võib kehtestada riigi infosüsteemi infotehnoloogilise auditeerimise korra ja nõuded riigi infosüsteemiga seotud arendusprojektide algatamisele, läbiviimisele ja aruandlusele.",true,inForce,2016-01-16,,estleg:AVTS_Par_43_2_v106012016007
estleg:AVTS_Par_43_2_Lg_1,estleg:AVTS_Map,§ 43².,1,"(1) Riigi infosüsteemi kuuluvad andmekogud, mis on infosüsteemi andmevahetuskihiga liitunud ja riigi infosüsteemi haldussüsteemis registreeritud, ning andmekogude pidamist kindlustavad süsteemid.",true,inForce,2016-01-16,,estleg:AVTS_Par_43_2_v106012016007
estleg:AVTS_Par_43_2_Lg_2,estleg:AVTS_Map,§ 43².,2,"(2) Valdkonna eest vastutav minister võib kehtestada riigi infosüsteemi infotehnoloogilise auditeerimise korra ja nõuded riigi infosüsteemiga seotud arendusprojektide algatamisele, läbiviimisele ja aruandlusele.",true,inForce,2016-01-16,,estleg:AVTS_Par_43_2_v106012016007
estleg:AVTS_Par_43_3,estleg:AVTS_Map,§ 43³.,,"(1) Andmekogu asutatakse seadusega või selle alusel antud õigusaktiga. (2) Keelatud on asutada ühtede ja samade andmete kogumiseks eraldi andmekogusid. (3) Enne andmekogu asutamist, andmekogus kogutavate andmete koosseisu muutmist, andmekogu kasutusele võtmist või andmekogu lõpetamist kooskõlastatakse andmekogu tehniline dokumentatsioon Riigi Infosüsteemi Ametiga, Andmekaitse Inspektsiooniga ja Statistikaametiga. (4) Ainult organisatsiooni sisemise töökorralduse vajadusteks või asutustevaheliseks dokumentide menetlemiseks peetavat ja riigi infosüsteemi mittekuuluvat andmekogu ei pea käesoleva paragrahvi lõikes 3 sätestatud korras kooskõlastama. (5) Riigi Infosüsteemi Ametiga ning Andmekaitse Inspektsiooniga kooskõlastamise täpsemad tingimused ja kord ning vajadusel andmekogu asutamise ja pidamise tehnilised ja korralduslikud nõuded sätestatakse käesoleva seaduse § 439 lõike 1 punktis 6 nimetatud kindlustavat süsteemi",true,inForce,2018-12-01,,estleg:AVTS_Par_43_3_v114112018005
estleg:AVTS_Par_43_3_Lg_1,estleg:AVTS_Map,§ 43³.,1,(1) Andmekogu asutatakse seadusega või selle alusel antud õigusaktiga.,true,inForce,2018-12-01,,estleg:AVTS_Par_43_3_v114112018005
estleg:AVTS_Par_43_3_Lg_2,estleg:AVTS_Map,§ 43³.,2,(2) Keelatud on asutada ühtede ja samade andmete kogumiseks eraldi andmekogusid.,true,inForce,2018-12-01,,estleg:AVTS_Par_43_3_v114112018005
estleg:AVTS_Par_43_3_Lg_3,estleg:AVTS_Map,§ 43³.,3,"(3) Enne andmekogu asutamist, andmekogus kogutavate andmete koosseisu muutmist, andmekogu kasutusele võtmist või andmekogu lõpetamist kooskõlastatakse andmekogu tehniline dokumentatsioon Riigi Infosüsteemi Ametiga, Andmekaitse Inspektsiooniga ja Statistikaametiga.",true,inForce,2018-12-01,,estleg:AVTS_Par_43_3_v114112018005
estleg:AVTS_Par_43_3_Lg_4,estleg:AVTS_Map,§ 43³.,4,(4) Ainult organisatsiooni sisemise töökorralduse vajadusteks või asutustevaheliseks dokumentide menetlemiseks peetavat ja riigi infosüsteemi mittekuuluvat andmekogu ei pea käesoleva paragrahvi lõikes 3 sätestatud korras kooskõlastama.,true,inForce,2018-12-01,,estleg:AVTS_Par_43_3_v114112018005
estleg:AVTS_Par_43_3_Lg_5,estleg:AVTS_Map,§ 43³.,5,(5) Riigi Infosüsteemi Ametiga ning Andmekaitse Inspektsiooniga kooskõlastamise täpsemad tingimused ja kord ning vajadusel andmekogu asutamise ja pidamise tehnilised ja korralduslikud nõuded sätestatakse käesoleva seaduse § 439 lõike 1 punktis 6 nimetatud kindlustavat süsteemi,true,inForce,2018-12-01,,estleg:AVTS_Par_43_3_v114112018005
estleg:AVTS_Par_43_4,estleg:AVTS_Map,§ 43⁴.,,"(1) Andmekogu vastutav töötleja (haldaja) on riigi- või kohaliku omavalitsuse asutus, muu avalik-õiguslik juriidiline isik või avalikke ülesandeid täitev eraõiguslik isik, kes korraldab andmekogu kasutusele võtmist, teenuste ja andmete haldamist. Andmekogu vastutav töötleja vastutab andmekogu haldamise seaduslikkuse ja andmekogu arendamise eest. (1¹) Andmehalduse valdkonda koordineerib Statistikaamet. (1²) Andmehalduse täpsemad nõuded ja tingimused sätestab või tema määrusega. (2) Andmekogu vastutav töötleja võib volitada andmete töötlemise ja andmekogu majutamise teisele riigi- või kohaliku omavalitsuse asutusele, avalik-õiguslikule juriidilisele isikule või hanke- või halduslepingu alusel eraõiguslikule isikule vastutava töötleja poolt ettenähtud ulatuses. (3) Volitatud töötleja on kohustatud täitma vastutava töötleja juhiseid andmete töötlemisel ja andmekogu majutamisel ning tagama andmekogu turvalisuse. (4) Andmekogu vastutav töötleja korraldab riigi poolt kohalikule omavalitsusele pandud või delegeeritud ülesannete täitmiseks asutatud andmekogu keskse tehnoloogilise keskkonna loomise ja haldamise.",true,inForce,2019-04-01,,estleg:AVTS_Par_43_4_v115032019011
estleg:AVTS_Par_43_4_Lg_1,estleg:AVTS_Map,§ 43⁴.,1,"(1) Andmekogu vastutav töötleja (haldaja) on riigi- või kohaliku omavalitsuse asutus, muu avalik-õiguslik juriidiline isik või avalikke ülesandeid täitev eraõiguslik isik, kes korraldab andmekogu kasutusele võtmist, teenuste ja andmete haldamist. Andmekogu vastutav töötleja vastutab andmekogu haldamise seaduslikkuse ja andmekogu arendamise eest.",true,inForce,2019-04-01,,estleg:AVTS_Par_43_4_v115032019011
estleg:AVTS_Par_43_4_Lg_1_1,estleg:AVTS_Map,§ 43⁴.,1¹,(1¹) Andmehalduse valdkonda koordineerib Statistikaamet.,true,inForce,2019-04-01,,estleg:AVTS_Par_43_4_v115032019011
estleg:AVTS_Par_43_4_Lg_1_2,estleg:AVTS_Map,§ 43⁴.,1²,(1²) Andmehalduse täpsemad nõuded ja tingimused sätestab või tema määrusega.,true,inForce,2019-04-01,,estleg:AVTS_Par_43_4_v115032019011
estleg:AVTS_Par_43_4_Lg_2,estleg:AVTS_Map,§ 43⁴.,2,"(2) Andmekogu vastutav töötleja võib volitada andmete töötlemise ja andmekogu majutamise teisele riigi- või kohaliku omavalitsuse asutusele, avalik-õiguslikule juriidilisele isikule või hanke- või halduslepingu alusel eraõiguslikule isikule vastutava töötleja poolt ettenähtud ulatuses.",true,inForce,2019-04-01,,estleg:AVTS_Par_43_4_v115032019011
estleg:AVTS_Par_43_4_Lg_3,estleg:AVTS_Map,§ 43⁴.,3,(3) Volitatud töötleja on kohustatud täitma vastutava töötleja juhiseid andmete töötlemisel ja andmekogu majutamisel ning tagama andmekogu turvalisuse.,true,inForce,2019-04-01,,estleg:AVTS_Par_43_4_v115032019011
estleg:AVTS_Par_43_4_Lg_4,estleg:AVTS_Map,§ 43⁴.,4,(4) Andmekogu vastutav töötleja korraldab riigi poolt kohalikule omavalitsusele pandud või delegeeritud ülesannete täitmiseks asutatud andmekogu keskse tehnoloogilise keskkonna loomise ja haldamise.,true,inForce,2019-04-01,,estleg:AVTS_Par_43_4_v115032019011
estleg:AVTS_Par_43_5,estleg:AVTS_Map,§ 43⁵.,,"(1) Andmekogu põhimääruses sätestatakse andmekogu pidamise kord, sealhulgas andmekogu vastutav töötleja (haldaja) ja vajaduse korral volitatud töötleja, andmekogusse kogutavate andmete koosseis, andmeandjad ja vajaduse korral muud andmekogu pidamisega seotud korralduslikud küsimused. (2) Andmeandjaks on riigi- või kohaliku omavalitsuse asutused või muud avalik-õiguslikud või eraõiguslikud isikud, kui neil on seadusega või selle alusel antud õigusaktiga sätestatud kohustus andmekogusse andmeid esitada või kui nad teevad seda vabatahtlikult.",true,inForce,2019-03-15,,estleg:AVTS_Par_43_5_v113032019036
estleg:AVTS_Par_43_5_Lg_1,estleg:AVTS_Map,§ 43⁵.,1,"(1) Andmekogu põhimääruses sätestatakse andmekogu pidamise kord, sealhulgas andmekogu vastutav töötleja (haldaja) ja vajaduse korral volitatud töötleja, andmekogusse kogutavate andmete koosseis, andmeandjad ja vajaduse korral muud andmekogu pidamisega seotud korralduslikud küsimused.",true,inForce,2019-03-15,,estleg:AVTS_Par_43_5_v113032019036
estleg:AVTS_Par_43_5_Lg_2,estleg:AVTS_Map,§ 43⁵.,2,"(2) Andmeandjaks on riigi- või kohaliku omavalitsuse asutused või muud avalik-õiguslikud või eraõiguslikud isikud, kui neil on seadusega või selle alusel antud õigusaktiga sätestatud kohustus andmekogusse andmeid esitada või kui nad teevad seda vabatahtlikult.",true,inForce,2019-03-15,,estleg:AVTS_Par_43_5_v113032019036
estleg:AVTS_Par_43_6,estleg:AVTS_Map,§ 43⁶.,,"(1) Põhiandmed on riigi infosüsteemi kuuluvasse andmekogusse kogutavad andmekogu unikaalsed andmed, mis tekivad andmekogu haldaja avalike ülesannete täitmise käigus. (2) Andmete töötlemisel, mida kogub põhiandmetena teine riigi infosüsteemi kuuluv andmekogu, tuleb aluseks võtta vastava teise andmekogu põhiandmed. (3) Andmete põhiandmeteks olek määratakse kindlaks käesoleva seaduse § 433 lõike 3 kohaselt kooskõlastatud tehnilise dokumentatsiooni alusel riigi infosüsteemi haldussüsteemis. Põhiandmete kindlaksmääramisel lähtutakse andmekogu asutamise eesmärgist. (4) Õiguslik tähendus antakse andmetele seadusega.",true,inForce,2007-12-28,,estleg:AVTS_Par_43_6_v12895611
estleg:AVTS_Par_43_6_Lg_1,estleg:AVTS_Map,§ 43⁶.,1,"(1) Põhiandmed on riigi infosüsteemi kuuluvasse andmekogusse kogutavad andmekogu unikaalsed andmed, mis tekivad andmekogu haldaja avalike ülesannete täitmise käigus.",true,inForce,2007-12-28,,estleg:AVTS_Par_43_6_v12895611
estleg:AVTS_Par_43_6_Lg_2,estleg:AVTS_Map,§ 43⁶.,2,"(2) Andmete töötlemisel, mida kogub põhiandmetena teine riigi infosüsteemi kuuluv andmekogu, tuleb aluseks võtta vastava teise andmekogu põhiandmed.",true,inForce,2007-12-28,,estleg:AVTS_Par_43_6_v12895611
estleg:AVTS_Par_43_6_Lg_3,estleg:AVTS_Map,§ 43⁶.,3,(3) Andmete põhiandmeteks olek määratakse kindlaks käesoleva seaduse § 433 lõike 3 kohaselt kooskõlastatud tehnilise dokumentatsiooni alusel riigi infosüsteemi haldussüsteemis. Põhiandmete kindlaksmääramisel lähtutakse andmekogu asutamise eesmärgist.,true,inForce,2007-12-28,,estleg:AVTS_Par_43_6_v12895611
estleg:AVTS_Par_43_6_Lg_4,estleg:AVTS_Map,§ 43⁶.,4,(4) Õiguslik tähendus antakse andmetele seadusega.,true,inForce,2007-12-28,,estleg:AVTS_Par_43_6_v12895611
estleg:AVTS_Par_43_7,estleg:AVTS_Map,§ 43⁷.,,(1) Enne andmekogu kasutusele võtmist tuleb see registreerida riigi infosüsteemi haldussüsteemis. Andmekogu registreerimise kord sätestatakse käesoleva seaduse § 439 lõike 1 punktis 6 nimetatud kindlustavat süsteemi (2) Enne riigi infosüsteemi kuuluva andmekogu registreerimist kontrollib ja kooskõlastab vastavat pädevust omav Riigi Infosüsteemi Ameti ametnik või töötaja andmekogu tehnilise vastavuse ning kogutavate andmete koosseisu ja allikate vastavuse seaduse või selle alusel antud õigusaktiga kehtestatud nõuetele.,true,inForce,2014-05-31,,estleg:AVTS_Par_43_7_v121052014023
estleg:AVTS_Par_43_7_Lg_1,estleg:AVTS_Map,§ 43⁷.,1,(1) Enne andmekogu kasutusele võtmist tuleb see registreerida riigi infosüsteemi haldussüsteemis. Andmekogu registreerimise kord sätestatakse käesoleva seaduse § 439 lõike 1 punktis 6 nimetatud kindlustavat süsteemi,true,inForce,2014-05-31,,estleg:AVTS_Par_43_7_v121052014023
estleg:AVTS_Par_43_7_Lg_2,estleg:AVTS_Map,§ 43⁷.,2,(2) Enne riigi infosüsteemi kuuluva andmekogu registreerimist kontrollib ja kooskõlastab vastavat pädevust omav Riigi Infosüsteemi Ameti ametnik või töötaja andmekogu tehnilise vastavuse ning kogutavate andmete koosseisu ja allikate vastavuse seaduse või selle alusel antud õigusaktiga kehtestatud nõuetele.,true,inForce,2014-05-31,,estleg:AVTS_Par_43_7_v121052014023
estleg:AVTS_Par_43_8,estleg:AVTS_Map,§ 43⁸.,,"(1) Andmekogus töödeldavad andmed peavad olema avalikult kättesaadavad, kui neile ei ole seadusega või selle alusel kehtestatud juurdepääsupiirangut. (2) Kehtetu - (3) Julgeolekuasutust puudutavate andmete kajastamisel riigi andmekogudes võib julgeolekuasutuse juhi salajase käskkirja alusel kasutada variandmeid.",true,inForce,2012-12-29,,estleg:AVTS_Par_43_8_v119122012004
estleg:AVTS_Par_43_8_Lg_1,estleg:AVTS_Map,§ 43⁸.,1,"(1) Andmekogus töödeldavad andmed peavad olema avalikult kättesaadavad, kui neile ei ole seadusega või selle alusel kehtestatud juurdepääsupiirangut.",true,inForce,2012-12-29,,estleg:AVTS_Par_43_8_v119122012004
estleg:AVTS_Par_43_8_Lg_2,estleg:AVTS_Map,§ 43⁸.,2,(2) Kehtetu -,true,inForce,2012-12-29,,estleg:AVTS_Par_43_8_v119122012004
estleg:AVTS_Par_43_8_Lg_3,estleg:AVTS_Map,§ 43⁸.,3,(3) Julgeolekuasutust puudutavate andmete kajastamisel riigi andmekogudes võib julgeolekuasutuse juhi salajase käskkirja alusel kasutada variandmeid.,true,inForce,2012-12-29,,estleg:AVTS_Par_43_8_v119122012004
estleg:AVTS_Par_43_9,estleg:AVTS_Map,§ 43⁹.,,"(1) Andmekogude pidamiseks kehtestab Vabariigi Valitsus määrusega järgmised kindlustavad süsteemid: Kehtetu - (2) võib käesoleva paragrahvi lõikes 1 nimetatud kindlustavate süsteemide ja nende rakendamise korra kehtestamise õiguse anda asjaomasele ministrile. (3) Riigi infosüsteemi kindlustavate süsteemide kasutamine on kohustuslik kõigi riigi ja kohaliku omavalitsuse andmekogude pidamisel. Käesoleva seaduse § 433 lõikes 4 nimetatud andmekogu pidamiseks on kohustuslikud käesoleva paragrahvi lõike 1 punktides 1, 2 ja 6 nimetatud kindlustavad süsteemid. (4) Riigi infosüsteemi kindlustavate süsteemide kasutamise kohustuse suhtes võib kooskõlastatult Justiits- ja Digiministeeriumiga teha erandi rahvusvahelisest lepingust tulenevate ülesannete täitmiseks asutatud andmekogule. (5) Andmevahetus riigi infosüsteemi kuuluvate andmekogudega ja riigi infosüsteemi kuuluvate andmekogude vahel toimub läbi riigi infosüsteemi andmevahetuskihi. (6) Käesoleva paragrahvi lõikes 5 toodu ei piira andmevahetust infosüsteemide andmevahetuskihil muude juriidiliste isikute vahel.",true,inForce,2025-01-01,,estleg:AVTS_Par_43_9_v130122024005
estleg:AVTS_Par_43_9_Lg_1,estleg:AVTS_Map,§ 43⁹.,1,(1) Andmekogude pidamiseks kehtestab Vabariigi Valitsus määrusega järgmised kindlustavad süsteemid: Kehtetu -,true,inForce,2025-01-01,,estleg:AVTS_Par_43_9_v130122024005
estleg:AVTS_Par_43_9_Lg_2,estleg:AVTS_Map,§ 43⁹.,2,(2) võib käesoleva paragrahvi lõikes 1 nimetatud kindlustavate süsteemide ja nende rakendamise korra kehtestamise õiguse anda asjaomasele ministrile.,true,inForce,2025-01-01,,estleg:AVTS_Par_43_9_v130122024005
estleg:AVTS_Par_43_9_Lg_3,estleg:AVTS_Map,§ 43⁹.,3,"(3) Riigi infosüsteemi kindlustavate süsteemide kasutamine on kohustuslik kõigi riigi ja kohaliku omavalitsuse andmekogude pidamisel. Käesoleva seaduse § 433 lõikes 4 nimetatud andmekogu pidamiseks on kohustuslikud käesoleva paragrahvi lõike 1 punktides 1, 2 ja 6 nimetatud kindlustavad süsteemid.",true,inForce,2025-01-01,,estleg:AVTS_Par_43_9_v130122024005
estleg:AVTS_Par_43_9_Lg_4,estleg:AVTS_Map,§ 43⁹.,4,(4) Riigi infosüsteemi kindlustavate süsteemide kasutamise kohustuse suhtes võib kooskõlastatult Justiits- ja Digiministeeriumiga teha erandi rahvusvahelisest lepingust tulenevate ülesannete täitmiseks asutatud andmekogule.,true,inForce,2025-01-01,,estleg:AVTS_Par_43_9_v130122024005
estleg:AVTS_Par_43_9_Lg_5,estleg:AVTS_Map,§ 43⁹.,5,(5) Andmevahetus riigi infosüsteemi kuuluvate andmekogudega ja riigi infosüsteemi kuuluvate andmekogude vahel toimub läbi riigi infosüsteemi andmevahetuskihi.,true,inForce,2025-01-01,,estleg:AVTS_Par_43_9_v130122024005
estleg:AVTS_Par_43_9_Lg_6,estleg:AVTS_Map,§ 43⁹.,6,(6) Käesoleva paragrahvi lõikes 5 toodu ei piira andmevahetust infosüsteemide andmevahetuskihil muude juriidiliste isikute vahel.,true,inForce,2025-01-01,,estleg:AVTS_Par_43_9_v130122024005
estleg:AVTS_Par_43_Lg_1,estleg:AVTS_Map,§ 43.,1,"(1) Teabevaldaja peab rakendama organisatsioonilisi, füüsilisi ja infotehnilisi turvameetmeid, et kaitsta asutusesisese teabe: terviklust – juhusliku või tahtliku volitamata muutmise eest; käideldavust – juhusliku hävimise ja tahtliku hävitamise eest ning õigustatud isikule andmete kättesaadavuse takistamise eest; konfidentsiaalsust – juhusliku või tahtliku volitamata juurdepääsu eest.",true,inForce,2016-01-16,,estleg:AVTS_Par_43_v106012016007
estleg:AVTS_Par_43_Lg_2,estleg:AVTS_Map,§ 43.,2,"(2) Organisatsioonilisi, füüsilisi ja infotehnilisi turvameetmeid tuleb rakendada asutusesisese teabe kaitseks olenemata teabe vormingust nii digitaalkujul kui ka paberkandjal teabe osas.",true,inForce,2016-01-16,,estleg:AVTS_Par_43_v106012016007
estleg:AVTS_Par_43_Lg_3,estleg:AVTS_Map,§ 43.,3,"(3) võib määrusega kehtestada asutusesisese teabe tervikluse, käideldavuse ja konfidentsiaalsuse kaitseks rakendatavate organisatsiooniliste, füüsiliste ja infotehniliste turvameetmete loetelu.",true,inForce,2016-01-16,,estleg:AVTS_Par_43_v106012016007
estleg:AVTS_Par_44,estleg:AVTS_Map,§ 44.,,Käesoleva seaduse ja selle alusel kehtestatud õigusaktide täitmise üle teostavad järelevalvet: Andmekaitse Inspektsioon; Riigi Infosüsteemi Amet; Statistikaamet; Tarbijakaitse ja Tehnilise Järelevalve Amet.,true,inForce,2021-12-10,,estleg:AVTS_Par_44_v130112021017
estleg:AVTS_Par_44_Lg_1,estleg:AVTS_Map,§ 44.,,Käesoleva seaduse ja selle alusel kehtestatud õigusaktide täitmise üle teostavad järelevalvet: Andmekaitse Inspektsioon; Riigi Infosüsteemi Amet; Statistikaamet; Tarbijakaitse ja Tehnilise Järelevalve Amet.,true,inForce,2021-12-10,,estleg:AVTS_Par_44_v130112021017
estleg:AVTS_Par_45,estleg:AVTS_Map,§ 45.,,"(1) Andmekaitse Inspektsioon teostab teabevaldajate üle riiklikku ja haldusjärelevalvet nende poolt: teabenõuete täitmisel ja teabe avalikustamisel; veebilehe ja mobiilirakenduse pidamise nõuete täitmisel, välja arvatud ligipääsetavuse nõuete täitmisel; asutusesiseseks kasutamiseks ettenähtud teabe kaitsmisel; andmekogude asutamisel, kasutuselevõtmisel, pidamisel, ümberkorraldamisel ja lõpetamisel. (2) Andmekaitse Inspektsioon võib järelevalvemenetluse algatada vaide alusel või oma algatusel. (3) Kehtetu - (4) Andmekaitse Inspektsioon võib anda soovituslikke juhiseid käesoleva seaduse rakendamiseks.",true,inForce,2021-12-10,,estleg:AVTS_Par_45_v130112021017
estleg:AVTS_Par_45_Lg_1,estleg:AVTS_Map,§ 45.,1,"(1) Andmekaitse Inspektsioon teostab teabevaldajate üle riiklikku ja haldusjärelevalvet nende poolt: teabenõuete täitmisel ja teabe avalikustamisel; veebilehe ja mobiilirakenduse pidamise nõuete täitmisel, välja arvatud ligipääsetavuse nõuete täitmisel; asutusesiseseks kasutamiseks ettenähtud teabe kaitsmisel; andmekogude asutamisel, kasutuselevõtmisel, pidamisel, ümberkorraldamisel ja lõpetamisel.",true,inForce,2021-12-10,,estleg:AVTS_Par_45_v130112021017
estleg:AVTS_Par_45_Lg_2,estleg:AVTS_Map,§ 45.,2,(2) Andmekaitse Inspektsioon võib järelevalvemenetluse algatada vaide alusel või oma algatusel.,true,inForce,2021-12-10,,estleg:AVTS_Par_45_v130112021017
estleg:AVTS_Par_45_Lg_3,estleg:AVTS_Map,§ 45.,3,(3) Kehtetu -,true,inForce,2021-12-10,,estleg:AVTS_Par_45_v130112021017
estleg:AVTS_Par_45_Lg_4,estleg:AVTS_Map,§ 45.,4,(4) Andmekaitse Inspektsioon võib anda soovituslikke juhiseid käesoleva seaduse rakendamiseks.,true,inForce,2021-12-10,,estleg:AVTS_Par_45_v130112021017
estleg:AVTS_Par_46,estleg:AVTS_Map,§ 46.,,"(1) Isik, kelle käesolevas seaduses sätestatud õigusi on rikutud, võib vaidega pöörduda käesoleva seaduse §-s 44 nimetatud järelevalveorgani poole või kaebusega halduskohtusse kas isiklikult või esindaja kaudu. (2) Kui Andmekaitse Inspektsioon jätab vaide rahuldamata, siis on vaide esitajal õigus pöörduda teabevaldaja vastu halduskohtusse.",true,inForce,2019-03-15,,estleg:AVTS_Par_46_v113032019036
estleg:AVTS_Par_46_Lg_1,estleg:AVTS_Map,§ 46.,1,"(1) Isik, kelle käesolevas seaduses sätestatud õigusi on rikutud, võib vaidega pöörduda käesoleva seaduse §-s 44 nimetatud järelevalveorgani poole või kaebusega halduskohtusse kas isiklikult või esindaja kaudu.",true,inForce,2019-03-15,,estleg:AVTS_Par_46_v113032019036
estleg:AVTS_Par_46_Lg_2,estleg:AVTS_Map,§ 46.,2,"(2) Kui Andmekaitse Inspektsioon jätab vaide rahuldamata, siis on vaide esitajal õigus pöörduda teabevaldaja vastu halduskohtusse.",true,inForce,2019-03-15,,estleg:AVTS_Par_46_v113032019036
estleg:AVTS_Par_47,estleg:AVTS_Map,§ 47.,,Kehtetu -,true,inForce,2011-01-16,,estleg:AVTS_Par_47_v106012011026
estleg:AVTS_Par_48,estleg:AVTS_Map,§ 48.,,Kehtetu -,true,inForce,2019-03-15,,estleg:AVTS_Par_48_v113032019036
estleg:AVTS_Par_49,estleg:AVTS_Map,§ 49.,,Kehtetu -,true,inForce,2019-03-15,,estleg:AVTS_Par_49_v113032019036
estleg:AVTS_Par_4_1,estleg:AVTS_Map,§ 4¹.,,"(1) Avaandmed, mille taaskasutamist seostatakse ühiskonnale, keskkonnale ja majandusele oluliste hüvedega eelkõige nende sobivuse tõttu lisaväärtusteenuste ja -rakenduste ning uute kõrge kvaliteediga ja inimväärsete töökohtade loomiseks ning sellistest teenustest ja rakendustest kasu saavate inimeste arvu tõttu (edaspidi väärtuslikud andmestikud), teeb teabevaldaja taaskasutamiseks kättesaadavaks tasuta, masinloetavas vormingus selleks sobiva rakendusliidese kaudu ja asjakohasel juhul hulgiallalaaditavate andmestikena. (2) Väärtuslike andmestike temaatilised kategooriad on kehtestatud Euroopa Parlamendi ja nõukogu direktiivi (EL) 2019/1024 avaandmete ja avaliku sektori valduses oleva teabe taaskasutamise kohta (ELT L 172, 26.06.2019, lk 56–83) artikli 13 lõike 1 või 2 alusel direktiivi I lisas. Väärtuslike andmestike nimekiri ning avaldamise ja taaskasutamise tingimused ja kord sätestatakse sama direktiivi artikli 14 lõike 1 alusel kehtestatud Euroopa Komisjoni rakendusmääruses. (3) Lisaks käesoleva paragrahvi lõikes 2 sätestatule võib määrusega kehtestada muu väärtuslike andmestike kategooria ning selle andmestike nimekirja, avaldamise ja taaskasutamise tingimused ning korra. (4) Väärtuslikke andmestikke ei pea taaskasutamiseks tasuta kättesaadavaks tegema raamatukogu, muuseum ega arhiiv. - § 4¹ jõustub Euroopa Parlamendi ja nõukogu direktiivi (EL) 2019/1024 artikli 14 lõikes 1 nimetatud Euroopa Komisjoni rakendusmääruse kohaldatavaks muutumise päeval.",true,inForce,2021-12-10,,estleg:AVTS_Par_4_1_v130112021017
estleg:AVTS_Par_4_1_Lg_1,estleg:AVTS_Map,§ 4¹.,1,"(1) Avaandmed, mille taaskasutamist seostatakse ühiskonnale, keskkonnale ja majandusele oluliste hüvedega eelkõige nende sobivuse tõttu lisaväärtusteenuste ja -rakenduste ning uute kõrge kvaliteediga ja inimväärsete töökohtade loomiseks ning sellistest teenustest ja rakendustest kasu saavate inimeste arvu tõttu (edaspidi väärtuslikud andmestikud), teeb teabevaldaja taaskasutamiseks kättesaadavaks tasuta, masinloetavas vormingus selleks sobiva rakendusliidese kaudu ja asjakohasel juhul hulgiallalaaditavate andmestikena.",true,inForce,2021-12-10,,estleg:AVTS_Par_4_1_v130112021017
estleg:AVTS_Par_4_1_Lg_2,estleg:AVTS_Map,§ 4¹.,2,"(2) Väärtuslike andmestike temaatilised kategooriad on kehtestatud Euroopa Parlamendi ja nõukogu direktiivi (EL) 2019/1024 avaandmete ja avaliku sektori valduses oleva teabe taaskasutamise kohta (ELT L 172, 26.06.2019, lk 56–83) artikli 13 lõike 1 või 2 alusel direktiivi I lisas. Väärtuslike andmestike nimekiri ning avaldamise ja taaskasutamise tingimused ja kord sätestatakse sama direktiivi artikli 14 lõike 1 alusel kehtestatud Euroopa Komisjoni rakendusmääruses.",true,inForce,2021-12-10,,estleg:AVTS_Par_4_1_v130112021017
estleg:AVTS_Par_4_1_Lg_3,estleg:AVTS_Map,§ 4¹.,3,"(3) Lisaks käesoleva paragrahvi lõikes 2 sätestatule võib määrusega kehtestada muu väärtuslike andmestike kategooria ning selle andmestike nimekirja, avaldamise ja taaskasutamise tingimused ning korra.",true,inForce,2021-12-10,,estleg:AVTS_Par_4_1_v130112021017
estleg:AVTS_Par_4_1_Lg_4,estleg:AVTS_Map,§ 4¹.,4,"(4) Väärtuslikke andmestikke ei pea taaskasutamiseks tasuta kättesaadavaks tegema raamatukogu, muuseum ega arhiiv. - § 4¹ jõustub Euroopa Parlamendi ja nõukogu direktiivi (EL) 2019/1024 artikli 14 lõikes 1 nimetatud Euroopa Komisjoni rakendusmääruse kohaldatavaks muutumise päeval.",true,inForce,2021-12-10,,estleg:AVTS_Par_4_1_v130112021017
estleg:AVTS_Par_4_Lg_1,estleg:AVTS_Map,§ 4.,1,"(1) Demokraatliku riigikorralduse tagamiseks ning avaliku huvi ja igaühe õiguste, vabaduste ja kohustuste täitmise võimaldamiseks on teabevaldajad kohustatud tagama juurdepääsu nende valduses olevale teabele seaduses sätestatud tingimustel ja korras.",true,inForce,2012-12-29,,estleg:AVTS_Par_4_v119122012004
estleg:AVTS_Par_4_Lg_2,estleg:AVTS_Map,§ 4.,2,(2) Teabele juurdepääs tuleb tagada igaühele võimalikult kiirel ja hõlpsal viisil.,true,inForce,2012-12-29,,estleg:AVTS_Par_4_v119122012004
estleg:AVTS_Par_4_Lg_3,estleg:AVTS_Map,§ 4.,3,(3) Teabele juurdepääsu võimaldamisel peab olema tagatud isiku eraelu puutumatus ja autoriõiguste kaitse.,true,inForce,2012-12-29,,estleg:AVTS_Par_4_v119122012004
estleg:AVTS_Par_4_Lg_4,estleg:AVTS_Map,§ 4.,4,"(4) Juurdepääs teabele võimaldatakse tasuta, välja arvatud juhul, kui teabe väljastamisega seotud otseste kulutuste eest maksmine on seadusega ette nähtud.",true,inForce,2012-12-29,,estleg:AVTS_Par_4_v119122012004
estleg:AVTS_Par_4_Lg_4_1,estleg:AVTS_Map,§ 4.,4¹,(4¹) Teabevaldaja peab avaldama teabele juurdepääsu tingimused ja juurdepääsutasu suuruse ning teabenõudja soovil andma selgitusi tasude kulupõhisuse kohta.,true,inForce,2012-12-29,,estleg:AVTS_Par_4_v119122012004
estleg:AVTS_Par_4_Lg_4_2,estleg:AVTS_Map,§ 4.,4²,(4²) Juurdepääsu tingimused ei tohi olla põhjendamatult piiravad ega konkurentsi kahjustavad.,true,inForce,2012-12-29,,estleg:AVTS_Par_4_v119122012004
estleg:AVTS_Par_4_Lg_4_3,estleg:AVTS_Map,§ 4.,4³,"(4³) Kui teabevaldaja kasutab teavet tegevuses, mis ei kuulu avalik-õiguslike ülesannete täitmise alla, kohaldatakse talle teabe andmisel sama tasu ja muid tingimusi, mis kehtivad teistele taotlejatele, tagades võrdse kohtlemise.",true,inForce,2012-12-29,,estleg:AVTS_Par_4_v119122012004
estleg:AVTS_Par_4_Lg_5,estleg:AVTS_Map,§ 4.,5,"(5) Igaühel on õigus vaidlustada teabele juurdepääsu piiramist, kui selline piirang rikub tema õigusi ja vabadusi.",true,inForce,2012-12-29,,estleg:AVTS_Par_4_v119122012004
estleg:AVTS_Par_5,estleg:AVTS_Map,§ 5.,,"(1) Teabevaldajaks on: riigi- ja kohaliku omavalitsuse asutus; avalik-õiguslik juriidiline isik; eraõiguslik juriidiline isik ja füüsiline isik käesoleva paragrahvi lõikes 2 sätestatud tingimustel. (2) Eraõiguslikule juriidilisele isikule ja füüsilisele isikule laienevad teabevaldaja kohustused, kui isik täidab seaduse, haldusakti või lepingu alusel avalikke ülesandeid, sealhulgas osutab haridus-, tervishoiu-, sotsiaal- või muid avalikke teenuseid, – teabe osas, mis puudutab nende ülesannete täitmist. (3) Teabevaldajaga võrdsustatakse: ettevõtja, kes on kaubaturul valitsevas seisundis, omab eri- või ainuõigust või loomulikku monopoli, – teabe osas, mis puudutab kaupade ja teenuste pakkumise tingimusi, hindu ja nende muudatusi; füüsilisest isikust ettevõtja, mittetulundusühing, sihtasutus või äriühing, – teabe osas, mis puudutab riigi või kohaliku omavalitsuse eelarvest avalike ülesannete täitmiseks või toetusena antud vahendite kasutamist.",true,inForce,2011-01-16,,estleg:AVTS_Par_5_v106012011026
estleg:AVTS_Par_50,estleg:AVTS_Map,§ 50.,,"Andmekaitse Inspektsioon võib käesolevas seaduses sätestatud riikliku järelevalve teostamiseks kohaldada korrakaitseseaduse §-s 30, 32, 49, 50 ja 51 sätestatud riikliku järelevalve erimeedet korrakaitseseaduses sätestatud alusel ja korras.",true,inForce,2014-07-01,,estleg:AVTS_Par_50_v121052014024
estleg:AVTS_Par_50_Lg_1,estleg:AVTS_Map,§ 50.,,"Andmekaitse Inspektsioon võib käesolevas seaduses sätestatud riikliku järelevalve teostamiseks kohaldada korrakaitseseaduse §-s 30, 32, 49, 50 ja 51 sätestatud riikliku järelevalve erimeedet korrakaitseseaduses sätestatud alusel ja korras.",true,inForce,2014-07-01,,estleg:AVTS_Par_50_v121052014024
estleg:AVTS_Par_51,estleg:AVTS_Map,§ 51.,,"(1) Andmekaitse Inspektsioon võib teha teabevaldajale ettekirjutuse seadusliku olukorra taastamiseks, kui ta leiab, et teabevaldaja: on ebaseaduslikult keeldunud teabenõude täitmisest; ei ole teabenõudele vastanud ettenähtud tähtajal; ei ole teabenõuet täitnud nõuetekohaselt; ei ole teabenõuet menetlenud nõuetekohaselt; on jätnud avalikustamisele kuuluva teabe nõuetekohaselt avalikustamata; ei ole nõuetekohaselt täitnud veebilehe pidamise kohustust; on teabele ebaseaduslikult kehtestanud juurdepääsupiirangud; on jätnud seaduses sätestatud juurdepääsupiirangu kehtestamata; on väljastanud käesoleva seaduse alusel kehtestatud juurdepääsupiirangutega teavet. (2) Kehtetu - (3) Käesoleva paragrahvi lõikes 1 nimetatud ettekirjutuse täitmata jätmisel võib Andmekaitse Inspektsioon rakendada sunniraha asendustäitmise ja sunniraha seaduses sätestatud korras. Sunniraha ülemmäär on 9600 eurot.",true,inForce,2015-01-01,,estleg:AVTS_Par_51_v112072014033
estleg:AVTS_Par_51_Lg_1,estleg:AVTS_Map,§ 51.,1,"(1) Andmekaitse Inspektsioon võib teha teabevaldajale ettekirjutuse seadusliku olukorra taastamiseks, kui ta leiab, et teabevaldaja: on ebaseaduslikult keeldunud teabenõude täitmisest; ei ole teabenõudele vastanud ettenähtud tähtajal; ei ole teabenõuet täitnud nõuetekohaselt; ei ole teabenõuet menetlenud nõuetekohaselt; on jätnud avalikustamisele kuuluva teabe nõuetekohaselt avalikustamata; ei ole nõuetekohaselt täitnud veebilehe pidamise kohustust; on teabele ebaseaduslikult kehtestanud juurdepääsupiirangud; on jätnud seaduses sätestatud juurdepääsupiirangu kehtestamata; on väljastanud käesoleva seaduse alusel kehtestatud juurdepääsupiirangutega teavet.",true,inForce,2015-01-01,,estleg:AVTS_Par_51_v112072014033
estleg:AVTS_Par_51_Lg_2,estleg:AVTS_Map,§ 51.,2,(2) Kehtetu -,true,inForce,2015-01-01,,estleg:AVTS_Par_51_v112072014033
estleg:AVTS_Par_51_Lg_3,estleg:AVTS_Map,§ 51.,3,(3) Käesoleva paragrahvi lõikes 1 nimetatud ettekirjutuse täitmata jätmisel võib Andmekaitse Inspektsioon rakendada sunniraha asendustäitmise ja sunniraha seaduses sätestatud korras. Sunniraha ülemmäär on 9600 eurot.,true,inForce,2015-01-01,,estleg:AVTS_Par_51_v112072014033
estleg:AVTS_Par_52,estleg:AVTS_Map,§ 52.,,(1) Teabevaldaja võtab ettekirjutuse saamisest alates viie tööpäeva jooksul kasutusele abinõud ettekirjutuse täitmiseks ja teatab sellest Andmekaitse Inspektsioonile. Andmekaitse Inspektsioon avalikustab teate oma veebilehel. (2) Kehtetu -,true,inForce,2011-01-16,,estleg:AVTS_Par_52_v106012011026
estleg:AVTS_Par_52_Lg_1,estleg:AVTS_Map,§ 52.,1,(1) Teabevaldaja võtab ettekirjutuse saamisest alates viie tööpäeva jooksul kasutusele abinõud ettekirjutuse täitmiseks ja teatab sellest Andmekaitse Inspektsioonile. Andmekaitse Inspektsioon avalikustab teate oma veebilehel.,true,inForce,2011-01-16,,estleg:AVTS_Par_52_v106012011026
estleg:AVTS_Par_52_Lg_2,estleg:AVTS_Map,§ 52.,2,(2) Kehtetu -,true,inForce,2011-01-16,,estleg:AVTS_Par_52_v106012011026
estleg:AVTS_Par_53,estleg:AVTS_Map,§ 53.,,"(1) Kui teabevaldaja jätab Andmekaitse Inspektsiooni ettekirjutuse täitmata, võib Andmekaitse Inspektsioon pöörduda teabevaldaja kõrgemalseisva asutuse, isiku või kogu poole teenistusliku järelevalve korraldamiseks või ametniku suhtes distsiplinaarmenetluse algatamiseks. (2) Teenistusliku järelevalve teostaja või distsiplinaarmenetluse algatamise õigust omav isik on kohustatud taotluse läbi vaatama selle saamisest alates ühe kuu jooksul ja esitama oma põhjendatud arvamuse Andmekaitse Inspektsioonile. Teenistusliku järelevalve või distsiplinaarmenetluse algatamise korral on järelevalve teostajal või distsiplinaarmenetluse algatamise õigust omaval isikul kohustus teavitada Andmekaitse Inspektsiooni viivitamata selle tulemustest.",true,inForce,2015-01-01,,estleg:AVTS_Par_53_v112072014033
estleg:AVTS_Par_53_1,estleg:AVTS_Map,§ 53¹.,,"(1) Riigi Infosüsteemi Amet teostab haldus- ja riiklikku järelevalvet infosüsteemide andmevahetuskihiga liitumise üle. (2) Käesoleva paragrahvi lõikes 1 nimetatud riikliku järelevalve teostamisel võib Riigi Infosüsteemi Amet kohaldada korrakaitseseaduse §-des 30, 31, 32, 49, 50, 51 ja 52 sätestatud riikliku järelevalve erimeetmeid korrakaitseseaduses sätestatud alusel ja korras.",true,inForce,2023-01-01,,estleg:AVTS_Par_53_1_v106082022020
estleg:AVTS_Par_53_1_Lg_1,estleg:AVTS_Map,§ 53¹.,1,(1) Riigi Infosüsteemi Amet teostab haldus- ja riiklikku järelevalvet infosüsteemide andmevahetuskihiga liitumise üle.,true,inForce,2023-01-01,,estleg:AVTS_Par_53_1_v106082022020
estleg:AVTS_Par_53_1_Lg_2,estleg:AVTS_Map,§ 53¹.,2,"(2) Käesoleva paragrahvi lõikes 1 nimetatud riikliku järelevalve teostamisel võib Riigi Infosüsteemi Amet kohaldada korrakaitseseaduse §-des 30, 31, 32, 49, 50, 51 ja 52 sätestatud riikliku järelevalve erimeetmeid korrakaitseseaduses sätestatud alusel ja korras.",true,inForce,2023-01-01,,estleg:AVTS_Par_53_1_v106082022020
estleg:AVTS_Par_53_2,estleg:AVTS_Map,§ 53².,,Statistikaamet teostab haldusjärelevalvet andmehalduse nõuete täitmise üle.,true,inForce,2019-04-01,,estleg:AVTS_Par_53_2_v115032019011
estleg:AVTS_Par_53_2_Lg_1,estleg:AVTS_Map,§ 53².,,Statistikaamet teostab haldusjärelevalvet andmehalduse nõuete täitmise üle.,true,inForce,2019-04-01,,estleg:AVTS_Par_53_2_v115032019011
estleg:AVTS_Par_53_3,estleg:AVTS_Map,§ 53³.,,"(1) Tarbijakaitse ja Tehnilise Järelevalve Amet teostab teabevaldajate üle riiklikku ja haldusjärelevalvet nende poolt veebilehe ja mobiilirakenduse ligipääsetavuse nõuete täitmise kohta. (2) Tarbijakaitse ja Tehnilise Järelevalve Amet võib anda soovituslikke juhiseid veebilehe ja mobiilirakenduse ligipääsetavuse nõuete rakendamiseks. (3) Käesoleva paragrahvi lõikes 1 nimetatud riikliku järelevalve teostamisel võib Tarbijakaitse ja Tehnilise Järelevalve Amet kohaldada korrakaitseseaduse §-des 30, 32, 49, 50 ja 51 sätestatud riikliku järelevalve erimeetmeid korrakaitseseaduses sätestatud alusel ja korras.",true,inForce,2021-12-10,,estleg:AVTS_Par_53_3_v130112021017
estleg:AVTS_Par_53_3_Lg_1,estleg:AVTS_Map,§ 53³.,1,(1) Tarbijakaitse ja Tehnilise Järelevalve Amet teostab teabevaldajate üle riiklikku ja haldusjärelevalvet nende poolt veebilehe ja mobiilirakenduse ligipääsetavuse nõuete täitmise kohta.,true,inForce,2021-12-10,,estleg:AVTS_Par_53_3_v130112021017
estleg:AVTS_Par_53_3_Lg_2,estleg:AVTS_Map,§ 53³.,2,(2) Tarbijakaitse ja Tehnilise Järelevalve Amet võib anda soovituslikke juhiseid veebilehe ja mobiilirakenduse ligipääsetavuse nõuete rakendamiseks.,true,inForce,2021-12-10,,estleg:AVTS_Par_53_3_v130112021017
estleg:AVTS_Par_53_3_Lg_3,estleg:AVTS_Map,§ 53³.,3,"(3) Käesoleva paragrahvi lõikes 1 nimetatud riikliku järelevalve teostamisel võib Tarbijakaitse ja Tehnilise Järelevalve Amet kohaldada korrakaitseseaduse §-des 30, 32, 49, 50 ja 51 sätestatud riikliku järelevalve erimeetmeid korrakaitseseaduses sätestatud alusel ja korras.",true,inForce,2021-12-10,,estleg:AVTS_Par_53_3_v130112021017
estleg:AVTS_Par_53_4,estleg:AVTS_Map,§ 53⁴.,,Teabevaldaja võtab ettekirjutuse saamisest alates viie tööpäeva jooksul kasutusele abinõud ettekirjutuse täitmiseks ning teatab sellest Tarbijakaitse ja Tehnilise Järelevalve Ametile. Tarbijakaitse ja Tehnilise Järelevalve Amet avalikustab teate oma veebilehel.,true,inForce,2021-12-10,,estleg:AVTS_Par_53_4_v130112021017
estleg:AVTS_Par_53_4_Lg_1,estleg:AVTS_Map,§ 53⁴.,,Teabevaldaja võtab ettekirjutuse saamisest alates viie tööpäeva jooksul kasutusele abinõud ettekirjutuse täitmiseks ning teatab sellest Tarbijakaitse ja Tehnilise Järelevalve Ametile. Tarbijakaitse ja Tehnilise Järelevalve Amet avalikustab teate oma veebilehel.,true,inForce,2021-12-10,,estleg:AVTS_Par_53_4_v130112021017
estleg:AVTS_Par_53_5,estleg:AVTS_Map,§ 53⁵.,,"(1) Kui teabevaldaja jätab Tarbijakaitse ja Tehnilise Järelevalve Ameti ettekirjutuse täitmata, võib amet pöörduda teabevaldaja kõrgemalseisva asutuse, isiku või kogu poole teenistusliku järelevalve korraldamiseks või ametniku suhtes distsiplinaarmenetluse algatamiseks. (2) Teenistusliku järelevalve teostaja või distsiplinaarmenetluse algatamise õigust omav isik on kohustatud taotluse läbi vaatama selle saamisest alates ühe kuu jooksul ja esitama oma põhjendatud arvamuse Tarbijakaitse ja Tehnilise Järelevalve Ametile. Teenistusliku järelevalve või distsiplinaarmenetluse algatamise korral on järelevalve teostajal või distsiplinaarmenetluse algatamise õigust omaval isikul kohustus teavitada Tarbijakaitse ja Tehnilise Järelevalve Ametit viivitamata selle tulemustest.",true,inForce,2021-12-10,,estleg:AVTS_Par_53_5_v130112021017
estleg:AVTS_Par_53_5_Lg_1,estleg:AVTS_Map,§ 53⁵.,1,"(1) Kui teabevaldaja jätab Tarbijakaitse ja Tehnilise Järelevalve Ameti ettekirjutuse täitmata, võib amet pöörduda teabevaldaja kõrgemalseisva asutuse, isiku või kogu poole teenistusliku järelevalve korraldamiseks või ametniku suhtes distsiplinaarmenetluse algatamiseks.",true,inForce,2021-12-10,,estleg:AVTS_Par_53_5_v130112021017
estleg:AVTS_Par_53_5_Lg_2,estleg:AVTS_Map,§ 53⁵.,2,(2) Teenistusliku järelevalve teostaja või distsiplinaarmenetluse algatamise õigust omav isik on kohustatud taotluse läbi vaatama selle saamisest alates ühe kuu jooksul ja esitama oma põhjendatud arvamuse Tarbijakaitse ja Tehnilise Järelevalve Ametile. Teenistusliku järelevalve või distsiplinaarmenetluse algatamise korral on järelevalve teostajal või distsiplinaarmenetluse algatamise õigust omaval isikul kohustus teavitada Tarbijakaitse ja Tehnilise Järelevalve Ametit viivitamata selle tulemustest.,true,inForce,2021-12-10,,estleg:AVTS_Par_53_5_v130112021017
estleg:AVTS_Par_53_Lg_1,estleg:AVTS_Map,§ 53.,1,"(1) Kui teabevaldaja jätab Andmekaitse Inspektsiooni ettekirjutuse täitmata, võib Andmekaitse Inspektsioon pöörduda teabevaldaja kõrgemalseisva asutuse, isiku või kogu poole teenistusliku järelevalve korraldamiseks või ametniku suhtes distsiplinaarmenetluse algatamiseks.",true,inForce,2015-01-01,,estleg:AVTS_Par_53_v112072014033
estleg:AVTS_Par_53_Lg_2,estleg:AVTS_Map,§ 53.,2,(2) Teenistusliku järelevalve teostaja või distsiplinaarmenetluse algatamise õigust omav isik on kohustatud taotluse läbi vaatama selle saamisest alates ühe kuu jooksul ja esitama oma põhjendatud arvamuse Andmekaitse Inspektsioonile. Teenistusliku järelevalve või distsiplinaarmenetluse algatamise korral on järelevalve teostajal või distsiplinaarmenetluse algatamise õigust omaval isikul kohustus teavitada Andmekaitse Inspektsiooni viivitamata selle tulemustest.,true,inForce,2015-01-01,,estleg:AVTS_Par_53_v112072014033
estleg:AVTS_Par_54,estleg:AVTS_Map,§ 54.,,"(1) Andmekaitse Inspektsioon esitab Riigikogu põhiseaduskomisjonile ning õiguskantslerile iga aasta 1. aprilliks ettekande käesoleva seaduse täitmise kohta eelmisel aastal. (2) Ettekandes esitatakse ülevaade seaduserikkumistest ja need toime pannud teabevaldajatest, vaietest, ettekirjutustest, alustatud väärteomenetlustest ja määratud karistustest ning muudest seaduse rakendamisega seotud asjaoludest. (3) Ettekanne avalikustatakse Andmekaitse Inspektsiooni veebilehel. (4) Käesoleva paragrahvi lõikes 1 nimetatud korralisele ettekandele lisaks võib Andmekaitse Inspektsiooni juht esitada Riigikogu põhiseaduskomisjonile ja õiguskantslerile ettekandeid käesoleva seaduse täitmise üle teostatud järelevalve käigus ilmnenud oluliste, ulatusliku mõjuga või kiiret lahendamist vajavate probleemide kohta.",true,inForce,2015-01-01,,estleg:AVTS_Par_54_v112072014033
estleg:AVTS_Par_54_1,estleg:AVTS_Map,§ 54¹.,,(1) Teadvalt ebaõige avaliku teabe väljastamise või asutusesiseseks kasutamiseks ettenähtud teabe avalikustamise või väljastamise eest –karistatakse rahatrahviga kuni 300 trahviühikut. (2) Kehtetu - (3) Käesolevas paragrahvis sätestatud väärtegude kohtuväline menetleja on Andmekaitse Inspektsioon.,true,inForce,2015-01-01,,estleg:AVTS_Par_54_1_v112072014033
estleg:AVTS_Par_54_1_Lg_1,estleg:AVTS_Map,§ 54¹.,1,(1) Teadvalt ebaõige avaliku teabe väljastamise või asutusesiseseks kasutamiseks ettenähtud teabe avalikustamise või väljastamise eest –karistatakse rahatrahviga kuni 300 trahviühikut.,true,inForce,2015-01-01,,estleg:AVTS_Par_54_1_v112072014033
estleg:AVTS_Par_54_1_Lg_2,estleg:AVTS_Map,§ 54¹.,2,(2) Kehtetu -,true,inForce,2015-01-01,,estleg:AVTS_Par_54_1_v112072014033
estleg:AVTS_Par_54_1_Lg_3,estleg:AVTS_Map,§ 54¹.,3,(3) Käesolevas paragrahvis sätestatud väärtegude kohtuväline menetleja on Andmekaitse Inspektsioon.,true,inForce,2015-01-01,,estleg:AVTS_Par_54_1_v112072014033
estleg:AVTS_Par_54_Lg_1,estleg:AVTS_Map,§ 54.,1,(1) Andmekaitse Inspektsioon esitab Riigikogu põhiseaduskomisjonile ning õiguskantslerile iga aasta 1. aprilliks ettekande käesoleva seaduse täitmise kohta eelmisel aastal.,true,inForce,2015-01-01,,estleg:AVTS_Par_54_v112072014033
estleg:AVTS_Par_54_Lg_2,estleg:AVTS_Map,§ 54.,2,"(2) Ettekandes esitatakse ülevaade seaduserikkumistest ja need toime pannud teabevaldajatest, vaietest, ettekirjutustest, alustatud väärteomenetlustest ja määratud karistustest ning muudest seaduse rakendamisega seotud asjaoludest.",true,inForce,2015-01-01,,estleg:AVTS_Par_54_v112072014033
estleg:AVTS_Par_54_Lg_3,estleg:AVTS_Map,§ 54.,3,(3) Ettekanne avalikustatakse Andmekaitse Inspektsiooni veebilehel.,true,inForce,2015-01-01,,estleg:AVTS_Par_54_v112072014033
estleg:AVTS_Par_54_Lg_4,estleg:AVTS_Map,§ 54.,4,"(4) Käesoleva paragrahvi lõikes 1 nimetatud korralisele ettekandele lisaks võib Andmekaitse Inspektsiooni juht esitada Riigikogu põhiseaduskomisjonile ja õiguskantslerile ettekandeid käesoleva seaduse täitmise üle teostatud järelevalve käigus ilmnenud oluliste, ulatusliku mõjuga või kiiret lahendamist vajavate probleemide kohta.",true,inForce,2015-01-01,,estleg:AVTS_Par_54_v112072014033
estleg:AVTS_Par_55,estleg:AVTS_Map,§ 55.,,Riik ja kohalikud omavalitsused tagavad aastaks 2002 võimaluse avalikule teabele juurdepääsuks andmesidevõrgu kaudu rahvaraamatukogudes.,true,inForce,2002-06-01,,estleg:AVTS_Par_55_v26643
estleg:AVTS_Par_55_Lg_1,estleg:AVTS_Map,§ 55.,,Riik ja kohalikud omavalitsused tagavad aastaks 2002 võimaluse avalikule teabele juurdepääsuks andmesidevõrgu kaudu rahvaraamatukogudes.,true,inForce,2002-06-01,,estleg:AVTS_Par_55_v26643
estleg:AVTS_Par_56,estleg:AVTS_Map,§ 56.,,(1) Ministrid oma valitsemisalas ning riigisekretär ja maavanemad enda hallatavate riigiasutuste osas kehtestavad 2001. aasta 1. juuniks ajakavad käesoleva seaduse nõuetele vastava veebilehe pidamisele üleminekuks. (2) Käesoleva seaduse §-s 31 nimetatud teabevaldajad alustavad käesoleva seaduse nõuetele vastava veebilehe pidamist mitte hiljem kui 2002. aasta 1. märtsist.,true,inForce,2002-06-01,,estleg:AVTS_Par_56_v26643
estleg:AVTS_Par_56_1,estleg:AVTS_Map,§ 56¹.,,(1) Pärast 2018. aasta 23. septembrit esimest korda avaldatud veebilehtede suhtes kohaldatakse käesoleva seaduse § 32 lõike 1 punktides 6 ja 7 sätestatut alates 2019. aasta 23. septembrist. (2) Enne 2018. aasta 23. septembrit avaldatud veebilehtede suhtes kohaldatakse käesoleva seaduse § 32 lõike 1 punktides 6 ja 7 sätestatut alates 2020. aasta 23. septembrist. (3) Käesoleva seaduse §-s 32 sätestatud mobiilirakenduse pidamise nõudeid kohaldatakse alates 2021. aasta 23. juunist.,true,inForce,2018-12-01,,estleg:AVTS_Par_56_1_v114112018005
estleg:AVTS_Par_56_1_Lg_1,estleg:AVTS_Map,§ 56¹.,1,(1) Pärast 2018. aasta 23. septembrit esimest korda avaldatud veebilehtede suhtes kohaldatakse käesoleva seaduse § 32 lõike 1 punktides 6 ja 7 sätestatut alates 2019. aasta 23. septembrist.,true,inForce,2018-12-01,,estleg:AVTS_Par_56_1_v114112018005
estleg:AVTS_Par_56_1_Lg_2,estleg:AVTS_Map,§ 56¹.,2,(2) Enne 2018. aasta 23. septembrit avaldatud veebilehtede suhtes kohaldatakse käesoleva seaduse § 32 lõike 1 punktides 6 ja 7 sätestatut alates 2020. aasta 23. septembrist.,true,inForce,2018-12-01,,estleg:AVTS_Par_56_1_v114112018005
estleg:AVTS_Par_56_1_Lg_3,estleg:AVTS_Map,§ 56¹.,3,(3) Käesoleva seaduse §-s 32 sätestatud mobiilirakenduse pidamise nõudeid kohaldatakse alates 2021. aasta 23. juunist.,true,inForce,2018-12-01,,estleg:AVTS_Par_56_1_v114112018005
estleg:AVTS_Par_56_Lg_1,estleg:AVTS_Map,§ 56.,1,(1) Ministrid oma valitsemisalas ning riigisekretär ja maavanemad enda hallatavate riigiasutuste osas kehtestavad 2001. aasta 1. juuniks ajakavad käesoleva seaduse nõuetele vastava veebilehe pidamisele üleminekuks.,true,inForce,2002-06-01,,estleg:AVTS_Par_56_v26643
estleg:AVTS_Par_56_Lg_2,estleg:AVTS_Map,§ 56.,2,(2) Käesoleva seaduse §-s 31 nimetatud teabevaldajad alustavad käesoleva seaduse nõuetele vastava veebilehe pidamist mitte hiljem kui 2002. aasta 1. märtsist.,true,inForce,2002-06-01,,estleg:AVTS_Par_56_v26643
estleg:AVTS_Par_57,estleg:AVTS_Map,§ 57.,,"Vabariigi Valitsus, ministeeriumid ja kohaliku omavalitsuse organid viivad andmekogude pidamist reguleerivad õigusaktid käesoleva seadusega ja käesoleva seaduse kohaselt andmekogude seaduses tehtavate muudatustega kooskõlla 2002. aasta 1. jaanuariks.",true,inForce,2002-06-01,,estleg:AVTS_Par_57_v26643
estleg:AVTS_Par_57_Lg_1,estleg:AVTS_Map,§ 57.,,"Vabariigi Valitsus, ministeeriumid ja kohaliku omavalitsuse organid viivad andmekogude pidamist reguleerivad õigusaktid käesoleva seadusega ja käesoleva seaduse kohaselt andmekogude seaduses tehtavate muudatustega kooskõlla 2002. aasta 1. jaanuariks.",true,inForce,2002-06-01,,estleg:AVTS_Par_57_v26643
estleg:AVTS_Par_58,estleg:AVTS_Map,§ 58.,,(1) Vabariigi Valitsus kehtestab riigi- ja kohaliku omavalitsuse asutuste ning avalik-õiguslike juriidiliste isikute asjaajamiskorra alused 2001. aasta 1. märtsiks. (2) Teabevaldajad viivad oma asjaajamiskorrad käesoleva seadusega kooskõlla 2001. aasta 1. juuniks.,true,inForce,2018-12-01,,estleg:AVTS_Par_58_v114112018005
estleg:AVTS_Par_58_1,estleg:AVTS_Map,§ 58¹.,,"(1) Andmekogude seadusega kooskõlas asutatud riiklike registrite pidamise põhimäärused ja nende alusel peetavad andmekogud ning muud riigi ja kohalike omavalitsuste andmekogud viiakse käesoleva seadusega kooskõlla kuue kuu jooksul andmekogude seaduse kehtetuks tunnistamisest arvates. (1¹) Riigi infosüsteemi kindlustavate süsteemide rakendamiseks võib käesoleva seaduse § 439 lõike 1 alusel kehtestatud määrustes näha ette käesoleva paragrahvi lõikes 1 nimetatud tähtajast pikemaid tähtaegu. (2) Riigi infosüsteemiga mitte koostoimelised andmekogud, andmeid dubleerivalt koguvad või üksteisega seotud andmeid sisaldavad andmekogud ühendatakse, nende pidamine lõpetatakse või nad muudetakse koostoimeliseks vastavalt käesoleva seaduse 51. peatüki nõuetele kuue kuu jooksul andmekogude seaduse kehtetuks tunnistamisest arvates. (3) Käesoleva paragrahvi lõigetes 1 ja 2 sätestatud üleminekut koordineerib Majandus ja Kommunikatsiooniministeerium. (4) Enne käesoleva seaduse 51. peatüki jõustumist andmekogude riiklikus registris registreeritud andmekogu loetakse registreerituks riigi infosüsteemi haldussüsteemis käesoleva seaduse 51. peatüki jõustumisel. Andmekogu haldaja peab aktualiseerima andmekogu andmed riigi infosüsteemi haldussüsteemis hiljemalt kolme kuu jooksul pärast käesoleva seaduse 51. peatüki jõustumist. Andmekogu andmete aktualiseerimisel määratakse kindlaks andmekogu põhiandmed. (5) Käesoleva paragrahvi lõike 4 esimest lauset ei kohaldata andmekogude riiklikus registris registreeritud, kuid infosüsteemi andmevahetuskihiga liitumata andmekogule. (6) Riigi infosüsteemi haldussüsteemis registreeritud või käesoleva paragrahvi lõike 4 kohaselt registreerituks loetud ja infosüsteemi andmevahetuskihiga liitunud andmekogu loetakse riigi infosüsteemi kuuluvaks andmekoguks. (7) Enne käesoleva seaduse 51. peatüki jõustumist andmekogude pidamiseks sõlmitud lepingud jäävad kehtima nendes toodud tähtaja lõpuni. (8) Käesolevas seaduses riigi infosüsteemi kuuluvale andmekogule kehtes",true,inForce,2016-01-16,,estleg:AVTS_Par_58_1_v106012016007
estleg:AVTS_Par_58_1_Lg_1,estleg:AVTS_Map,§ 58¹.,1,(1) Andmekogude seadusega kooskõlas asutatud riiklike registrite pidamise põhimäärused ja nende alusel peetavad andmekogud ning muud riigi ja kohalike omavalitsuste andmekogud viiakse käesoleva seadusega kooskõlla kuue kuu jooksul andmekogude seaduse kehtetuks tunnistamisest arvates.,true,inForce,2016-01-16,,estleg:AVTS_Par_58_1_v106012016007
estleg:AVTS_Par_58_1_Lg_1_1,estleg:AVTS_Map,§ 58¹.,1¹,(1¹) Riigi infosüsteemi kindlustavate süsteemide rakendamiseks võib käesoleva seaduse § 439 lõike 1 alusel kehtestatud määrustes näha ette käesoleva paragrahvi lõikes 1 nimetatud tähtajast pikemaid tähtaegu.,true,inForce,2016-01-16,,estleg:AVTS_Par_58_1_v106012016007
estleg:AVTS_Par_58_1_Lg_2,estleg:AVTS_Map,§ 58¹.,2,"(2) Riigi infosüsteemiga mitte koostoimelised andmekogud, andmeid dubleerivalt koguvad või üksteisega seotud andmeid sisaldavad andmekogud ühendatakse, nende pidamine lõpetatakse või nad muudetakse koostoimeliseks vastavalt käesoleva seaduse 51. peatüki nõuetele kuue kuu jooksul andmekogude seaduse kehtetuks tunnistamisest arvates.",true,inForce,2016-01-16,,estleg:AVTS_Par_58_1_v106012016007
estleg:AVTS_Par_58_1_Lg_3,estleg:AVTS_Map,§ 58¹.,3,(3) Käesoleva paragrahvi lõigetes 1 ja 2 sätestatud üleminekut koordineerib Majandus ja Kommunikatsiooniministeerium.,true,inForce,2016-01-16,,estleg:AVTS_Par_58_1_v106012016007
estleg:AVTS_Par_58_1_Lg_4,estleg:AVTS_Map,§ 58¹.,4,(4) Enne käesoleva seaduse 51. peatüki jõustumist andmekogude riiklikus registris registreeritud andmekogu loetakse registreerituks riigi infosüsteemi haldussüsteemis käesoleva seaduse 51. peatüki jõustumisel. Andmekogu haldaja peab aktualiseerima andmekogu andmed riigi infosüsteemi haldussüsteemis hiljemalt kolme kuu jooksul pärast käesoleva seaduse 51. peatüki jõustumist. Andmekogu andmete aktualiseerimisel määratakse kindlaks andmekogu põhiandmed.,true,inForce,2016-01-16,,estleg:AVTS_Par_58_1_v106012016007
estleg:AVTS_Par_58_1_Lg_5,estleg:AVTS_Map,§ 58¹.,5,"(5) Käesoleva paragrahvi lõike 4 esimest lauset ei kohaldata andmekogude riiklikus registris registreeritud, kuid infosüsteemi andmevahetuskihiga liitumata andmekogule.",true,inForce,2016-01-16,,estleg:AVTS_Par_58_1_v106012016007
estleg:AVTS_Par_58_1_Lg_6,estleg:AVTS_Map,§ 58¹.,6,(6) Riigi infosüsteemi haldussüsteemis registreeritud või käesoleva paragrahvi lõike 4 kohaselt registreerituks loetud ja infosüsteemi andmevahetuskihiga liitunud andmekogu loetakse riigi infosüsteemi kuuluvaks andmekoguks.,true,inForce,2016-01-16,,estleg:AVTS_Par_58_1_v106012016007
estleg:AVTS_Par_58_1_Lg_7,estleg:AVTS_Map,§ 58¹.,7,(7) Enne käesoleva seaduse 51. peatüki jõustumist andmekogude pidamiseks sõlmitud lepingud jäävad kehtima nendes toodud tähtaja lõpuni.,true,inForce,2016-01-16,,estleg:AVTS_Par_58_1_v106012016007
estleg:AVTS_Par_58_1_Lg_8,estleg:AVTS_Map,§ 58¹.,8,"(8) Käesolevas seaduses riigi infosüsteemi kuuluvale andmekogule kehtestatud nõudeid rakendatakse Riigi Teatajale ja Ametlikele Teadaannetele alates tehniliste võimaluste loomisest, kuid hiljemalt 2011. aasta 1. juulist.",true,inForce,2016-01-16,,estleg:AVTS_Par_58_1_v106012016007
estleg:AVTS_Par_58_2,estleg:AVTS_Map,§ 58².,,(1) Teabevaldaja avalikustab käesoleva seaduse §-s 28 nimetatud avaandmed lähtuvalt käesoleva seaduse §-s 29 sätestatust hiljemalt 2016. aasta 1. veebruariks. (2) Kehtetu - (3) Kehtetu -,true,inForce,2016-01-16,,estleg:AVTS_Par_58_2_v106012016007
estleg:AVTS_Par_58_2_Lg_1,estleg:AVTS_Map,§ 58².,1,(1) Teabevaldaja avalikustab käesoleva seaduse §-s 28 nimetatud avaandmed lähtuvalt käesoleva seaduse §-s 29 sätestatust hiljemalt 2016. aasta 1. veebruariks.,true,inForce,2016-01-16,,estleg:AVTS_Par_58_2_v106012016007
estleg:AVTS_Par_58_2_Lg_2,estleg:AVTS_Map,§ 58².,2,(2) Kehtetu -,true,inForce,2016-01-16,,estleg:AVTS_Par_58_2_v106012016007
estleg:AVTS_Par_58_2_Lg_3,estleg:AVTS_Map,§ 58².,3,(3) Kehtetu -,true,inForce,2016-01-16,,estleg:AVTS_Par_58_2_v106012016007
estleg:AVTS_Par_58_3,estleg:AVTS_Map,§ 58³.,,"Kui väärtuslike andmestike tasuta kättesaadavaks tegemine avaldaks olulist mõju sellise teabevaldaja eelarvele, kes peab katma olulise osa oma avalike ülesannete täitmisest tulenevatest kuludest, peab see teabevaldaja väärtuslikud andmestikud tasuta kättesaadavaks tegema hiljemalt kaks aastat pärast Euroopa Parlamendi ja nõukogu direktiivi (EL) 2019/1024 artikli 14 lõikes 1 nimetatud Euroopa Komisjoni rakendusmääruse kohaldatavaks muutumist.",true,inForce,2021-12-10,,estleg:AVTS_Par_58_3_v130112021017
estleg:AVTS_Par_58_3_Lg_1,estleg:AVTS_Map,§ 58³.,,"Kui väärtuslike andmestike tasuta kättesaadavaks tegemine avaldaks olulist mõju sellise teabevaldaja eelarvele, kes peab katma olulise osa oma avalike ülesannete täitmisest tulenevatest kuludest, peab see teabevaldaja väärtuslikud andmestikud tasuta kättesaadavaks tegema hiljemalt kaks aastat pärast Euroopa Parlamendi ja nõukogu direktiivi (EL) 2019/1024 artikli 14 lõikes 1 nimetatud Euroopa Komisjoni rakendusmääruse kohaldatavaks muutumist.",true,inForce,2021-12-10,,estleg:AVTS_Par_58_3_v130112021017
estleg:AVTS_Par_58_Lg_1,estleg:AVTS_Map,§ 58.,1,(1) Vabariigi Valitsus kehtestab riigi- ja kohaliku omavalitsuse asutuste ning avalik-õiguslike juriidiliste isikute asjaajamiskorra alused 2001. aasta 1. märtsiks.,true,inForce,2018-12-01,,estleg:AVTS_Par_58_v114112018005
estleg:AVTS_Par_58_Lg_2,estleg:AVTS_Map,§ 58.,2,(2) Teabevaldajad viivad oma asjaajamiskorrad käesoleva seadusega kooskõlla 2001. aasta 1. juuniks.,true,inForce,2018-12-01,,estleg:AVTS_Par_58_v114112018005
estleg:AVTS_Par_59,estleg:AVTS_Map,§ 59.,,§ 59.,true,inForce,2002-06-01,,estleg:AVTS_Par_59_v26643
estleg:AVTS_Par_5_Lg_1,estleg:AVTS_Map,§ 5.,1,(1) Teabevaldajaks on: riigi- ja kohaliku omavalitsuse asutus; avalik-õiguslik juriidiline isik; eraõiguslik juriidiline isik ja füüsiline isik käesoleva paragrahvi lõikes 2 sätestatud tingimustel.,true,inForce,2011-01-16,,estleg:AVTS_Par_5_v106012011026
estleg:AVTS_Par_5_Lg_2,estleg:AVTS_Map,§ 5.,2,"(2) Eraõiguslikule juriidilisele isikule ja füüsilisele isikule laienevad teabevaldaja kohustused, kui isik täidab seaduse, haldusakti või lepingu alusel avalikke ülesandeid, sealhulgas osutab haridus-, tervishoiu-, sotsiaal- või muid avalikke teenuseid, – teabe osas, mis puudutab nende ülesannete täitmist.",true,inForce,2011-01-16,,estleg:AVTS_Par_5_v106012011026
estleg:AVTS_Par_5_Lg_3,estleg:AVTS_Map,§ 5.,3,"(3) Teabevaldajaga võrdsustatakse: ettevõtja, kes on kaubaturul valitsevas seisundis, omab eri- või ainuõigust või loomulikku monopoli, – teabe osas, mis puudutab kaupade ja teenuste pakkumise tingimusi, hindu ja nende muudatusi; füüsilisest isikust ettevõtja, mittetulundusühing, sihtasutus või äriühing, – teabe osas, mis puudutab riigi või kohaliku omavalitsuse eelarvest avalike ülesannete täitmiseks või toetusena antud vahendite kasutamist.",true,inForce,2011-01-16,,estleg:AVTS_Par_5_v106012011026
estleg:AVTS_Par_6,estleg:AVTS_Map,§ 6.,,Teabenõue on teabenõudja poolt käesolevas seaduses sätestatud korras teabevaldajale esitatud taotlus teabe saamiseks või taaskasutamiseks.,true,inForce,2016-01-16,,estleg:AVTS_Par_6_v106012016007
estleg:AVTS_Par_68,estleg:AVTS_Map,§ 68.,,[Käesolevast tekstist välja jäetud.],true,inForce,2002-09-01,,estleg:AVTS_Par_68_v191530
estleg:AVTS_Par_69,estleg:AVTS_Map,§ 69.,,Käesolev seadus jõustub 2001. aasta 1. jaanuaril.,true,inForce,2002-06-01,,estleg:AVTS_Par_69_v26643
estleg:AVTS_Par_6_Lg_1,estleg:AVTS_Map,§ 6.,,Teabenõue on teabenõudja poolt käesolevas seaduses sätestatud korras teabevaldajale esitatud taotlus teabe saamiseks või taaskasutamiseks.,true,inForce,2016-01-16,,estleg:AVTS_Par_6_v106012016007
estleg:AVTS_Par_7,estleg:AVTS_Map,§ 7.,,"Teabenõudja on iga isik, kes esitab teabevaldajale teabenõude käesolevas seaduses sätestatud korras.",true,inForce,2002-06-01,,estleg:AVTS_Par_7_v26643
estleg:AVTS_Par_7_Lg_1,estleg:AVTS_Map,§ 7.,,"Teabenõudja on iga isik, kes esitab teabevaldajale teabenõude käesolevas seaduses sätestatud korras.",true,inForce,2002-06-01,,estleg:AVTS_Par_7_v26643
estleg:AVTS_Par_8,estleg:AVTS_Map,§ 8.,,"(1) Juurdepääs teabele võimaldatakse teabevaldaja poolt: teabenõude täitmisega; teabe avalikustamisega. (2) Teabe avalikustamine on teabevaldaja poolt seadusega sätestatud korras teabele juurdepääsu võimaldamine, ilma et selleks peaks teabenõuet esitama. (3) Avaandmetele juurdepääs hõlmab ka õigust seda teavet taaskasutada. Kui teabevaldaja on seadnud teabe üldisele kasutamisele tingimusi litsentsi abil, siis tuleb teavet kasutada vastavalt litsentsi tingimustele.",true,inForce,2016-01-16,,estleg:AVTS_Par_8_v106012016007
estleg:AVTS_Par_8_Lg_1,estleg:AVTS_Map,§ 8.,1,(1) Juurdepääs teabele võimaldatakse teabevaldaja poolt: teabenõude täitmisega; teabe avalikustamisega.,true,inForce,2016-01-16,,estleg:AVTS_Par_8_v106012016007
estleg:AVTS_Par_8_Lg_2,estleg:AVTS_Map,§ 8.,2,"(2) Teabe avalikustamine on teabevaldaja poolt seadusega sätestatud korras teabele juurdepääsu võimaldamine, ilma et selleks peaks teabenõuet esitama.",true,inForce,2016-01-16,,estleg:AVTS_Par_8_v106012016007
estleg:AVTS_Par_8_Lg_3,estleg:AVTS_Map,§ 8.,3,"(3) Avaandmetele juurdepääs hõlmab ka õigust seda teavet taaskasutada. Kui teabevaldaja on seadnud teabe üldisele kasutamisele tingimusi litsentsi abil, siis tuleb teavet kasutada vastavalt litsentsi tingimustele.",true,inForce,2016-01-16,,estleg:AVTS_Par_8_v106012016007
estleg:AVTS_Par_9,estleg:AVTS_Map,§ 9.,,"(1) Teabevaldaja on kohustatud võimaldama juurdepääsu tema valduses olevale teabele seaduses sätestatud korras. (2) Teabele juurdepääsu võimaldamisel on teabevaldaja kohustatud: tagama juurdepääsu neile dokumentidele, millele teabenõudja juurdepääsu taotleb ja millele teabenõudjal on juurdepääsuõigus; pidama arvestust tema valduses olevate dokumentide üle; avalikustama avalikustamisele kuuluva teabe seaduses sätestatud korras; andma avalikkusele korrapäraselt teavet avalike ülesannete täitmisest; abistama teabenõudjat; teavitama teabenõudjat dokumentide suhtes kehtivatest juurdepääsupiirangutest; tagama teabe juurdepääsupiirangutest kinnipidamise; mitte andma teadvalt eksitavat, tegelikkusele mittevastavat või ebaõiget teavet ning kontrollima kahtluse korral väljastatava teabe õigsust ja vastavust tegelikkusele.",true,inForce,2002-06-01,,estleg:AVTS_Par_9_v26643
estleg:AVTS_Par_9_Lg_1,estleg:AVTS_Map,§ 9.,1,(1) Teabevaldaja on kohustatud võimaldama juurdepääsu tema valduses olevale teabele seaduses sätestatud korras.,true,inForce,2002-06-01,,estleg:AVTS_Par_9_v26643
estleg:AVTS_Par_9_Lg_2,estleg:AVTS_Map,§ 9.,2,"(2) Teabele juurdepääsu võimaldamisel on teabevaldaja kohustatud: tagama juurdepääsu neile dokumentidele, millele teabenõudja juurdepääsu taotleb ja millele teabenõudjal on juurdepääsuõigus; pidama arvestust tema valduses olevate dokumentide üle; avalikustama avalikustamisele kuuluva teabe seaduses sätestatud korras; andma avalikkusele korrapäraselt teavet avalike ülesannete täitmisest; abistama teabenõudjat; teavitama teabenõudjat dokumentide suhtes kehtivatest juurdepääsupiirangutest; tagama teabe juurdepääsupiirangutest kinnipidamise; mitte andma teadvalt eksitavat, tegelikkusele mittevastavat või ebaõiget teavet ning kontrollima kahtluse korral väljastatava teabe õigsust ja vastavust tegelikkusele.",true,inForce,2002-06-01,,estleg:AVTS_Par_9_v26643
estleg:ISIKUA_Par_1,estleg:ISIKUA_Map,§ 1.,,"(1) Käesolev seadus reguleerib: füüsiliste isikute kaitset isikuandmete töötlemisel ulatuses, milles see täpsustab ja täiendab sätteid, mis sisalduvad Euroopa Parlamendi ja nõukogu määruses (EL) 2016/679 füüsiliste isikute kaitse kohta isikuandmete töötlemisel ja selliste andmete vaba liikumise ning direktiivi 95/46/EÜ kehtetuks tunnistamise kohta (isikuandmete kaitse üldmäärus) (ELT L 119, 04.05.2016, lk 1–88); füüsiliste isikute kaitset isikuandmete töötlemisel õiguskaitseasutuste poolt süütegude tõkestamisel, avastamisel ja menetlemisel ning karistuste täideviimisel. (2) Käesolev seadus sätestab: normid, et rakendada Euroopa Parlamendi ja nõukogu määrust (EL) 2016/679; normid, et üle võtta Euroopa Parlamendi ja nõukogu direktiiv (EL) 2016/680, mis käsitleb füüsiliste isikute kaitset seoses pädevates asutustes isikuandmete töötlemisega süütegude tõkestamise, uurimise, avastamise ja nende eest vastutusele võtmise või kriminaalkaristuste täitmisele pööramise eesmärgil ning selliste andmete vaba liikumist ning millega tunnistatakse kehtetuks nõukogu raamotsus 2008/977/JSK (ELT L 119, 04.05.2016, lk 89–131); isikuandmete töötlemise nõuete täitmise üle riikliku ja haldusjärelevalve teostamise korra; vastutuse isikuandmete töötlemise nõuete rikkumise eest.",true,inForce,2019-01-15,,estleg:ISIKUA_Par_1_v104012019011
estleg:ISIKUA_Par_10,estleg:ISIKUA_Map,§ 10.,,"(1) Võlasuhte rikkumisega seotud isikuandmete edastamine kolmandale isikule ja edastatud andmete töötlemine kolmanda isiku poolt on lubatud andmesubjekti krediidivõimelisuse hindamise eesmärgil või muul samasugusel eesmärgil ning üksnes juhul, kui vastutav või volitatud töötleja on kontrollinud edastatavate andmete õigsust ja õiguslikku alust isikuandmete edastamiseks ning on registreerinud andmeedastuse. (2) Käesoleva paragrahvi lõikes 1 nimetatud eesmärgil andmeid koguda ja kolmandale isikule edastada ei ole lubatud, kui: tegemist on eriliiki isikuandmete töötlemisega Euroopa Parlamendi ja nõukogu määruse (EL) 2016/679 artikli 9 lõike 1 tähenduses; tegemist on andmetega süüteo toimepanemise või selle ohvriks langemise kohta enne avalikku kohtuistungit või õigusrikkumise asjas otsuse langetamist või asja menetluse lõpetamist; see kahjustaks ülemäära andmesubjekti õigusi või vabadusi; lepingu rikkumisest on möödunud vähem kui 30 päeva; kohustuse rikkumise lõppemisest on möödunud rohkem kui viis aastat.",true,inForce,2019-01-15,,estleg:ISIKUA_Par_10_v104012019011
estleg:ISIKUA_Par_10_Lg_1,estleg:ISIKUA_Map,§ 10.,1,"(1) Võlasuhte rikkumisega seotud isikuandmete edastamine kolmandale isikule ja edastatud andmete töötlemine kolmanda isiku poolt on lubatud andmesubjekti krediidivõimelisuse hindamise eesmärgil või muul samasugusel eesmärgil ning üksnes juhul, kui vastutav või volitatud töötleja on kontrollinud edastatavate andmete õigsust ja õiguslikku alust isikuandmete edastamiseks ning on registreerinud andmeedastuse.",true,inForce,2019-01-15,,estleg:ISIKUA_Par_10_v104012019011
estleg:ISIKUA_Par_10_Lg_2,estleg:ISIKUA_Map,§ 10.,2,"(2) Käesoleva paragrahvi lõikes 1 nimetatud eesmärgil andmeid koguda ja kolmandale isikule edastada ei ole lubatud, kui: tegemist on eriliiki isikuandmete töötlemisega Euroopa Parlamendi ja nõukogu määruse (EL) 2016/679 artikli 9 lõike 1 tähenduses; tegemist on andmetega süüteo toimepanemise või selle ohvriks langemise kohta enne avalikku kohtuistungit või õigusrikkumise asjas otsuse langetamist või asja menetluse lõpetamist; see kahjustaks ülemäära andmesubjekti õigusi või vabadusi; lepingu rikkumisest on möödunud vähem kui 30 päeva; kohustuse rikkumise lõppemisest on möödunud rohkem kui viis aastat.",true,inForce,2019-01-15,,estleg:ISIKUA_Par_10_v104012019011
estleg:ISIKUA_Par_11,estleg:ISIKUA_Map,§ 11.,,"Kui seadus ei sätesta teisiti, asendab avalikus kohas avalikustamise eesmärgil toimuva heli- või pildimaterjalina jäädvustamise puhul andmesubjekti nõusolekut tema teavitamine sellises vormis, mis võimaldab tal heli- või pildimaterjali jäädvustamise faktist aru saada ja enda jäädvustamist soovi korral vältida. Teavitamiskohustus ei kehti avalike ürituste puhul, mille avalikustamise eesmärgil jäädvustamist võib mõistlikult eeldada.",true,inForce,2019-01-15,,estleg:ISIKUA_Par_11_v104012019011
estleg:ISIKUA_Par_11_Lg_1,estleg:ISIKUA_Map,§ 11.,,"Kui seadus ei sätesta teisiti, asendab avalikus kohas avalikustamise eesmärgil toimuva heli- või pildimaterjalina jäädvustamise puhul andmesubjekti nõusolekut tema teavitamine sellises vormis, mis võimaldab tal heli- või pildimaterjali jäädvustamise faktist aru saada ja enda jäädvustamist soovi korral vältida. Teavitamiskohustus ei kehti avalike ürituste puhul, mille avalikustamise eesmärgil jäädvustamist võib mõistlikult eeldada.",true,inForce,2019-01-15,,estleg:ISIKUA_Par_11_v104012019011
estleg:ISIKUA_Par_12,estleg:ISIKUA_Map,§ 12.,,"(1) Käesolevat peatükki kohaldatakse isikuandmete töötlemisele õiguskaitseasutuse poolt süüteo tõkestamisel, avastamisel ja menetlemisel ning karistuse täideviimisel. (2) Käesolevat peatükki ei kohaldata isikuandmete töötlemisele riikliku järelevalve ega haldusjärelevalve teostamisel. (3) Käesoleva peatükiga nähakse ette õiguskaitseasutusele kohaldatavad erisused. Õiguskaitseasutusele ei kohaldata Euroopa Parlamendi ja nõukogu määrust (EL) 2016/679, kui käesolevast seadusest ei tulene teisiti.",true,inForce,2019-01-15,,estleg:ISIKUA_Par_12_v104012019011
estleg:ISIKUA_Par_12_Lg_1,estleg:ISIKUA_Map,§ 12.,1,"(1) Käesolevat peatükki kohaldatakse isikuandmete töötlemisele õiguskaitseasutuse poolt süüteo tõkestamisel, avastamisel ja menetlemisel ning karistuse täideviimisel.",true,inForce,2019-01-15,,estleg:ISIKUA_Par_12_v104012019011
estleg:ISIKUA_Par_12_Lg_2,estleg:ISIKUA_Map,§ 12.,2,(2) Käesolevat peatükki ei kohaldata isikuandmete töötlemisele riikliku järelevalve ega haldusjärelevalve teostamisel.,true,inForce,2019-01-15,,estleg:ISIKUA_Par_12_v104012019011
estleg:ISIKUA_Par_12_Lg_3,estleg:ISIKUA_Map,§ 12.,3,"(3) Käesoleva peatükiga nähakse ette õiguskaitseasutusele kohaldatavad erisused. Õiguskaitseasutusele ei kohaldata Euroopa Parlamendi ja nõukogu määrust (EL) 2016/679, kui käesolevast seadusest ei tulene teisiti.",true,inForce,2019-01-15,,estleg:ISIKUA_Par_12_v104012019011
estleg:ISIKUA_Par_13,estleg:ISIKUA_Map,§ 13.,,"(1) Käesolevas peatükis kasutatakse termineid Euroopa Parlamendi ja nõukogu määruse (EL) 2016/679 artikli 4 ja artikli 9 lõike 1 tähenduses. (2) Käesolevas peatükis käsitatakse õiguskaitseasutusena asutust või asutuse struktuuriüksust, kes on pädev seaduse alusel süütegu tõkestama, avastama ja menetlema või karistust täide viima.",true,inForce,2019-01-15,,estleg:ISIKUA_Par_13_v104012019011
estleg:ISIKUA_Par_13_Lg_1,estleg:ISIKUA_Map,§ 13.,1,(1) Käesolevas peatükis kasutatakse termineid Euroopa Parlamendi ja nõukogu määruse (EL) 2016/679 artikli 4 ja artikli 9 lõike 1 tähenduses.,true,inForce,2019-01-15,,estleg:ISIKUA_Par_13_v104012019011
estleg:ISIKUA_Par_13_Lg_2,estleg:ISIKUA_Map,§ 13.,2,"(2) Käesolevas peatükis käsitatakse õiguskaitseasutusena asutust või asutuse struktuuriüksust, kes on pädev seaduse alusel süütegu tõkestama, avastama ja menetlema või karistust täide viima.",true,inForce,2019-01-15,,estleg:ISIKUA_Par_13_v104012019011
estleg:ISIKUA_Par_14,estleg:ISIKUA_Map,§ 14.,,"Isikuandmete töötlemisel tuleb järgida järgmisi põhimõtteid: seaduslikkus ja õiglus – isikuandmeid töödeldakse seaduslikult ja õiglaselt; eesmärgikohasus – isikuandmeid kogutakse täpselt ja selgelt kindlaksmääratud õiguspärastel eesmärkidel ning neid ei töödelda viisil, mis on nende eesmärkidega vastuolus; kvaliteet – isikuandmed peavad olema piisavad ja asjakohased ning ei tohi olla ülemäärased andmetöötluse eesmärke arvestades; õigsus – isikuandmed peavad olema õiged ja vajaduse korral ajakohastatud; mõistlike meetmetega tagatakse, et andmetöötluse eesmärgi seisukohast ebaõiged isikuandmed kustutatakse või parandatakse viivitamata; säilitamine – isikuandmeid säilitatakse kujul, mis võimaldab andmesubjekti tuvastada üksnes seni, kuni see on vajalik selle eesmärgi täitmiseks, milleks isikuandmeid töödeldakse; turvalisus – isikuandmeid töödeldakse viisil, mis tagab nende turvalisuse, sealhulgas kaitseb loata või ebaseadusliku töötlemise eest ning juhusliku kadumise, hävimise või kahjustumise eest, rakendades asjakohaseid tehnilisi või korralduslikke meetmeid.",true,inForce,2019-01-15,,estleg:ISIKUA_Par_14_v104012019011
estleg:ISIKUA_Par_14_Lg_1,estleg:ISIKUA_Map,§ 14.,,"Isikuandmete töötlemisel tuleb järgida järgmisi põhimõtteid: seaduslikkus ja õiglus – isikuandmeid töödeldakse seaduslikult ja õiglaselt; eesmärgikohasus – isikuandmeid kogutakse täpselt ja selgelt kindlaksmääratud õiguspärastel eesmärkidel ning neid ei töödelda viisil, mis on nende eesmärkidega vastuolus; kvaliteet – isikuandmed peavad olema piisavad ja asjakohased ning ei tohi olla ülemäärased andmetöötluse eesmärke arvestades; õigsus – isikuandmed peavad olema õiged ja vajaduse korral ajakohastatud; mõistlike meetmetega tagatakse, et andmetöötluse eesmärgi seisukohast ebaõiged isikuandmed kustutatakse või parandatakse viivitamata; säilitamine – isikuandmeid säilitatakse kujul, mis võimaldab andmesubjekti tuvastada üksnes seni, kuni see on vajalik selle eesmärgi täitmiseks, milleks isikuandmeid töödeldakse; turvalisus – isikuandmeid töödeldakse viisil, mis tagab nende turvalisuse, sealhulgas kaitseb loata või ebaseadusliku töötlemise eest ning juhusliku kadumise, hävimise või kahjustumise eest, rakendades asjakohaseid tehnilisi või korralduslikke meetmeid.",true,inForce,2019-01-15,,estleg:ISIKUA_Par_14_v104012019011
estleg:ISIKUA_Par_15,estleg:ISIKUA_Map,§ 15.,,"Õiguskaitseasutus võib isikuandmeid töödelda seaduse alusel, kui nende töötlemine on vajalik süüteo tõkestamise, avastamise või menetlemise või karistuse täideviimise eesmärgist tuleneva ülesande täitmiseks.",true,inForce,2019-01-15,,estleg:ISIKUA_Par_15_v104012019011
estleg:ISIKUA_Par_15_Lg_1,estleg:ISIKUA_Map,§ 15.,,"Õiguskaitseasutus võib isikuandmeid töödelda seaduse alusel, kui nende töötlemine on vajalik süüteo tõkestamise, avastamise või menetlemise või karistuse täideviimise eesmärgist tuleneva ülesande täitmiseks.",true,inForce,2019-01-15,,estleg:ISIKUA_Par_15_v104012019011
estleg:ISIKUA_Par_16,estleg:ISIKUA_Map,§ 16.,,"(1) Isikuandmete töötlemine sama või muu vastutava töötleja poolt muul käesoleva seaduse § 12 lõikes 1 sätestatud eesmärgil kui algne eesmärk, milleks isikuandmeid kogutakse, on lubatud niivõrd, kuivõrd: vastutaval töötlejal on sellisel eesmärgil isikuandmete töötlemiseks olemas seadusest või Euroopa Liidu õigusaktist tulenev alus ja selline isikuandmete töötlemine on seaduse või Euroopa Liidu õigusakti kohaselt vajalik ja seatud eesmärgiga proportsionaalne. (2) Õiguskaitseasutuse poolt käesoleva seaduse § 12 lõikes 1 sätestatud eesmärkidel kogutud või kogutavaid isikuandmeid ei tohi töödelda muul eesmärgil, välja arvatud käesoleva paragrahvi lõikes 1 sätestatud juhtudel või kui selline töötlemine on lubatud seaduse või Euroopa Liidu õigusaktiga. Kui isikuandmeid töödeldakse sellisel muul eesmärgil, kohaldatakse Euroopa Parlamendi ja nõukogu määrust (EL) 2016/679, välja arvatud juhul, kui isikuandmeid töödeldakse sellise tegevuse käigus, mis ei kuulu nimetatud määruse kohaldamisalasse. Olukorras, kus töötlemise eesmärk ei kuulu nimetatud määruse kohaldamisalasse, kohaldatakse Eesti õigust. (3) Kui õiguskaitseasutus täidab seaduse kohaselt ka muid ülesandeid kui need, mida täidetakse käesoleva seaduse § 12 lõikes 1 sätestatud eesmärkidel, kohaldatakse sellisel eesmärgil isikuandmete töötlemisele Euroopa Parlamendi ja nõukogu määrust (EL) 2016/679. Olukorras, kus töötlemise eesmärk ei kuulu nimetatud määruse kohaldamisalasse, kohaldatakse Eesti õigust.",true,inForce,2019-01-15,,estleg:ISIKUA_Par_16_v104012019011
estleg:ISIKUA_Par_16_Lg_1,estleg:ISIKUA_Map,§ 16.,1,"(1) Isikuandmete töötlemine sama või muu vastutava töötleja poolt muul käesoleva seaduse § 12 lõikes 1 sätestatud eesmärgil kui algne eesmärk, milleks isikuandmeid kogutakse, on lubatud niivõrd, kuivõrd: vastutaval töötlejal on sellisel eesmärgil isikuandmete töötlemiseks olemas seadusest või Euroopa Liidu õigusaktist tulenev alus ja selline isikuandmete töötlemine on seaduse või Euroopa Liidu õigusakti kohaselt vajalik ja seatud eesmärgiga proportsionaalne.",true,inForce,2019-01-15,,estleg:ISIKUA_Par_16_v104012019011
estleg:ISIKUA_Par_16_Lg_2,estleg:ISIKUA_Map,§ 16.,2,"(2) Õiguskaitseasutuse poolt käesoleva seaduse § 12 lõikes 1 sätestatud eesmärkidel kogutud või kogutavaid isikuandmeid ei tohi töödelda muul eesmärgil, välja arvatud käesoleva paragrahvi lõikes 1 sätestatud juhtudel või kui selline töötlemine on lubatud seaduse või Euroopa Liidu õigusaktiga. Kui isikuandmeid töödeldakse sellisel muul eesmärgil, kohaldatakse Euroopa Parlamendi ja nõukogu määrust (EL) 2016/679, välja arvatud juhul, kui isikuandmeid töödeldakse sellise tegevuse käigus, mis ei kuulu nimetatud määruse kohaldamisalasse. Olukorras, kus töötlemise eesmärk ei kuulu nimetatud määruse kohaldamisalasse, kohaldatakse Eesti õigust.",true,inForce,2019-01-15,,estleg:ISIKUA_Par_16_v104012019011
estleg:ISIKUA_Par_16_Lg_3,estleg:ISIKUA_Map,§ 16.,3,"(3) Kui õiguskaitseasutus täidab seaduse kohaselt ka muid ülesandeid kui need, mida täidetakse käesoleva seaduse § 12 lõikes 1 sätestatud eesmärkidel, kohaldatakse sellisel eesmärgil isikuandmete töötlemisele Euroopa Parlamendi ja nõukogu määrust (EL) 2016/679. Olukorras, kus töötlemise eesmärk ei kuulu nimetatud määruse kohaldamisalasse, kohaldatakse Eesti õigust.",true,inForce,2019-01-15,,estleg:ISIKUA_Par_16_v104012019011
estleg:ISIKUA_Par_17,estleg:ISIKUA_Map,§ 17.,,"(1) Töödeldavatele isikuandmetele kehtestatakse seaduse või määrusega säilitamise tähtaeg. Erandjuhul, kui isikuandmete säilitamise tähtaega pole seaduse või määrusega kehtestatud, peab selle tähtaja kehtestama vastutav töötleja. (2) Käesoleva paragrahvi lõike 1 alusel kehtestatud säilitamise tähtaega on lubatud pikendada üksnes põhjendatud juhul, välja arvatud siis, kui säilitamise tähtaeg on sätestatud õigustloovas aktis. (3) Kui konkreetset säilitamise tähtaega ei ole võimalik kehtestada, peab vastutav töötleja rakendama õiguslikke ja tehnoloogilisi meetmeid, mis võimaldavad pidevalt hinnata andmete jätkuva töötlemise vajalikkust. (4) Kui isikuandmete säilitamise tähtaeg lõpeb, on vastutav ja volitatud töötleja kohustatud isikuandmed jäädavalt kustutama. Selleks peab vastutav töötleja rakendama nõuetekohaseid õiguslikke ja tehnoloogilisi meetmeid.",true,inForce,2019-01-15,,estleg:ISIKUA_Par_17_v104012019011
estleg:ISIKUA_Par_17_Lg_1,estleg:ISIKUA_Map,§ 17.,1,"(1) Töödeldavatele isikuandmetele kehtestatakse seaduse või määrusega säilitamise tähtaeg. Erandjuhul, kui isikuandmete säilitamise tähtaega pole seaduse või määrusega kehtestatud, peab selle tähtaja kehtestama vastutav töötleja.",true,inForce,2019-01-15,,estleg:ISIKUA_Par_17_v104012019011
estleg:ISIKUA_Par_17_Lg_2,estleg:ISIKUA_Map,§ 17.,2,"(2) Käesoleva paragrahvi lõike 1 alusel kehtestatud säilitamise tähtaega on lubatud pikendada üksnes põhjendatud juhul, välja arvatud siis, kui säilitamise tähtaeg on sätestatud õigustloovas aktis.",true,inForce,2019-01-15,,estleg:ISIKUA_Par_17_v104012019011
estleg:ISIKUA_Par_17_Lg_3,estleg:ISIKUA_Map,§ 17.,3,"(3) Kui konkreetset säilitamise tähtaega ei ole võimalik kehtestada, peab vastutav töötleja rakendama õiguslikke ja tehnoloogilisi meetmeid, mis võimaldavad pidevalt hinnata andmete jätkuva töötlemise vajalikkust.",true,inForce,2019-01-15,,estleg:ISIKUA_Par_17_v104012019011
estleg:ISIKUA_Par_17_Lg_4,estleg:ISIKUA_Map,§ 17.,4,"(4) Kui isikuandmete säilitamise tähtaeg lõpeb, on vastutav ja volitatud töötleja kohustatud isikuandmed jäädavalt kustutama. Selleks peab vastutav töötleja rakendama nõuetekohaseid õiguslikke ja tehnoloogilisi meetmeid.",true,inForce,2019-01-15,,estleg:ISIKUA_Par_17_v104012019011
estleg:ISIKUA_Par_18,estleg:ISIKUA_Map,§ 18.,,"Võimaluse korral ja asjakohasel juhul eristab vastutav töötleja isikuandmete töötlemisel andmesubjektide eri kategooriatena menetlusalused isikud, kahtlustatavad, süüdistatavad, kannatanud, tunnistajad, kinnipeetavad, arestialused, kriminaalhooldusalused ja teised isikud.",true,inForce,2019-01-15,,estleg:ISIKUA_Par_18_v104012019011
estleg:ISIKUA_Par_18_Lg_1,estleg:ISIKUA_Map,§ 18.,,"Võimaluse korral ja asjakohasel juhul eristab vastutav töötleja isikuandmete töötlemisel andmesubjektide eri kategooriatena menetlusalused isikud, kahtlustatavad, süüdistatavad, kannatanud, tunnistajad, kinnipeetavad, arestialused, kriminaalhooldusalused ja teised isikud.",true,inForce,2019-01-15,,estleg:ISIKUA_Par_18_v104012019011
estleg:ISIKUA_Par_19,estleg:ISIKUA_Map,§ 19.,,Vastutav töötleja eristab võimaluste piires faktidel põhinevad isikuandmed isiklikel hinnangutel põhinevatest isikuandmetest.,true,inForce,2019-01-15,,estleg:ISIKUA_Par_19_v104012019011
estleg:ISIKUA_Par_19_Lg_1,estleg:ISIKUA_Map,§ 19.,,Vastutav töötleja eristab võimaluste piires faktidel põhinevad isikuandmed isiklikel hinnangutel põhinevatest isikuandmetest.,true,inForce,2019-01-15,,estleg:ISIKUA_Par_19_v104012019011
estleg:ISIKUA_Par_1_Lg_1,estleg:ISIKUA_Map,§ 1.,1,"(1) Käesolev seadus reguleerib: füüsiliste isikute kaitset isikuandmete töötlemisel ulatuses, milles see täpsustab ja täiendab sätteid, mis sisalduvad Euroopa Parlamendi ja nõukogu määruses (EL) 2016/679 füüsiliste isikute kaitse kohta isikuandmete töötlemisel ja selliste andmete vaba liikumise ning direktiivi 95/46/EÜ kehtetuks tunnistamise kohta (isikuandmete kaitse üldmäärus) (ELT L 119, 04.05.2016, lk 1–88); füüsiliste isikute kaitset isikuandmete töötlemisel õiguskaitseasutuste poolt süütegude tõkestamisel, avastamisel ja menetlemisel ning karistuste täideviimisel.",true,inForce,2019-01-15,,estleg:ISIKUA_Par_1_v104012019011
estleg:ISIKUA_Par_1_Lg_2,estleg:ISIKUA_Map,§ 1.,2,"(2) Käesolev seadus sätestab: normid, et rakendada Euroopa Parlamendi ja nõukogu määrust (EL) 2016/679; normid, et üle võtta Euroopa Parlamendi ja nõukogu direktiiv (EL) 2016/680, mis käsitleb füüsiliste isikute kaitset seoses pädevates asutustes isikuandmete töötlemisega süütegude tõkestamise, uurimise, avastamise ja nende eest vastutusele võtmise või kriminaalkaristuste täitmisele pööramise eesmärgil ning selliste andmete vaba liikumist ning millega tunnistatakse kehtetuks nõukogu raamotsus 2008/977/JSK (ELT L 119, 04.05.2016, lk 89–131); isikuandmete töötlemise nõuete täitmise üle riikliku ja haldusjärelevalve teostamise korra; vastutuse isikuandmete töötlemise nõuete rikkumise eest.",true,inForce,2019-01-15,,estleg:ISIKUA_Par_1_v104012019011
estleg:ISIKUA_Par_2,estleg:ISIKUA_Map,§ 2.,,"Käesolevat seadust ning Euroopa Parlamendi ja nõukogu määrust (EL) 2016/679 kohaldatakse: süüteomenetlusele ja kohtumenetlusele menetlusseadustikes sätestatud erisustega; põhiseaduslikele institutsioonidele niivõrd, kuivõrd see ei puuduta nende põhiseaduslike ülesannete täitmist ega ole reguleeritud neid puudutavates eriseadustes.",true,inForce,2019-01-15,,estleg:ISIKUA_Par_2_v104012019011
estleg:ISIKUA_Par_20,estleg:ISIKUA_Map,§ 20.,,"(1) Eriliiki isikuandmete töötlemine on lubatud ainult siis, kui see on rangelt vajalik, ning üksnes järgmistel juhtudel: töötlemise lubatavus on sätestatud õigusaktis; töötlemine on vajalik andmesubjekti või teise füüsilise isiku eluliste huvide kaitseks või töödeldakse isikuandmeid, mille andmesubjekt on ise ilmselgelt avalikustanud. (2) Käesoleva paragrahvi lõikes 1 nimetatud eriliiki isikuandmete töötlemisele kohaldatakse andmesubjekti õiguste ja vabaduste kaitsmiseks asjakohaseid kaitsemeetmeid.",true,inForce,2019-01-15,,estleg:ISIKUA_Par_20_v104012019011
estleg:ISIKUA_Par_20_Lg_1,estleg:ISIKUA_Map,§ 20.,1,"(1) Eriliiki isikuandmete töötlemine on lubatud ainult siis, kui see on rangelt vajalik, ning üksnes järgmistel juhtudel: töötlemise lubatavus on sätestatud õigusaktis; töötlemine on vajalik andmesubjekti või teise füüsilise isiku eluliste huvide kaitseks või töödeldakse isikuandmeid, mille andmesubjekt on ise ilmselgelt avalikustanud.",true,inForce,2019-01-15,,estleg:ISIKUA_Par_20_v104012019011
estleg:ISIKUA_Par_20_Lg_2,estleg:ISIKUA_Map,§ 20.,2,(2) Käesoleva paragrahvi lõikes 1 nimetatud eriliiki isikuandmete töötlemisele kohaldatakse andmesubjekti õiguste ja vabaduste kaitsmiseks asjakohaseid kaitsemeetmeid.,true,inForce,2019-01-15,,estleg:ISIKUA_Par_20_v104012019011
estleg:ISIKUA_Par_21,estleg:ISIKUA_Map,§ 21.,,"(1) Keelatud on teha üksnes automatiseeritud töötlusel põhinevat otsust, sealhulgas profiilianalüüsi, kui see toob andmesubjektile kaasa teda puudutavaid kahjulikke õiguslikke tagajärgi või avaldab talle muud märkimisväärset mõju. Sellise otsuse võib teha, kui otsuse tegemine on lubatud seadusega, milles on sätestatud asjakohased meetmed andmesubjekti õiguste ja vabaduste ning õigustatud huvide kaitseks. (2) Andmesubjektil on käesoleva paragrahvi lõikes 1 nimetatud otsuse kohta õigus esitada vastutavale töötlejale vastuväiteid oma õigustatud huvi kaitseks. (3) Käesoleva paragrahvi lõikes 1 nimetatud otsus ei tohi põhineda eriliiki isikuandmetel, välja arvatud juhul, kui kohaldatakse sobivaid meetmeid andmesubjekti õiguste, vabaduste ja õigustatud huvide kaitsmiseks. (4) Keelatud on profiilianalüüsil põhinev otsus, mille tulemusel füüsilisi isikuid diskrimineeritakse eriliiki isikuandmete alusel.",true,inForce,2019-01-15,,estleg:ISIKUA_Par_21_v104012019011
estleg:ISIKUA_Par_21_Lg_1,estleg:ISIKUA_Map,§ 21.,1,"(1) Keelatud on teha üksnes automatiseeritud töötlusel põhinevat otsust, sealhulgas profiilianalüüsi, kui see toob andmesubjektile kaasa teda puudutavaid kahjulikke õiguslikke tagajärgi või avaldab talle muud märkimisväärset mõju. Sellise otsuse võib teha, kui otsuse tegemine on lubatud seadusega, milles on sätestatud asjakohased meetmed andmesubjekti õiguste ja vabaduste ning õigustatud huvide kaitseks.",true,inForce,2019-01-15,,estleg:ISIKUA_Par_21_v104012019011
estleg:ISIKUA_Par_21_Lg_2,estleg:ISIKUA_Map,§ 21.,2,(2) Andmesubjektil on käesoleva paragrahvi lõikes 1 nimetatud otsuse kohta õigus esitada vastutavale töötlejale vastuväiteid oma õigustatud huvi kaitseks.,true,inForce,2019-01-15,,estleg:ISIKUA_Par_21_v104012019011
estleg:ISIKUA_Par_21_Lg_3,estleg:ISIKUA_Map,§ 21.,3,"(3) Käesoleva paragrahvi lõikes 1 nimetatud otsus ei tohi põhineda eriliiki isikuandmetel, välja arvatud juhul, kui kohaldatakse sobivaid meetmeid andmesubjekti õiguste, vabaduste ja õigustatud huvide kaitsmiseks.",true,inForce,2019-01-15,,estleg:ISIKUA_Par_21_v104012019011
estleg:ISIKUA_Par_21_Lg_4,estleg:ISIKUA_Map,§ 21.,4,"(4) Keelatud on profiilianalüüsil põhinev otsus, mille tulemusel füüsilisi isikuid diskrimineeritakse eriliiki isikuandmete alusel.",true,inForce,2019-01-15,,estleg:ISIKUA_Par_21_v104012019011
estleg:ISIKUA_Par_22,estleg:ISIKUA_Map,§ 22.,,"(1) Vastutav töötleja on kohustatud avalikustama järgmise teabe: isikuandmete töötlemise kavandatud eesmärk; isiku poolt enda andmetega tutvumise ning nende parandamise, kustutamise või piiramise õigus ja õiguste teostamise kord; vastutava töötleja ning andmekaitsespetsialisti nimi ja kontaktandmed; Andmekaitse Inspektsiooni kontaktandmed; õigus esitada kaebus Andmekaitse Inspektsioonile, kui isikuandmete töötlemisel on rikutud andmesubjekti õigusi. (2) Käesoleva paragrahvi lõikes 1 nimetatud avalikustamisena käsitatakse teabe avalikustamist vastutava töötleja veebilehel või muus andmesubjektile kergesti juurdepääsetavas asukohas.",true,inForce,2019-01-15,,estleg:ISIKUA_Par_22_v104012019011
estleg:ISIKUA_Par_22_Lg_1,estleg:ISIKUA_Map,§ 22.,1,"(1) Vastutav töötleja on kohustatud avalikustama järgmise teabe: isikuandmete töötlemise kavandatud eesmärk; isiku poolt enda andmetega tutvumise ning nende parandamise, kustutamise või piiramise õigus ja õiguste teostamise kord; vastutava töötleja ning andmekaitsespetsialisti nimi ja kontaktandmed; Andmekaitse Inspektsiooni kontaktandmed; õigus esitada kaebus Andmekaitse Inspektsioonile, kui isikuandmete töötlemisel on rikutud andmesubjekti õigusi.",true,inForce,2019-01-15,,estleg:ISIKUA_Par_22_v104012019011
estleg:ISIKUA_Par_22_Lg_2,estleg:ISIKUA_Map,§ 22.,2,(2) Käesoleva paragrahvi lõikes 1 nimetatud avalikustamisena käsitatakse teabe avalikustamist vastutava töötleja veebilehel või muus andmesubjektile kergesti juurdepääsetavas asukohas.,true,inForce,2019-01-15,,estleg:ISIKUA_Par_22_v104012019011
estleg:ISIKUA_Par_23,estleg:ISIKUA_Map,§ 23.,,"(1) Kui seaduses on sätestatud kohustus teavitada andmesubjekti tema isikuandmete töötlemisest, annab vastutav töötleja andmesubjektile järgmise lisateabe: käesoleva seaduse § 22 lõikes 1 nimetatud teave; isikuandmete töötlemise õiguslik alus; isikuandmete säilitamise tähtaeg või säilitamise tähtaja määramise alused; nende vastuvõtjate kategooriad, kellele on lubatud edastada isikuandmeid; vajaduse korral muu lisateave. (2) Seaduses sätestatud juhtudel võib vastutav töötleja käesoleva paragrahvi lõikes 1 nimetatud teabe andmesubjektile esitada hiljem, piirata selle esitamist või jätta selle esitamata, kui see võib: takistada või kahjustada süüteo tõkestamist, avastamist või menetlemist või karistuse täideviimist; kahjustada teise isiku õigusi ja vabadusi; ohustada riigi julgeolekut; ohustada avaliku korra kaitset; takistada ametlikku uurimist või menetlust.",true,inForce,2019-01-15,,estleg:ISIKUA_Par_23_v104012019011
estleg:ISIKUA_Par_23_Lg_1,estleg:ISIKUA_Map,§ 23.,1,"(1) Kui seaduses on sätestatud kohustus teavitada andmesubjekti tema isikuandmete töötlemisest, annab vastutav töötleja andmesubjektile järgmise lisateabe: käesoleva seaduse § 22 lõikes 1 nimetatud teave; isikuandmete töötlemise õiguslik alus; isikuandmete säilitamise tähtaeg või säilitamise tähtaja määramise alused; nende vastuvõtjate kategooriad, kellele on lubatud edastada isikuandmeid; vajaduse korral muu lisateave.",true,inForce,2019-01-15,,estleg:ISIKUA_Par_23_v104012019011
estleg:ISIKUA_Par_23_Lg_2,estleg:ISIKUA_Map,§ 23.,2,"(2) Seaduses sätestatud juhtudel võib vastutav töötleja käesoleva paragrahvi lõikes 1 nimetatud teabe andmesubjektile esitada hiljem, piirata selle esitamist või jätta selle esitamata, kui see võib: takistada või kahjustada süüteo tõkestamist, avastamist või menetlemist või karistuse täideviimist; kahjustada teise isiku õigusi ja vabadusi; ohustada riigi julgeolekut; ohustada avaliku korra kaitset; takistada ametlikku uurimist või menetlust.",true,inForce,2019-01-15,,estleg:ISIKUA_Par_23_v104012019011
estleg:ISIKUA_Par_24,estleg:ISIKUA_Map,§ 24.,,"(1) Andmesubjektil on õigus saada vastutavalt töötlejalt kinnitus selle kohta, et tema isikuandmeid töödeldakse. Andmesubjekti soovil peab vastutav töötleja andmesubjektile teatavaks tegema: tema kohta käivad isikuandmed ja asjaomaste isikuandmete kategooriad; isikuandmete päritolu käsitleva olemasoleva teabe; isikuandmete töötlemise eesmärgi ja õigusliku aluse; vastuvõtjad või nende kategooriad, kellele andmesubjekti isikuandmeid on avalikustatud; kavandatava isikuandmete säilitamise tähtaja või säilitamise tähtaja määramise alused; õiguse taotleda vastutavalt töötlejalt andmesubjekti isikuandmete parandamist, kustutamist või nende töötlemise piiramist; õiguse esitada Andmekaitse Inspektsioonile kaebus ning Andmekaitse Inspektsiooni kontaktandmed. (2) Seaduses sätestatud juhtudel võib vastutav töötleja käesoleva paragrahvi lõikes 1 nimetatud teabe andmesubjektile esitada hiljem, piirata selle esitamist või keelduda selle väljastamisest, kui see võib: takistada või kahjustada süüteo tõkestamist, avastamist või menetlemist või karistuse täideviimist; kahjustada teise isiku õigusi ja vabadusi; ohustada riigi julgeolekut; ohustada avaliku korra kaitset; takistada ametlikku uurimist või menetlust. (3) Vastutav töötleja teavitab andmesubjekti viivitamata kirjalikult käesoleva paragrahvi lõikes 1 nimetatud teabega tutvumise piiramisest või sellise teabega tutvumisest keeldumisest ja selle põhjustest. Vastutav töötleja võib jätta põhjendused esitamata, kui sellise teabe andmine põhjustaks mõne käesoleva paragrahvi lõikes 2 nimetatud asjaolu esinemise. (4) Andmesubjekti teavitamisel käesoleva paragrahvi lõike 3 kohaselt teavitab vastutav töötleja andmesubjekti tema õigusest pöörduda otsuse vaidlustamiseks Andmekaitse Inspektsiooni või kohtu poole. (5) Vastutav töötleja dokumenteerib käesoleva paragrahvi lõike 2 alusel tehtud otsuse faktilised ja õiguslikud alused ning vajaduse korral teeb teabe kättesaadavaks Andmekaitse Inspektsioonile.",true,inForce,2019-01-15,,estleg:ISIKUA_Par_24_v104012019011
estleg:ISIKUA_Par_24_Lg_1,estleg:ISIKUA_Map,§ 24.,1,"(1) Andmesubjektil on õigus saada vastutavalt töötlejalt kinnitus selle kohta, et tema isikuandmeid töödeldakse. Andmesubjekti soovil peab vastutav töötleja andmesubjektile teatavaks tegema: tema kohta käivad isikuandmed ja asjaomaste isikuandmete kategooriad; isikuandmete päritolu käsitleva olemasoleva teabe; isikuandmete töötlemise eesmärgi ja õigusliku aluse; vastuvõtjad või nende kategooriad, kellele andmesubjekti isikuandmeid on avalikustatud; kavandatava isikuandmete säilitamise tähtaja või säilitamise tähtaja määramise alused; õiguse taotleda vastutavalt töötlejalt andmesubjekti isikuandmete parandamist, kustutamist või nende töötlemise piiramist; õiguse esitada Andmekaitse Inspektsioonile kaebus ning Andmekaitse Inspektsiooni kontaktandmed.",true,inForce,2019-01-15,,estleg:ISIKUA_Par_24_v104012019011
estleg:ISIKUA_Par_24_Lg_2,estleg:ISIKUA_Map,§ 24.,2,"(2) Seaduses sätestatud juhtudel võib vastutav töötleja käesoleva paragrahvi lõikes 1 nimetatud teabe andmesubjektile esitada hiljem, piirata selle esitamist või keelduda selle väljastamisest, kui see võib: takistada või kahjustada süüteo tõkestamist, avastamist või menetlemist või karistuse täideviimist; kahjustada teise isiku õigusi ja vabadusi; ohustada riigi julgeolekut; ohustada avaliku korra kaitset; takistada ametlikku uurimist või menetlust.",true,inForce,2019-01-15,,estleg:ISIKUA_Par_24_v104012019011
estleg:ISIKUA_Par_24_Lg_3,estleg:ISIKUA_Map,§ 24.,3,"(3) Vastutav töötleja teavitab andmesubjekti viivitamata kirjalikult käesoleva paragrahvi lõikes 1 nimetatud teabega tutvumise piiramisest või sellise teabega tutvumisest keeldumisest ja selle põhjustest. Vastutav töötleja võib jätta põhjendused esitamata, kui sellise teabe andmine põhjustaks mõne käesoleva paragrahvi lõikes 2 nimetatud asjaolu esinemise.",true,inForce,2019-01-15,,estleg:ISIKUA_Par_24_v104012019011
estleg:ISIKUA_Par_24_Lg_4,estleg:ISIKUA_Map,§ 24.,4,(4) Andmesubjekti teavitamisel käesoleva paragrahvi lõike 3 kohaselt teavitab vastutav töötleja andmesubjekti tema õigusest pöörduda otsuse vaidlustamiseks Andmekaitse Inspektsiooni või kohtu poole.,true,inForce,2019-01-15,,estleg:ISIKUA_Par_24_v104012019011
estleg:ISIKUA_Par_24_Lg_5,estleg:ISIKUA_Map,§ 24.,5,(5) Vastutav töötleja dokumenteerib käesoleva paragrahvi lõike 2 alusel tehtud otsuse faktilised ja õiguslikud alused ning vajaduse korral teeb teabe kättesaadavaks Andmekaitse Inspektsioonile.,true,inForce,2019-01-15,,estleg:ISIKUA_Par_24_v104012019011
estleg:ISIKUA_Par_25,estleg:ISIKUA_Map,§ 25.,,"(1) Andmesubjektil on õigus nõuda vastutavalt töötlejalt teda puudutavate ebaõigete faktidel põhinevate isikuandmete parandamist. (2) Andmesubjektil on õigus nõuda vastutavalt töötlejalt teda puudutavate mittetäielike isikuandmete täiendamist, kui see on isikuandmete töötlemise eesmärki arvestades asjakohane. (3) Andmesubjektil on õigus vastutavalt töötlejalt nõuda kogutud isikuandmete kustutamist, kui: isikuandmete töötlemine ei ole seaduse alusel lubatud; isikuandmete töötlemisel ei arvestatud isikuandmete töötlemise põhimõtteid või vastutav töötleja on kohustatud andmed kustutama täitmaks seadusest, kohtuotsusest, välislepingust või muust siduvast kokkuleppest tulenevat kohustust. (4) Vastutav töötleja piirab isikuandmete kustutamise asemel nende töötlemist, kui: andmesubjekt vaidlustab isikuandmete õigsuse ning nende õigsust või ebaõigsust ei ole võimalik kindlaks teha või isikuandmeid tuleb säilitada tõendamise eesmärgil. (5) Kui vastutav töötleja on isikuandmete kustutamise asemel rakendanud käesoleva paragrahvi lõike 4 punktis 1 sätestatud isikuandmete töötlemise piiramist, peab vastutav töötleja teavitama andmesubjekti sellise piirangu eemaldamisest. (6) Vastutav töötleja on kohustatud andmesubjekti viivitamata kirjalikult teavitama, kui ta keeldub isikuandmeid parandamast või kustutamast või nende töötlemist piiramast, ning esitama keeldumise põhjused. Vastutav töötleja võib jätta põhjendused esitamata, kui sellise teabe andmine põhjustaks mõne käesoleva seaduse § 24 lõikes 2 nimetatud asjaolu esinemise. (7) Andmesubjekti teavitamisel käesoleva paragrahvi lõike 6 kohaselt teavitab vastutav töötleja andmesubjekti tema õigusest pöörduda otsuse vaidlustamiseks Andmekaitse Inspektsiooni või kohtu poole.",true,inForce,2019-01-15,,estleg:ISIKUA_Par_25_v104012019011
estleg:ISIKUA_Par_25_Lg_1,estleg:ISIKUA_Map,§ 25.,1,(1) Andmesubjektil on õigus nõuda vastutavalt töötlejalt teda puudutavate ebaõigete faktidel põhinevate isikuandmete parandamist.,true,inForce,2019-01-15,,estleg:ISIKUA_Par_25_v104012019011
estleg:ISIKUA_Par_25_Lg_2,estleg:ISIKUA_Map,§ 25.,2,"(2) Andmesubjektil on õigus nõuda vastutavalt töötlejalt teda puudutavate mittetäielike isikuandmete täiendamist, kui see on isikuandmete töötlemise eesmärki arvestades asjakohane.",true,inForce,2019-01-15,,estleg:ISIKUA_Par_25_v104012019011
estleg:ISIKUA_Par_25_Lg_3,estleg:ISIKUA_Map,§ 25.,3,"(3) Andmesubjektil on õigus vastutavalt töötlejalt nõuda kogutud isikuandmete kustutamist, kui: isikuandmete töötlemine ei ole seaduse alusel lubatud; isikuandmete töötlemisel ei arvestatud isikuandmete töötlemise põhimõtteid või vastutav töötleja on kohustatud andmed kustutama täitmaks seadusest, kohtuotsusest, välislepingust või muust siduvast kokkuleppest tulenevat kohustust.",true,inForce,2019-01-15,,estleg:ISIKUA_Par_25_v104012019011
estleg:ISIKUA_Par_25_Lg_4,estleg:ISIKUA_Map,§ 25.,4,"(4) Vastutav töötleja piirab isikuandmete kustutamise asemel nende töötlemist, kui: andmesubjekt vaidlustab isikuandmete õigsuse ning nende õigsust või ebaõigsust ei ole võimalik kindlaks teha või isikuandmeid tuleb säilitada tõendamise eesmärgil.",true,inForce,2019-01-15,,estleg:ISIKUA_Par_25_v104012019011
estleg:ISIKUA_Par_25_Lg_5,estleg:ISIKUA_Map,§ 25.,5,"(5) Kui vastutav töötleja on isikuandmete kustutamise asemel rakendanud käesoleva paragrahvi lõike 4 punktis 1 sätestatud isikuandmete töötlemise piiramist, peab vastutav töötleja teavitama andmesubjekti sellise piirangu eemaldamisest.",true,inForce,2019-01-15,,estleg:ISIKUA_Par_25_v104012019011
estleg:ISIKUA_Par_25_Lg_6,estleg:ISIKUA_Map,§ 25.,6,"(6) Vastutav töötleja on kohustatud andmesubjekti viivitamata kirjalikult teavitama, kui ta keeldub isikuandmeid parandamast või kustutamast või nende töötlemist piiramast, ning esitama keeldumise põhjused. Vastutav töötleja võib jätta põhjendused esitamata, kui sellise teabe andmine põhjustaks mõne käesoleva seaduse § 24 lõikes 2 nimetatud asjaolu esinemise.",true,inForce,2019-01-15,,estleg:ISIKUA_Par_25_v104012019011
estleg:ISIKUA_Par_25_Lg_7,estleg:ISIKUA_Map,§ 25.,7,(7) Andmesubjekti teavitamisel käesoleva paragrahvi lõike 6 kohaselt teavitab vastutav töötleja andmesubjekti tema õigusest pöörduda otsuse vaidlustamiseks Andmekaitse Inspektsiooni või kohtu poole.,true,inForce,2019-01-15,,estleg:ISIKUA_Par_25_v104012019011
estleg:ISIKUA_Par_26,estleg:ISIKUA_Map,§ 26.,,"(1) Vastutav töötleja on isikuandmete parandamise korral kohustatud parandamisest ja paranduse sisust viivitamata teavitama pädevat asutust, kellelt on ebaõiged isikuandmed saadud. (2) Kui isikuandmeid on käesoleva seaduse § 25 alusel parandatud või kustutatud või nende töötlemist on piiratud, on vastutav töötleja kohustatud teavitama vastuvõtjaid, kellele andmed olid varem edastatud. (3) Käesoleva paragrahvi lõikes 2 nimetatud vastuvõtjad on kohustatud parandama või kustutama nende vastutusalasse kuuluvad isikuandmed või piirama nende töötlemist.",true,inForce,2019-01-15,,estleg:ISIKUA_Par_26_v104012019011
estleg:ISIKUA_Par_26_Lg_1,estleg:ISIKUA_Map,§ 26.,1,"(1) Vastutav töötleja on isikuandmete parandamise korral kohustatud parandamisest ja paranduse sisust viivitamata teavitama pädevat asutust, kellelt on ebaõiged isikuandmed saadud.",true,inForce,2019-01-15,,estleg:ISIKUA_Par_26_v104012019011
estleg:ISIKUA_Par_26_Lg_2,estleg:ISIKUA_Map,§ 26.,2,"(2) Kui isikuandmeid on käesoleva seaduse § 25 alusel parandatud või kustutatud või nende töötlemist on piiratud, on vastutav töötleja kohustatud teavitama vastuvõtjaid, kellele andmed olid varem edastatud.",true,inForce,2019-01-15,,estleg:ISIKUA_Par_26_v104012019011
estleg:ISIKUA_Par_26_Lg_3,estleg:ISIKUA_Map,§ 26.,3,(3) Käesoleva paragrahvi lõikes 2 nimetatud vastuvõtjad on kohustatud parandama või kustutama nende vastutusalasse kuuluvad isikuandmed või piirama nende töötlemist.,true,inForce,2019-01-15,,estleg:ISIKUA_Par_26_v104012019011
estleg:ISIKUA_Par_27,estleg:ISIKUA_Map,§ 27.,,"(1) Vastutav töötleja on kohustatud vastama andmesubjekti taotlusele kokkuvõtlikus, arusaadavas ja hõlpsasti kättesaadavas vormis, kasutades selget ning lihtsat sõnastust. Andmesubjekti taotlusele vastatakse võimaluse korral andmesubjekti soovitud viisil. (2) Vastutav töötleja teavitab andmesubjekti põhjendamatu viivituseta ühe kuu jooksul pärast taotluse saamist andmesubjekti taotluse alusel tehtud toimingutest. (3) Vastutav töötleja võib andmesubjektilt küsida taotluse täitmisega kaasnevate seaduses või seaduse alusel antud õigusaktis sätestatud mõistlike kulude hüvitamist või keelduda taotletud meetmete võtmisest, kui andmesubjekti taotlus on põhjendamatu või ülemäärane. (4) Vastutav töötleja tuvastab andmesubjekti isiku ning tema õiguse saada teavet ja tema kohta käivaid isikuandmeid või õiguse nõuda isikuandmete parandamist ja kustutamist.",true,inForce,2019-01-15,,estleg:ISIKUA_Par_27_v104012019011
estleg:ISIKUA_Par_27_Lg_1,estleg:ISIKUA_Map,§ 27.,1,"(1) Vastutav töötleja on kohustatud vastama andmesubjekti taotlusele kokkuvõtlikus, arusaadavas ja hõlpsasti kättesaadavas vormis, kasutades selget ning lihtsat sõnastust. Andmesubjekti taotlusele vastatakse võimaluse korral andmesubjekti soovitud viisil.",true,inForce,2019-01-15,,estleg:ISIKUA_Par_27_v104012019011
estleg:ISIKUA_Par_27_Lg_2,estleg:ISIKUA_Map,§ 27.,2,(2) Vastutav töötleja teavitab andmesubjekti põhjendamatu viivituseta ühe kuu jooksul pärast taotluse saamist andmesubjekti taotluse alusel tehtud toimingutest.,true,inForce,2019-01-15,,estleg:ISIKUA_Par_27_v104012019011
estleg:ISIKUA_Par_27_Lg_3,estleg:ISIKUA_Map,§ 27.,3,"(3) Vastutav töötleja võib andmesubjektilt küsida taotluse täitmisega kaasnevate seaduses või seaduse alusel antud õigusaktis sätestatud mõistlike kulude hüvitamist või keelduda taotletud meetmete võtmisest, kui andmesubjekti taotlus on põhjendamatu või ülemäärane.",true,inForce,2019-01-15,,estleg:ISIKUA_Par_27_v104012019011
estleg:ISIKUA_Par_27_Lg_4,estleg:ISIKUA_Map,§ 27.,4,(4) Vastutav töötleja tuvastab andmesubjekti isiku ning tema õiguse saada teavet ja tema kohta käivaid isikuandmeid või õiguse nõuda isikuandmete parandamist ja kustutamist.,true,inForce,2019-01-15,,estleg:ISIKUA_Par_27_v104012019011
estleg:ISIKUA_Par_28,estleg:ISIKUA_Map,§ 28.,,"(1) Kui andmesubjekt leiab, et isikuandmete töötlemisel rikutakse tema õigusi, on tal õigus pöörduda kaebusega Andmekaitse Inspektsiooni poole. (2) Andmekaitse Inspektsioon teavitab andmesubjekti tema kaebuse alusel tehtud otsusest ja õigusest pöörduda Andmekaitse Inspektsiooni otsuse vaidlustamiseks kohtusse. (3) Kui andmesubjekti kaebust on pädev lahendama teise Euroopa Liidu liikmesriigi pädev järelevalveasutus, suunab Andmekaitse Inspektsioon andmesubjekti kaebuse esitamiseks teise Euroopa Liidu liikmesriigi pädeva järelevalveasutuse poole.",true,inForce,2019-01-15,,estleg:ISIKUA_Par_28_v104012019011
estleg:ISIKUA_Par_28_Lg_1,estleg:ISIKUA_Map,§ 28.,1,"(1) Kui andmesubjekt leiab, et isikuandmete töötlemisel rikutakse tema õigusi, on tal õigus pöörduda kaebusega Andmekaitse Inspektsiooni poole.",true,inForce,2019-01-15,,estleg:ISIKUA_Par_28_v104012019011
estleg:ISIKUA_Par_28_Lg_2,estleg:ISIKUA_Map,§ 28.,2,(2) Andmekaitse Inspektsioon teavitab andmesubjekti tema kaebuse alusel tehtud otsusest ja õigusest pöörduda Andmekaitse Inspektsiooni otsuse vaidlustamiseks kohtusse.,true,inForce,2019-01-15,,estleg:ISIKUA_Par_28_v104012019011
estleg:ISIKUA_Par_28_Lg_3,estleg:ISIKUA_Map,§ 28.,3,"(3) Kui andmesubjekti kaebust on pädev lahendama teise Euroopa Liidu liikmesriigi pädev järelevalveasutus, suunab Andmekaitse Inspektsioon andmesubjekti kaebuse esitamiseks teise Euroopa Liidu liikmesriigi pädeva järelevalveasutuse poole.",true,inForce,2019-01-15,,estleg:ISIKUA_Par_28_v104012019011
estleg:ISIKUA_Par_29,estleg:ISIKUA_Map,§ 29.,,"(1) Vastutav töötleja rakendab asjakohaseid tehnilisi ja korralduslikke meetmeid, et tagada isikuandmete töötlemisel käesoleva seaduse nõuete täitmine. Vastutav töötleja on kohustatud vajaduse korral tõendama käesolevas seaduses sätestatud nõuete täitmist. (2) Vastutav töötleja annab volitatud töötlejale isikuandmete töötlemiseks kohustuslikke juhiseid ja vastutab selle eest, et volitatud töötleja täidab isikuandmete töötlemise nõudeid. (3) Vastutav töötleja võib kasutada üksnes niisuguseid volitatud töötlejaid, kes annavad piisava tagatise, et nad rakendavad asjakohaseid tehnilisi ja korralduslikke meetmeid sellisel viisil, et isikuandmete töötlemine vastab käesoleva seaduse nõuetele, ning tagab andmesubjekti õiguste kaitse. (4) Volitatud töötleja võib kaasata isikuandmete töötlemisse teisi volitatud töötlejaid üksnes seaduse või seaduse alusel antud õigusakti alusel või vastutava töötleja kirjalikul loal ning tingimusel, et ei ületata volitatud töötlejale antud volituste ulatust. Kirjaliku loa alusel antud volituse korral peab volitatud töötleja teavitama vastutavat töötlejat alati teise volitatud töötleja lisamisest või asendamisest. Vastutav töötleja võib sel juhul muudatuste kohta vastuväiteid esitada. (5) Kui volitatud töötleja määrab kindlaks isikuandmete töötlemise eesmärgid ja vahendid käesolevat seadust rikkudes, siis on kõnealune volitatud töötleja selle töötlemise suhtes vastutav töötleja.",true,inForce,2019-01-15,,estleg:ISIKUA_Par_29_v104012019011
estleg:ISIKUA_Par_29_Lg_1,estleg:ISIKUA_Map,§ 29.,1,"(1) Vastutav töötleja rakendab asjakohaseid tehnilisi ja korralduslikke meetmeid, et tagada isikuandmete töötlemisel käesoleva seaduse nõuete täitmine. Vastutav töötleja on kohustatud vajaduse korral tõendama käesolevas seaduses sätestatud nõuete täitmist.",true,inForce,2019-01-15,,estleg:ISIKUA_Par_29_v104012019011
estleg:ISIKUA_Par_29_Lg_2,estleg:ISIKUA_Map,§ 29.,2,"(2) Vastutav töötleja annab volitatud töötlejale isikuandmete töötlemiseks kohustuslikke juhiseid ja vastutab selle eest, et volitatud töötleja täidab isikuandmete töötlemise nõudeid.",true,inForce,2019-01-15,,estleg:ISIKUA_Par_29_v104012019011
estleg:ISIKUA_Par_29_Lg_3,estleg:ISIKUA_Map,§ 29.,3,"(3) Vastutav töötleja võib kasutada üksnes niisuguseid volitatud töötlejaid, kes annavad piisava tagatise, et nad rakendavad asjakohaseid tehnilisi ja korralduslikke meetmeid sellisel viisil, et isikuandmete töötlemine vastab käesoleva seaduse nõuetele, ning tagab andmesubjekti õiguste kaitse.",true,inForce,2019-01-15,,estleg:ISIKUA_Par_29_v104012019011
estleg:ISIKUA_Par_29_Lg_4,estleg:ISIKUA_Map,§ 29.,4,"(4) Volitatud töötleja võib kaasata isikuandmete töötlemisse teisi volitatud töötlejaid üksnes seaduse või seaduse alusel antud õigusakti alusel või vastutava töötleja kirjalikul loal ning tingimusel, et ei ületata volitatud töötlejale antud volituste ulatust. Kirjaliku loa alusel antud volituse korral peab volitatud töötleja teavitama vastutavat töötlejat alati teise volitatud töötleja lisamisest või asendamisest. Vastutav töötleja võib sel juhul muudatuste kohta vastuväiteid esitada.",true,inForce,2019-01-15,,estleg:ISIKUA_Par_29_v104012019011
estleg:ISIKUA_Par_29_Lg_5,estleg:ISIKUA_Map,§ 29.,5,"(5) Kui volitatud töötleja määrab kindlaks isikuandmete töötlemise eesmärgid ja vahendid käesolevat seadust rikkudes, siis on kõnealune volitatud töötleja selle töötlemise suhtes vastutav töötleja.",true,inForce,2019-01-15,,estleg:ISIKUA_Par_29_v104012019011
estleg:ISIKUA_Par_2_1,estleg:ISIKUA_Map,§ 2¹.,,"Andmekaitse Inspektsioon on pädev üksus tarbijakaitseseaduse §-de 602 ja 662 tähenduses ning võib pöörduda Eesti Vabariigi nimel andmesubjektide kollektiivsete huvide kaitseks riigisisese kollektiivse esindushagiga maakohtusse, samuti piiriülese kollektiivse esindushagiga teise Euroopa Liidu liikmesriigi kohtusse.",true,inForce,2025-01-01,,estleg:ISIKUA_Par_2_1_v131122024044
estleg:ISIKUA_Par_2_1_Lg_1,estleg:ISIKUA_Map,§ 2¹.,,"Andmekaitse Inspektsioon on pädev üksus tarbijakaitseseaduse §-de 602 ja 662 tähenduses ning võib pöörduda Eesti Vabariigi nimel andmesubjektide kollektiivsete huvide kaitseks riigisisese kollektiivse esindushagiga maakohtusse, samuti piiriülese kollektiivse esindushagiga teise Euroopa Liidu liikmesriigi kohtusse.",true,inForce,2025-01-01,,estleg:ISIKUA_Par_2_1_v131122024044
estleg:ISIKUA_Par_2_Lg_1,estleg:ISIKUA_Map,§ 2.,,"Käesolevat seadust ning Euroopa Parlamendi ja nõukogu määrust (EL) 2016/679 kohaldatakse: süüteomenetlusele ja kohtumenetlusele menetlusseadustikes sätestatud erisustega; põhiseaduslikele institutsioonidele niivõrd, kuivõrd see ei puuduta nende põhiseaduslike ülesannete täitmist ega ole reguleeritud neid puudutavates eriseadustes.",true,inForce,2019-01-15,,estleg:ISIKUA_Par_2_v104012019011
estleg:ISIKUA_Par_3,estleg:ISIKUA_Map,§ 3.,,"Käesolevas seaduses ettenähtud haldusmenetlusele kohaldatakse haldusmenetluse seaduse sätteid, arvestades käesoleva seaduse erisusi.",true,inForce,2008-01-01,,estleg:ISIKUA_Par_3_v12909389
estleg:ISIKUA_Par_30,estleg:ISIKUA_Map,§ 30.,,"(1) Vastutav töötleja võib määrata volitatud töötleja isikuandmeid töötlema seaduse, seaduse alusel antud õigusakti või kirjaliku lepingu alusel, milles sätestatakse isikuandmete töötlemise sisu ja kestus, laad ning eesmärk, töödeldavate isikuandmete kategooriad ja andmesubjektide kategooriad ning vastutava töötleja kohustused ja õigused. (2) Käesoleva paragrahvi lõikes 1 nimetatud seaduses, seaduse alusel antud õigusaktis või lepingus sätestatakse eelkõige, et volitatud töötleja on kohustatud: tegutsema üksnes vastutava töötleja juhiste alusel; tagama, et isikuandmeid töötlema volitatud isik hoiab saladuses tööülesannete täitmisel teatavaks saanud isikuandmeid; tagama andmesubjekti õiguste kaitse; pärast andmetöötlusteenuse osutamise lõppu kustutama või tagastama vastutavale töötlejale tema valikul kõik isikuandmed ja kustutama olemasolevad koopiad, kui seaduses ei ole sätestatud teisiti; tegema vastutavale töötlejale kättesaadavaks isikuandmete töötlemisega seonduva teabe, mis on vajalik käesolevas paragrahvis sätestatud nõuete täitmise tõendamiseks; järgima käesoleva seaduse § 29 lõikes 4 ja käesolevas paragrahvis sätestatud tingimusi teise volitatud töötleja kaasamiseks.",true,inForce,2019-01-15,,estleg:ISIKUA_Par_30_v104012019011
estleg:ISIKUA_Par_30_Lg_1,estleg:ISIKUA_Map,§ 30.,1,"(1) Vastutav töötleja võib määrata volitatud töötleja isikuandmeid töötlema seaduse, seaduse alusel antud õigusakti või kirjaliku lepingu alusel, milles sätestatakse isikuandmete töötlemise sisu ja kestus, laad ning eesmärk, töödeldavate isikuandmete kategooriad ja andmesubjektide kategooriad ning vastutava töötleja kohustused ja õigused.",true,inForce,2019-01-15,,estleg:ISIKUA_Par_30_v104012019011
estleg:ISIKUA_Par_30_Lg_2,estleg:ISIKUA_Map,§ 30.,2,"(2) Käesoleva paragrahvi lõikes 1 nimetatud seaduses, seaduse alusel antud õigusaktis või lepingus sätestatakse eelkõige, et volitatud töötleja on kohustatud: tegutsema üksnes vastutava töötleja juhiste alusel; tagama, et isikuandmeid töötlema volitatud isik hoiab saladuses tööülesannete täitmisel teatavaks saanud isikuandmeid; tagama andmesubjekti õiguste kaitse; pärast andmetöötlusteenuse osutamise lõppu kustutama või tagastama vastutavale töötlejale tema valikul kõik isikuandmed ja kustutama olemasolevad koopiad, kui seaduses ei ole sätestatud teisiti; tegema vastutavale töötlejale kättesaadavaks isikuandmete töötlemisega seonduva teabe, mis on vajalik käesolevas paragrahvis sätestatud nõuete täitmise tõendamiseks; järgima käesoleva seaduse § 29 lõikes 4 ja käesolevas paragrahvis sätestatud tingimusi teise volitatud töötleja kaasamiseks.",true,inForce,2019-01-15,,estleg:ISIKUA_Par_30_v104012019011
estleg:ISIKUA_Par_31,estleg:ISIKUA_Map,§ 31.,,"(1) Kui kaks või enam vastutavat töötlejat määravad ühiselt kindlaks isikuandmete töötlemise eesmärgid ja vahendid, on nad kaasvastutavad töötlejad. (2) Kaasvastutava töötleja vastutus ja kohustuste ulatus määratakse seaduses, seaduse alusel antud õigusaktis või kaasvastutavate töötlejate vahel sõlmitud lepingus. (3) Käesoleva paragrahvi lõikes 2 nimetatud lepingus määratakse andmesubjektide jaoks kindlaks kontaktpunkt, mille kaudu on andmesubjektil võimalik oma õigusi teostada. (4) Andmesubjekt võib käesolevast seadusest tulenevaid õigusi kasutada iga vastutava töötleja suhtes.",true,inForce,2019-01-15,,estleg:ISIKUA_Par_31_v104012019011
estleg:ISIKUA_Par_31_Lg_1,estleg:ISIKUA_Map,§ 31.,1,"(1) Kui kaks või enam vastutavat töötlejat määravad ühiselt kindlaks isikuandmete töötlemise eesmärgid ja vahendid, on nad kaasvastutavad töötlejad.",true,inForce,2019-01-15,,estleg:ISIKUA_Par_31_v104012019011
estleg:ISIKUA_Par_31_Lg_2,estleg:ISIKUA_Map,§ 31.,2,"(2) Kaasvastutava töötleja vastutus ja kohustuste ulatus määratakse seaduses, seaduse alusel antud õigusaktis või kaasvastutavate töötlejate vahel sõlmitud lepingus.",true,inForce,2019-01-15,,estleg:ISIKUA_Par_31_v104012019011
estleg:ISIKUA_Par_31_Lg_3,estleg:ISIKUA_Map,§ 31.,3,"(3) Käesoleva paragrahvi lõikes 2 nimetatud lepingus määratakse andmesubjektide jaoks kindlaks kontaktpunkt, mille kaudu on andmesubjektil võimalik oma õigusi teostada.",true,inForce,2019-01-15,,estleg:ISIKUA_Par_31_v104012019011
estleg:ISIKUA_Par_31_Lg_4,estleg:ISIKUA_Map,§ 31.,4,(4) Andmesubjekt võib käesolevast seadusest tulenevaid õigusi kasutada iga vastutava töötleja suhtes.,true,inForce,2019-01-15,,estleg:ISIKUA_Par_31_v104012019011
estleg:ISIKUA_Par_32,estleg:ISIKUA_Map,§ 32.,,"(1) Isik, kes töötleb isikuandmeid vastutava või volitatud töötleja nimel, on kohustatud neid töötlema üksnes vastutava töötleja antud juhiste kohaselt, kui seaduses ei ole sätestatud teisiti. (2) Isiku õigus töödelda isikuandmeid vastutava või volitatud töötleja nimel peab tulenema seadusest, seaduse alusel antud õigusaktist, vastutava või volitatud töötleja ja isiku vahel sõlmitud lepingust või teenistussuhet reguleerivast aktist.",true,inForce,2019-01-15,,estleg:ISIKUA_Par_32_v104012019011
estleg:ISIKUA_Par_32_Lg_1,estleg:ISIKUA_Map,§ 32.,1,"(1) Isik, kes töötleb isikuandmeid vastutava või volitatud töötleja nimel, on kohustatud neid töötlema üksnes vastutava töötleja antud juhiste kohaselt, kui seaduses ei ole sätestatud teisiti.",true,inForce,2019-01-15,,estleg:ISIKUA_Par_32_v104012019011
estleg:ISIKUA_Par_32_Lg_2,estleg:ISIKUA_Map,§ 32.,2,"(2) Isiku õigus töödelda isikuandmeid vastutava või volitatud töötleja nimel peab tulenema seadusest, seaduse alusel antud õigusaktist, vastutava või volitatud töötleja ja isiku vahel sõlmitud lepingust või teenistussuhet reguleerivast aktist.",true,inForce,2019-01-15,,estleg:ISIKUA_Par_32_v104012019011
estleg:ISIKUA_Par_33,estleg:ISIKUA_Map,§ 33.,,"(1) Vastutav ja volitatud töötleja võtavad töötlemisvahendite kindlaksmääramiseks ning isikuandmete töötlemiseks asjakohaseid tehnilisi ja korralduslikke meetmeid ning rakendavad neid järjepidevalt. (2) Vastutav ja volitatud töötleja rakendavad asjakohaseid tehnilisi ning korralduslikke meetmeid, millega tagatakse, et vaikimisi töödeldakse ainult töötlemise iga konkreetse eesmärgi saavutamiseks vajalikke isikuandmeid.",true,inForce,2019-01-15,,estleg:ISIKUA_Par_33_v104012019011
estleg:ISIKUA_Par_33_Lg_1,estleg:ISIKUA_Map,§ 33.,1,(1) Vastutav ja volitatud töötleja võtavad töötlemisvahendite kindlaksmääramiseks ning isikuandmete töötlemiseks asjakohaseid tehnilisi ja korralduslikke meetmeid ning rakendavad neid järjepidevalt.,true,inForce,2019-01-15,,estleg:ISIKUA_Par_33_v104012019011
estleg:ISIKUA_Par_33_Lg_2,estleg:ISIKUA_Map,§ 33.,2,"(2) Vastutav ja volitatud töötleja rakendavad asjakohaseid tehnilisi ning korralduslikke meetmeid, millega tagatakse, et vaikimisi töödeldakse ainult töötlemise iga konkreetse eesmärgi saavutamiseks vajalikke isikuandmeid.",true,inForce,2019-01-15,,estleg:ISIKUA_Par_33_v104012019011
estleg:ISIKUA_Par_34,estleg:ISIKUA_Map,§ 34.,,"Vastutav ja volitatud töötleja on isikuandmete töötlemisel kohustatud: parandama ebaõiged isikuandmed; kustutama isikuandmed, kui isikuandmete töötlemine ei ole seaduse alusel lubatud või see ei vasta isikuandmete töötlemise põhimõtetele; teavitama vastuvõtjat, kui isikuandmed on edastatud ebaseaduslikult või on edastatud ebaõiged isikuandmed; tegema koostööd Andmekaitse Inspektsiooniga.",true,inForce,2019-01-15,,estleg:ISIKUA_Par_34_v104012019011
estleg:ISIKUA_Par_34_Lg_1,estleg:ISIKUA_Map,§ 34.,,"Vastutav ja volitatud töötleja on isikuandmete töötlemisel kohustatud: parandama ebaõiged isikuandmed; kustutama isikuandmed, kui isikuandmete töötlemine ei ole seaduse alusel lubatud või see ei vasta isikuandmete töötlemise põhimõtetele; teavitama vastuvõtjat, kui isikuandmed on edastatud ebaseaduslikult või on edastatud ebaõiged isikuandmed; tegema koostööd Andmekaitse Inspektsiooniga.",true,inForce,2019-01-15,,estleg:ISIKUA_Par_34_v104012019011
estleg:ISIKUA_Par_35,estleg:ISIKUA_Map,§ 35.,,"(1) Vastutav töötleja on kohustatud võtma ja rakendama asjakohaseid meetmeid selleks, et mittetäielikke, ebaõigeid või aegunud isikuandmeid ei edastataks ega tehtaks kättesaadavaks. (2) Vastutav töötleja lisab isikuandmete edastamisel võimaluse korral vajaliku teabe, mis võimaldab andmeid vastuvõtval pädeval asutusel hinnata isikuandmete õigsust, täielikkust, usaldusväärsust ja ajakohasust. (3) Kui isikuandmete töötlemisele kohaldatakse eritingimusi, teavitab vastutav töötleja selliste isikuandmete edastamisel vastuvõtjat kõnealustest tingimustest ja nende järgimise nõudest. (4) Isikuandmete edastamisel teistele Euroopa Liidus asuvatele vastuvõtjatele ning Euroopa Liidu toimimise lepingu V jaotise 4. ja 5. peatüki kohaselt loodud asutustele ei kohaldata täiendavaid isikuandmete töötlemise eritingimusi võrreldes nendega, mida kohaldatakse isikuandmete edastamisele riigisiseselt.",true,inForce,2019-01-15,,estleg:ISIKUA_Par_35_v104012019011
estleg:ISIKUA_Par_35_Lg_1,estleg:ISIKUA_Map,§ 35.,1,"(1) Vastutav töötleja on kohustatud võtma ja rakendama asjakohaseid meetmeid selleks, et mittetäielikke, ebaõigeid või aegunud isikuandmeid ei edastataks ega tehtaks kättesaadavaks.",true,inForce,2019-01-15,,estleg:ISIKUA_Par_35_v104012019011
estleg:ISIKUA_Par_35_Lg_2,estleg:ISIKUA_Map,§ 35.,2,"(2) Vastutav töötleja lisab isikuandmete edastamisel võimaluse korral vajaliku teabe, mis võimaldab andmeid vastuvõtval pädeval asutusel hinnata isikuandmete õigsust, täielikkust, usaldusväärsust ja ajakohasust.",true,inForce,2019-01-15,,estleg:ISIKUA_Par_35_v104012019011
estleg:ISIKUA_Par_35_Lg_3,estleg:ISIKUA_Map,§ 35.,3,"(3) Kui isikuandmete töötlemisele kohaldatakse eritingimusi, teavitab vastutav töötleja selliste isikuandmete edastamisel vastuvõtjat kõnealustest tingimustest ja nende järgimise nõudest.",true,inForce,2019-01-15,,estleg:ISIKUA_Par_35_v104012019011
estleg:ISIKUA_Par_35_Lg_4,estleg:ISIKUA_Map,§ 35.,4,"(4) Isikuandmete edastamisel teistele Euroopa Liidus asuvatele vastuvõtjatele ning Euroopa Liidu toimimise lepingu V jaotise 4. ja 5. peatüki kohaselt loodud asutustele ei kohaldata täiendavaid isikuandmete töötlemise eritingimusi võrreldes nendega, mida kohaldatakse isikuandmete edastamisele riigisiseselt.",true,inForce,2019-01-15,,estleg:ISIKUA_Par_35_v104012019011
estleg:ISIKUA_Par_36,estleg:ISIKUA_Map,§ 36.,,"(1) Vastutav ja volitatud töötleja peavad logisid vähemalt järgmiste automatiseeritud süsteemides tehtavate isikuandmete töötlemise toimingute kohta: kogumine; muutmine; lugemine; avalikustamine; edastamine; ühendamine; kustutamine. (2) Lugemist, avalikustamist ja edastamist kajastavad logid peavad võimaldama kindlaks teha nimetatud toimingute tegemise põhjenduse, kuupäeva ja kellaaja ning teabe isikuandmeid lugenud, avalikustanud või edastanud isiku kohta, samuti selliste isikuandmete vastuvõtjate nimed. (3) Logisid on lubatud kasutada isikuandmete töötlemise toimingute seaduslikkuse kontrollimiseks, siseseireks, isikuandmete terviklikkuse ja turvalisuse tagamiseks ning süüteomenetluse läbiviimiseks. (4) Andmekaitse Inspektsiooni taotlusel teevad vastutav ja volitatud töötleja käesoleva paragrahvi lõikes 1 nimetatud teabe Andmekaitse Inspektsioonile kättesaadavaks. (5) Vastutav töötleja kehtestab logide säilitamise tähtajad.",true,inForce,2019-01-15,,estleg:ISIKUA_Par_36_v104012019011
estleg:ISIKUA_Par_36_Lg_1,estleg:ISIKUA_Map,§ 36.,1,(1) Vastutav ja volitatud töötleja peavad logisid vähemalt järgmiste automatiseeritud süsteemides tehtavate isikuandmete töötlemise toimingute kohta: kogumine; muutmine; lugemine; avalikustamine; edastamine; ühendamine; kustutamine.,true,inForce,2019-01-15,,estleg:ISIKUA_Par_36_v104012019011
estleg:ISIKUA_Par_36_Lg_2,estleg:ISIKUA_Map,§ 36.,2,"(2) Lugemist, avalikustamist ja edastamist kajastavad logid peavad võimaldama kindlaks teha nimetatud toimingute tegemise põhjenduse, kuupäeva ja kellaaja ning teabe isikuandmeid lugenud, avalikustanud või edastanud isiku kohta, samuti selliste isikuandmete vastuvõtjate nimed.",true,inForce,2019-01-15,,estleg:ISIKUA_Par_36_v104012019011
estleg:ISIKUA_Par_36_Lg_3,estleg:ISIKUA_Map,§ 36.,3,"(3) Logisid on lubatud kasutada isikuandmete töötlemise toimingute seaduslikkuse kontrollimiseks, siseseireks, isikuandmete terviklikkuse ja turvalisuse tagamiseks ning süüteomenetluse läbiviimiseks.",true,inForce,2019-01-15,,estleg:ISIKUA_Par_36_v104012019011
estleg:ISIKUA_Par_36_Lg_4,estleg:ISIKUA_Map,§ 36.,4,(4) Andmekaitse Inspektsiooni taotlusel teevad vastutav ja volitatud töötleja käesoleva paragrahvi lõikes 1 nimetatud teabe Andmekaitse Inspektsioonile kättesaadavaks.,true,inForce,2019-01-15,,estleg:ISIKUA_Par_36_v104012019011
estleg:ISIKUA_Par_36_Lg_5,estleg:ISIKUA_Map,§ 36.,5,(5) Vastutav töötleja kehtestab logide säilitamise tähtajad.,true,inForce,2019-01-15,,estleg:ISIKUA_Par_36_v104012019011
estleg:ISIKUA_Par_37,estleg:ISIKUA_Map,§ 37.,,"(1) Vastutav töötleja registreerib kõik tema vastutusel tehtavate isikuandmete töötlemise toimingute liigid. Registreerida tuleb järgmine teave: vastutava töötleja ning asjakohasel juhul kaasvastutava töötleja nimi ja kontaktandmed; andmekaitsespetsialisti nimi ja kontaktandmed; isikuandmete töötlemise eesmärgid; vastuvõtjad või nende kategooriad, kellele isikuandmeid on avalikustatud või avalikustatakse; andmesubjektide kategooriate ja isikuandmete kategooriate kirjeldus; asjakohasel juhul profiilianalüüsi kasutamine; asjakohasel juhul isikuandmete kolmandale riigile või rahvusvahelisele organisatsioonile edastamise liigid; teave isikuandmete töötlemise õigusliku aluse kohta; võimaluse korral eriliiki isikuandmete kustutamiseks ettenähtud tähtajad; võimaluse korral käesoleva seaduse § 43 alusel võetud isikuandmete töötlemise organisatsiooniliste ja tehniliste turvameetmete kirjeldus. (2) Volitatud töötleja registreerib kõik vastutava töötleja nimel tehtavate isikuandmete töötlemisega seotud toimingute liigid. Registreerida tuleb järgmine teave: volitatud töötleja nimi ja kontaktandmed, samuti selle vastutava töötleja nimi ja kontaktandmed, kelle nimel volitatud töötleja tegutseb; asjakohasel juhul andmekaitseametniku nimi ja kontaktandmed; vastutava töötleja nimel tehtava isikuandmete töötlemise liigid; asjakohasel juhul isikuandmete edastamine kolmandale riigile või rahvusvahelisele organisatsioonile, sealhulgas andmed kõnealuse kolmanda riigi või rahvusvahelise organisatsiooni tuvastamiseks; võimaluse korral käesoleva seaduse § 43 alusel võetud isikuandmete töötlemise organisatsiooniliste ja tehniliste turvameetmete kirjeldus. (3) Käesoleva paragrahvi lõigetes 1 ja 2 nimetatud teave registreeritakse kirjalikku taasesitamist võimaldavas vormis. (4) Andmekaitse Inspektsiooni taotlusel teeb vastutav või volitatud töötleja käesoleva paragrahvi lõigetes 1 ja 2 nimetatud dokumendid Andmekaitse Inspektsioonile kättesaadavaks.",true,inForce,2019-01-15,,estleg:ISIKUA_Par_37_v104012019011
estleg:ISIKUA_Par_37_Lg_1,estleg:ISIKUA_Map,§ 37.,1,"(1) Vastutav töötleja registreerib kõik tema vastutusel tehtavate isikuandmete töötlemise toimingute liigid. Registreerida tuleb järgmine teave: vastutava töötleja ning asjakohasel juhul kaasvastutava töötleja nimi ja kontaktandmed; andmekaitsespetsialisti nimi ja kontaktandmed; isikuandmete töötlemise eesmärgid; vastuvõtjad või nende kategooriad, kellele isikuandmeid on avalikustatud või avalikustatakse; andmesubjektide kategooriate ja isikuandmete kategooriate kirjeldus; asjakohasel juhul profiilianalüüsi kasutamine; asjakohasel juhul isikuandmete kolmandale riigile või rahvusvahelisele organisatsioonile edastamise liigid; teave isikuandmete töötlemise õigusliku aluse kohta; võimaluse korral eriliiki isikuandmete kustutamiseks ettenähtud tähtajad; võimaluse korral käesoleva seaduse § 43 alusel võetud isikuandmete töötlemise organisatsiooniliste ja tehniliste turvameetmete kirjeldus.",true,inForce,2019-01-15,,estleg:ISIKUA_Par_37_v104012019011
estleg:ISIKUA_Par_37_Lg_2,estleg:ISIKUA_Map,§ 37.,2,"(2) Volitatud töötleja registreerib kõik vastutava töötleja nimel tehtavate isikuandmete töötlemisega seotud toimingute liigid. Registreerida tuleb järgmine teave: volitatud töötleja nimi ja kontaktandmed, samuti selle vastutava töötleja nimi ja kontaktandmed, kelle nimel volitatud töötleja tegutseb; asjakohasel juhul andmekaitseametniku nimi ja kontaktandmed; vastutava töötleja nimel tehtava isikuandmete töötlemise liigid; asjakohasel juhul isikuandmete edastamine kolmandale riigile või rahvusvahelisele organisatsioonile, sealhulgas andmed kõnealuse kolmanda riigi või rahvusvahelise organisatsiooni tuvastamiseks; võimaluse korral käesoleva seaduse § 43 alusel võetud isikuandmete töötlemise organisatsiooniliste ja tehniliste turvameetmete kirjeldus.",true,inForce,2019-01-15,,estleg:ISIKUA_Par_37_v104012019011
estleg:ISIKUA_Par_37_Lg_3,estleg:ISIKUA_Map,§ 37.,3,(3) Käesoleva paragrahvi lõigetes 1 ja 2 nimetatud teave registreeritakse kirjalikku taasesitamist võimaldavas vormis.,true,inForce,2019-01-15,,estleg:ISIKUA_Par_37_v104012019011
estleg:ISIKUA_Par_37_Lg_4,estleg:ISIKUA_Map,§ 37.,4,(4) Andmekaitse Inspektsiooni taotlusel teeb vastutav või volitatud töötleja käesoleva paragrahvi lõigetes 1 ja 2 nimetatud dokumendid Andmekaitse Inspektsioonile kättesaadavaks.,true,inForce,2019-01-15,,estleg:ISIKUA_Par_37_v104012019011
estleg:ISIKUA_Par_38,estleg:ISIKUA_Map,§ 38.,,"(1) Vastutav töötleja hindab enne isikuandmete töötlemist kavandatava isikuandmete töötlemise toimingute mõju isikuandmete kaitsele, kui isikuandmete töötlemise tulemusena võib töötlemise laadi, ulatust, konteksti ja eesmärke arvesse võttes kaasneda suur oht füüsilise isiku õigustele ning vabadustele. (2) Mõjuhinnang peab hõlmama vähemalt järgmist: kavandatud isikuandmete töötlemise toimingute ja töötlemise eesmärkide süstemaatiline kirjeldus; hinnang isikuandmete töötlemise toimingute vajalikkuse ja proportsionaalsuse kohta, arvestades isikuandmete töötlemise eesmärke; andmesubjekti õigusi ja vabadusi puudutavate ohtude hinnang; ohtude käsitlemiseks kavandatud meetmed, sealhulgas tagatised, turvameetmed ja mehhanismid isikuandmete kaitse tagamiseks ning käesoleva seaduse järgimise tõendamiseks, võttes arvesse andmesubjekti ja teiste asjaomaste isikute õigusi ning õigustatud huve.",true,inForce,2019-01-15,,estleg:ISIKUA_Par_38_v104012019011
estleg:ISIKUA_Par_38_Lg_1,estleg:ISIKUA_Map,§ 38.,1,"(1) Vastutav töötleja hindab enne isikuandmete töötlemist kavandatava isikuandmete töötlemise toimingute mõju isikuandmete kaitsele, kui isikuandmete töötlemise tulemusena võib töötlemise laadi, ulatust, konteksti ja eesmärke arvesse võttes kaasneda suur oht füüsilise isiku õigustele ning vabadustele.",true,inForce,2019-01-15,,estleg:ISIKUA_Par_38_v104012019011
estleg:ISIKUA_Par_38_Lg_2,estleg:ISIKUA_Map,§ 38.,2,"(2) Mõjuhinnang peab hõlmama vähemalt järgmist: kavandatud isikuandmete töötlemise toimingute ja töötlemise eesmärkide süstemaatiline kirjeldus; hinnang isikuandmete töötlemise toimingute vajalikkuse ja proportsionaalsuse kohta, arvestades isikuandmete töötlemise eesmärke; andmesubjekti õigusi ja vabadusi puudutavate ohtude hinnang; ohtude käsitlemiseks kavandatud meetmed, sealhulgas tagatised, turvameetmed ja mehhanismid isikuandmete kaitse tagamiseks ning käesoleva seaduse järgimise tõendamiseks, võttes arvesse andmesubjekti ja teiste asjaomaste isikute õigusi ning õigustatud huve.",true,inForce,2019-01-15,,estleg:ISIKUA_Par_38_v104012019011
estleg:ISIKUA_Par_39,estleg:ISIKUA_Map,§ 39.,,"(1) Kui vastutav või volitatud töötleja kavatseb töödelda isikuandmeid, mis kantakse uude loodavasse andmete kogumisse, peab ta enne konsulteerima Andmekaitse Inspektsiooniga järgmistel juhtudel: käesoleva seaduse § 38 alusel antud andmekaitsealasest mõjuhinnangust nähtub, et isikuandmete töötlemise tulemusena tekiks vastutava töötleja poolt ohu leevendamiseks võetavate meetmete puudumise korral suur oht; isikuandmete töötlemise laadiga kaasneb suur oht andmesubjekti õigustele ja vabadustele. (2) Isikuandmete töötlemise nõuetele vastavuse hindamiseks esitab vastutav töötleja Andmekaitse Inspektsioonile järgmise teabe: käesoleva seaduse §-s 38 sätestatud andmekaitsealase mõjuhinnangu; kavandatud isikuandmete töötlemise eesmärgi ja vahendid; andmesubjekti õiguste ja vabaduste kaitseks ettenähtud meetmed ning tagatised; asjakohasel juhul andmekaitseametniku kontaktandmed; asjakohasel juhul vastutava töötleja, kaasvastutavate töötlejate ja volitatud töötlejate vastutuse valdkonnad isikuandmete töötlemisel; muu Andmekaitse Inspektsiooni taotletud teabe. (3) Kui Andmekaitse Inspektsiooni hinnangul rikuks käesoleva paragrahvi lõikes 1 nimetatud kavandatav isikuandmete töötlemine käesoleva seaduse nõudeid, annab Andmekaitse Inspektsioon vastutavale ja asjakohasel juhul volitatud töötlejale kirjalikku nõu, kuidas viia andmetöötlus kooskõlla käesoleva seaduse nõuetega. (4) Andmekaitse Inspektsioon annab vastutavale või volitatud töötlejale nõu kuue nädala jooksul käesoleva paragrahvi lõikes 2 nimetatud teabe kättesaamisest arvates. (5) Käesoleva paragrahvi lõikes 4 nimetatud tähtaega võib pikendada ühe kuu võrra, arvestades kavandatud isikuandmete töötlemise keerukust. Andmekaitse Inspektsioon teavitab vastutavat või volitatud töötlejat tähtaja pikendamisest ühe kuu jooksul konsulteerimise taotluse saamisest arvates. Tähtaja pikendamist tuleb põhjendada. (6) Andmekaitse Inspektsioon võib koostada loetelu isikuandmete töötlemise toimingutest, mille puhul on käesoleva paragrahv",true,inForce,2019-01-15,,estleg:ISIKUA_Par_39_v104012019011
estleg:ISIKUA_Par_39_Lg_1,estleg:ISIKUA_Map,§ 39.,1,"(1) Kui vastutav või volitatud töötleja kavatseb töödelda isikuandmeid, mis kantakse uude loodavasse andmete kogumisse, peab ta enne konsulteerima Andmekaitse Inspektsiooniga järgmistel juhtudel: käesoleva seaduse § 38 alusel antud andmekaitsealasest mõjuhinnangust nähtub, et isikuandmete töötlemise tulemusena tekiks vastutava töötleja poolt ohu leevendamiseks võetavate meetmete puudumise korral suur oht; isikuandmete töötlemise laadiga kaasneb suur oht andmesubjekti õigustele ja vabadustele.",true,inForce,2019-01-15,,estleg:ISIKUA_Par_39_v104012019011
estleg:ISIKUA_Par_39_Lg_2,estleg:ISIKUA_Map,§ 39.,2,"(2) Isikuandmete töötlemise nõuetele vastavuse hindamiseks esitab vastutav töötleja Andmekaitse Inspektsioonile järgmise teabe: käesoleva seaduse §-s 38 sätestatud andmekaitsealase mõjuhinnangu; kavandatud isikuandmete töötlemise eesmärgi ja vahendid; andmesubjekti õiguste ja vabaduste kaitseks ettenähtud meetmed ning tagatised; asjakohasel juhul andmekaitseametniku kontaktandmed; asjakohasel juhul vastutava töötleja, kaasvastutavate töötlejate ja volitatud töötlejate vastutuse valdkonnad isikuandmete töötlemisel; muu Andmekaitse Inspektsiooni taotletud teabe.",true,inForce,2019-01-15,,estleg:ISIKUA_Par_39_v104012019011
estleg:ISIKUA_Par_39_Lg_3,estleg:ISIKUA_Map,§ 39.,3,"(3) Kui Andmekaitse Inspektsiooni hinnangul rikuks käesoleva paragrahvi lõikes 1 nimetatud kavandatav isikuandmete töötlemine käesoleva seaduse nõudeid, annab Andmekaitse Inspektsioon vastutavale ja asjakohasel juhul volitatud töötlejale kirjalikku nõu, kuidas viia andmetöötlus kooskõlla käesoleva seaduse nõuetega.",true,inForce,2019-01-15,,estleg:ISIKUA_Par_39_v104012019011
estleg:ISIKUA_Par_39_Lg_4,estleg:ISIKUA_Map,§ 39.,4,(4) Andmekaitse Inspektsioon annab vastutavale või volitatud töötlejale nõu kuue nädala jooksul käesoleva paragrahvi lõikes 2 nimetatud teabe kättesaamisest arvates.,true,inForce,2019-01-15,,estleg:ISIKUA_Par_39_v104012019011
estleg:ISIKUA_Par_39_Lg_5,estleg:ISIKUA_Map,§ 39.,5,"(5) Käesoleva paragrahvi lõikes 4 nimetatud tähtaega võib pikendada ühe kuu võrra, arvestades kavandatud isikuandmete töötlemise keerukust. Andmekaitse Inspektsioon teavitab vastutavat või volitatud töötlejat tähtaja pikendamisest ühe kuu jooksul konsulteerimise taotluse saamisest arvates. Tähtaja pikendamist tuleb põhjendada.",true,inForce,2019-01-15,,estleg:ISIKUA_Par_39_v104012019011
estleg:ISIKUA_Par_39_Lg_6,estleg:ISIKUA_Map,§ 39.,6,"(6) Andmekaitse Inspektsioon võib koostada loetelu isikuandmete töötlemise toimingutest, mille puhul on käesoleva paragrahvi lõikes 1 nimetatud varasem konsulteerimine vajalik.",true,inForce,2019-01-15,,estleg:ISIKUA_Par_39_v104012019011
estleg:ISIKUA_Par_3_Lg_1,estleg:ISIKUA_Map,§ 3.,,"Käesolevas seaduses ettenähtud haldusmenetlusele kohaldatakse haldusmenetluse seaduse sätteid, arvestades käesoleva seaduse erisusi.",true,inForce,2008-01-01,,estleg:ISIKUA_Par_3_v12909389
estleg:ISIKUA_Par_4,estleg:ISIKUA_Map,§ 4.,,"Isikuandmeid võib andmesubjekti nõusolekuta töödelda ajakirjanduslikul eesmärgil, eelkõige avalikustada meedias, kui selleks on avalik huvi ja see on kooskõlas ajakirjanduseetika põhimõtetega. Isikuandmete avalikustamine ei tohi ülemäära kahjustada andmesubjekti õigusi.",true,inForce,2019-01-15,,estleg:ISIKUA_Par_4_v104012019011
estleg:ISIKUA_Par_40,estleg:ISIKUA_Map,§ 40.,,(1) Õiguskaitseasutus määrab andmekaitsespetsialisti. Sellest kohustusest on vabastatud kohtud õigusemõistmise funktsiooni täites. (2) Õiguskaitseasutus võib mitme asutuse või organi jaoks määrata ühe andmekaitsespetsialisti olenevalt nende organisatsioonilisest struktuurist ja suurusest. (3) Andmekaitsespetsialisti määramisel lähtutakse tema kutseoskustest ja eksperditeadmistest andmekaitsealaste õigusaktide ja tava kohta ning suutlikkusest täita käesoleva seaduse §-s 41 sätestatud ülesandeid. (4) Andmekaitsespetsialist võib olla õiguskaitseasutuse teenistuses olev ametnik või töötaja või täita ülesandeid teenuslepingu alusel.,true,inForce,2019-01-15,,estleg:ISIKUA_Par_40_v104012019011
estleg:ISIKUA_Par_40_Lg_1,estleg:ISIKUA_Map,§ 40.,1,(1) Õiguskaitseasutus määrab andmekaitsespetsialisti. Sellest kohustusest on vabastatud kohtud õigusemõistmise funktsiooni täites.,true,inForce,2019-01-15,,estleg:ISIKUA_Par_40_v104012019011
estleg:ISIKUA_Par_40_Lg_2,estleg:ISIKUA_Map,§ 40.,2,(2) Õiguskaitseasutus võib mitme asutuse või organi jaoks määrata ühe andmekaitsespetsialisti olenevalt nende organisatsioonilisest struktuurist ja suurusest.,true,inForce,2019-01-15,,estleg:ISIKUA_Par_40_v104012019011
estleg:ISIKUA_Par_40_Lg_3,estleg:ISIKUA_Map,§ 40.,3,(3) Andmekaitsespetsialisti määramisel lähtutakse tema kutseoskustest ja eksperditeadmistest andmekaitsealaste õigusaktide ja tava kohta ning suutlikkusest täita käesoleva seaduse §-s 41 sätestatud ülesandeid.,true,inForce,2019-01-15,,estleg:ISIKUA_Par_40_v104012019011
estleg:ISIKUA_Par_40_Lg_4,estleg:ISIKUA_Map,§ 40.,4,(4) Andmekaitsespetsialist võib olla õiguskaitseasutuse teenistuses olev ametnik või töötaja või täita ülesandeid teenuslepingu alusel.,true,inForce,2019-01-15,,estleg:ISIKUA_Par_40_v104012019011
estleg:ISIKUA_Par_41,estleg:ISIKUA_Map,§ 41.,,"(1) Andmekaitsespetsialist täidab vähemalt järgmisi ülesandeid: teavitab ja nõustab õiguskaitseasutust ning tema ülesandel isikuandmeid töötlevaid ametnikke ja töötajaid seoses nende kohustustega, mis tulenevad käesolevast seadusest ning muudest Euroopa Liidu või selle liikmesriikide andmekaitsenormidest; tagab kooskõla käesoleva seaduse, vajaduse korral muude Euroopa Liidu või selle liikmesriikide andmekaitsenormidega ja vastutava töötleja sise-eeskirjadega, mis käsitlevad isikuandmete kaitse põhimõtteid ning isikuandmete töötlemises osalevate ametnike ja töötajate teadlikkuse suurendamist ning koolitamist; annab nõu seoses andmekaitsealase mõjuhinnanguga ja jälgib selle toimimist käesoleva seaduse § 38 kohaselt; teeb koostööd Andmekaitse Inspektsiooniga; tegutseb isikuandmete töötlemise küsimustes Andmekaitse Inspektsiooni kontaktisikuna, sealhulgas käesoleva seaduse §-s 39 sätestatud varasema konsulteerimise käigus, ning konsulteerib vajaduse korral ka muudes küsimustes. (2) Kohtu andmekaitsespetsialist ei täida käesoleva paragrahvi lõikes 1 nimetatud ülesandeid kohtu õigusemõistmisega seotud tegevuste suhtes. (3) Andmekaitsespetsialist võib täita muid ülesandeid ja kohustusi. Vastutav töötleja või volitatud töötleja tagab, et sellised ülesanded ja kohustused ei põhjusta andmekaitsespetsialistil huvide konflikti.",true,inForce,2019-01-15,,estleg:ISIKUA_Par_41_v104012019011
estleg:ISIKUA_Par_41_Lg_1,estleg:ISIKUA_Map,§ 41.,1,"(1) Andmekaitsespetsialist täidab vähemalt järgmisi ülesandeid: teavitab ja nõustab õiguskaitseasutust ning tema ülesandel isikuandmeid töötlevaid ametnikke ja töötajaid seoses nende kohustustega, mis tulenevad käesolevast seadusest ning muudest Euroopa Liidu või selle liikmesriikide andmekaitsenormidest; tagab kooskõla käesoleva seaduse, vajaduse korral muude Euroopa Liidu või selle liikmesriikide andmekaitsenormidega ja vastutava töötleja sise-eeskirjadega, mis käsitlevad isikuandmete kaitse põhimõtteid ning isikuandmete töötlemises osalevate ametnike ja töötajate teadlikkuse suurendamist ning koolitamist; annab nõu seoses andmekaitsealase mõjuhinnanguga ja jälgib selle toimimist käesoleva seaduse § 38 kohaselt; teeb koostööd Andmekaitse Inspektsiooniga; tegutseb isikuandmete töötlemise küsimustes Andmekaitse Inspektsiooni kontaktisikuna, sealhulgas käesoleva seaduse §-s 39 sätestatud varasema konsulteerimise käigus, ning konsulteerib vajaduse korral ka muudes küsimustes.",true,inForce,2019-01-15,,estleg:ISIKUA_Par_41_v104012019011
estleg:ISIKUA_Par_41_Lg_2,estleg:ISIKUA_Map,§ 41.,2,(2) Kohtu andmekaitsespetsialist ei täida käesoleva paragrahvi lõikes 1 nimetatud ülesandeid kohtu õigusemõistmisega seotud tegevuste suhtes.,true,inForce,2019-01-15,,estleg:ISIKUA_Par_41_v104012019011
estleg:ISIKUA_Par_41_Lg_3,estleg:ISIKUA_Map,§ 41.,3,"(3) Andmekaitsespetsialist võib täita muid ülesandeid ja kohustusi. Vastutav töötleja või volitatud töötleja tagab, et sellised ülesanded ja kohustused ei põhjusta andmekaitsespetsialistil huvide konflikti.",true,inForce,2019-01-15,,estleg:ISIKUA_Par_41_v104012019011
estleg:ISIKUA_Par_42,estleg:ISIKUA_Map,§ 42.,,"(1) Vastutav töötleja tagab andmekaitsespetsialisti nõuetekohase ja õigeaegse kaasamise kõikidesse isikuandmete kaitse küsimustesse. (2) Vastutav töötleja toetab andmekaitsespetsialisti käesoleva seaduse §-s 41 osutatud ülesannete täitmisel, andes talle kõnealuste ülesannete täitmiseks ja eksperditeadmiste taseme hoidmiseks vajalikud vahendid ning juurdepääsu isikuandmetele ja nende töötlemise toimingutele. (3) Andmekaitsespetsialisti ametiseisundile kohaldatakse Euroopa Parlamendi ja nõukogu määruse (EL) 2016/679 artikli 38 lõigetes 3–6 sätestatut.",true,inForce,2019-01-15,,estleg:ISIKUA_Par_42_v104012019011
estleg:ISIKUA_Par_42_Lg_1,estleg:ISIKUA_Map,§ 42.,1,(1) Vastutav töötleja tagab andmekaitsespetsialisti nõuetekohase ja õigeaegse kaasamise kõikidesse isikuandmete kaitse küsimustesse.,true,inForce,2019-01-15,,estleg:ISIKUA_Par_42_v104012019011
estleg:ISIKUA_Par_42_Lg_2,estleg:ISIKUA_Map,§ 42.,2,"(2) Vastutav töötleja toetab andmekaitsespetsialisti käesoleva seaduse §-s 41 osutatud ülesannete täitmisel, andes talle kõnealuste ülesannete täitmiseks ja eksperditeadmiste taseme hoidmiseks vajalikud vahendid ning juurdepääsu isikuandmetele ja nende töötlemise toimingutele.",true,inForce,2019-01-15,,estleg:ISIKUA_Par_42_v104012019011
estleg:ISIKUA_Par_42_Lg_3,estleg:ISIKUA_Map,§ 42.,3,(3) Andmekaitsespetsialisti ametiseisundile kohaldatakse Euroopa Parlamendi ja nõukogu määruse (EL) 2016/679 artikli 38 lõigetes 3–6 sätestatut.,true,inForce,2019-01-15,,estleg:ISIKUA_Par_42_v104012019011
estleg:ISIKUA_Par_43,estleg:ISIKUA_Map,§ 43.,,"Vastutav ja volitatud töötleja on kohustatud võtma ning rakendama organisatsioonilisi ja tehnilisi turvameetmeid isikuandmete kaitseks, et: keelata volitamata isikute juurdepääs isikuandmete töötlemiseks kasutatavatele andmetöötlusseadmetele; ära hoida andmekandjate omavoliline lugemine, kopeerimine, muutmine ja kõrvaldamine; ära hoida isikuandmete omavoliline sisestamine ja säilitatavate isikuandmetega tutvumine, nende muutmine või kustutamine; ära hoida andmetöötlussüsteemi kasutamine andmesidevahendite abil volitamata isikute poolt; tagada juurdepääs automatiseeritud andmetöötlussüsteemi kasutamise luba omavale kasutajale üksnes nendele isikuandmetele, mida hõlmab tema juurdepääsuluba; tagada võimalus tõendada ja kindlaks määrata, millistele asutustele on isikuandmeid andmesidevahendite kaudu edastatud või kättesaadavaks tehtud ja millistele asutustele võib neid edastada või kättesaadavaks teha; tagada võimalus tõendada ja kindlaks teha, milliseid isikuandmeid on automatiseeritud andmetöötlussüsteemi sisestatud ning millal ja kes need on sisestanud; ära hoida isikuandmete loata lugemine, kopeerimine, muutmine või kustutamine isikuandmete edastamise või andmekandjate vedamise ajal; tagada võimalus paigaldatud andmetöötlussüsteeme katkestuse korral taastada; tagada andmetöötlussüsteemi toimimine ja selle ilmnevatest toimimisvigadest teavitamine; ära hoida isikuandmete moonutamine süsteemirikete tagajärjel.",true,inForce,2019-01-15,,estleg:ISIKUA_Par_43_v104012019011
estleg:ISIKUA_Par_43_Lg_1,estleg:ISIKUA_Map,§ 43.,,"Vastutav ja volitatud töötleja on kohustatud võtma ning rakendama organisatsioonilisi ja tehnilisi turvameetmeid isikuandmete kaitseks, et: keelata volitamata isikute juurdepääs isikuandmete töötlemiseks kasutatavatele andmetöötlusseadmetele; ära hoida andmekandjate omavoliline lugemine, kopeerimine, muutmine ja kõrvaldamine; ära hoida isikuandmete omavoliline sisestamine ja säilitatavate isikuandmetega tutvumine, nende muutmine või kustutamine; ära hoida andmetöötlussüsteemi kasutamine andmesidevahendite abil volitamata isikute poolt; tagada juurdepääs automatiseeritud andmetöötlussüsteemi kasutamise luba omavale kasutajale üksnes nendele isikuandmetele, mida hõlmab tema juurdepääsuluba; tagada võimalus tõendada ja kindlaks määrata, millistele asutustele on isikuandmeid andmesidevahendite kaudu edastatud või kättesaadavaks tehtud ja millistele asutustele võib neid edastada või kättesaadavaks teha; tagada võimalus tõendada ja kindlaks teha, milliseid isikuandmeid on automatiseeritud andmetöötlussüsteemi sisestatud ning millal ja kes need on sisestanud; ära hoida isikuandmete loata lugemine, kopeerimine, muutmine või kustutamine isikuandmete edastamise või andmekandjate vedamise ajal; tagada võimalus paigaldatud andmetöötlussüsteeme katkestuse korral taastada; tagada andmetöötlussüsteemi toimimine ja selle ilmnevatest toimimisvigadest teavitamine; ära hoida isikuandmete moonutamine süsteemirikete tagajärjel.",true,inForce,2019-01-15,,estleg:ISIKUA_Par_43_v104012019011
estleg:ISIKUA_Par_44,estleg:ISIKUA_Map,§ 44.,,"(1) Kui isikuandmetega seotud rikkumine kujutab endast tõenäoliselt ohtu füüsilise isiku õigustele ja vabadustele, teatab vastutav töötleja rikkumisest Andmekaitse Inspektsioonile viivitamata, võimaluse korral 72 tunni jooksul pärast sellest teada saamist. (2) Volitatud töötleja teavitab vastutavat töötlejat viivitamata pärast isikuandmetega seotud rikkumisest teada saamist. (3) Käesoleva paragrahvi lõikes 1 nimetatud teates tuleb esitada järgmine teave: rikkumise sisu, sealhulgas isikuandmetega seotud rikkumise laad, võimaluse korral asjaomaste andmesubjektide kategooriad ja ligikaudne arv ning asjaomaste isikuandmete kategooriad ja ligikaudne arv; andmekaitseametniku nimi ja kontaktandmed; isikuandmetega seotud rikkumise võimalike tagajärgede kirjeldus; vastutava töötleja võetud või kavandatud meetmed isikuandmetega seotud rikkumiste lahendamiseks, sealhulgas meetmed rikkumise võimalike tagajärgede kahjuliku mõju leevendamiseks. (4) Kui Andmekaitse Inspektsiooni teavitatakse isikuandmetega seotud rikkumisest pärast 72 tunni möödumist sellest teada saamisest, esitatakse selle kohta põhjendus. (5) Kui isikuandmetega seotud rikkumine puudutab isikuandmeid, mis on edastatud teise Euroopa Liidu liikmesriigi vastutava töötleja poolt või teise Euroopa Liidu liikmesriigi vastutavale töötlejale, edastatakse käesoleva paragrahvi lõikes 3 osutatud teave põhjendamatu viivituseta kõnealuse liikmesriigi vastutavale töötlejale. (6) Vastutav töötleja dokumenteerib kõik käesoleva paragrahvi lõikes 1 nimetatud isikuandmetega seotud rikkumised, sealhulgas rikkumise asjaolud, mõju ja võetud parandusmeetmed.",true,inForce,2019-01-15,,estleg:ISIKUA_Par_44_v104012019011
estleg:ISIKUA_Par_44_Lg_1,estleg:ISIKUA_Map,§ 44.,1,"(1) Kui isikuandmetega seotud rikkumine kujutab endast tõenäoliselt ohtu füüsilise isiku õigustele ja vabadustele, teatab vastutav töötleja rikkumisest Andmekaitse Inspektsioonile viivitamata, võimaluse korral 72 tunni jooksul pärast sellest teada saamist.",true,inForce,2019-01-15,,estleg:ISIKUA_Par_44_v104012019011
estleg:ISIKUA_Par_44_Lg_2,estleg:ISIKUA_Map,§ 44.,2,(2) Volitatud töötleja teavitab vastutavat töötlejat viivitamata pärast isikuandmetega seotud rikkumisest teada saamist.,true,inForce,2019-01-15,,estleg:ISIKUA_Par_44_v104012019011
estleg:ISIKUA_Par_44_Lg_3,estleg:ISIKUA_Map,§ 44.,3,"(3) Käesoleva paragrahvi lõikes 1 nimetatud teates tuleb esitada järgmine teave: rikkumise sisu, sealhulgas isikuandmetega seotud rikkumise laad, võimaluse korral asjaomaste andmesubjektide kategooriad ja ligikaudne arv ning asjaomaste isikuandmete kategooriad ja ligikaudne arv; andmekaitseametniku nimi ja kontaktandmed; isikuandmetega seotud rikkumise võimalike tagajärgede kirjeldus; vastutava töötleja võetud või kavandatud meetmed isikuandmetega seotud rikkumiste lahendamiseks, sealhulgas meetmed rikkumise võimalike tagajärgede kahjuliku mõju leevendamiseks.",true,inForce,2019-01-15,,estleg:ISIKUA_Par_44_v104012019011
estleg:ISIKUA_Par_44_Lg_4,estleg:ISIKUA_Map,§ 44.,4,"(4) Kui Andmekaitse Inspektsiooni teavitatakse isikuandmetega seotud rikkumisest pärast 72 tunni möödumist sellest teada saamisest, esitatakse selle kohta põhjendus.",true,inForce,2019-01-15,,estleg:ISIKUA_Par_44_v104012019011
estleg:ISIKUA_Par_44_Lg_5,estleg:ISIKUA_Map,§ 44.,5,"(5) Kui isikuandmetega seotud rikkumine puudutab isikuandmeid, mis on edastatud teise Euroopa Liidu liikmesriigi vastutava töötleja poolt või teise Euroopa Liidu liikmesriigi vastutavale töötlejale, edastatakse käesoleva paragrahvi lõikes 3 osutatud teave põhjendamatu viivituseta kõnealuse liikmesriigi vastutavale töötlejale.",true,inForce,2019-01-15,,estleg:ISIKUA_Par_44_v104012019011
estleg:ISIKUA_Par_44_Lg_6,estleg:ISIKUA_Map,§ 44.,6,"(6) Vastutav töötleja dokumenteerib kõik käesoleva paragrahvi lõikes 1 nimetatud isikuandmetega seotud rikkumised, sealhulgas rikkumise asjaolud, mõju ja võetud parandusmeetmed.",true,inForce,2019-01-15,,estleg:ISIKUA_Par_44_v104012019011
estleg:ISIKUA_Par_45,estleg:ISIKUA_Map,§ 45.,,"(1) Kui rikkumine kujutab endast tõenäoliselt suurt ohtu füüsilise isiku õigustele ja vabadustele, teavitab vastutav töötleja viivitamata andmesubjekti isikuandmetega seotud rikkumisest. (2) Käesoleva paragrahvi lõikes 1 nimetatud teavitamisel kirjeldatakse selges ja lihtsas keeles isikuandmetega seotud rikkumise laadi ning esitatakse vähemalt käesoleva seaduse § 44 lõike 3 punktides 2–4 nimetatud teave. (3) Käesoleva paragrahvi lõikes 1 nimetatud teavitamine ei ole nõutav, kui on täidetud vähemalt üks järgmistest tingimustest: vastutav töötleja on rakendanud asjakohaseid tehnoloogilisi ja korralduslikke kaitsemeetmeid ning neid on kohaldatud isikuandmetega seotud rikkumisest mõjutatud isikuandmetele; vastutav töötleja on võtnud hilisemad meetmed, mis välistavad käesoleva paragrahvi lõikes 1 nimetatud suure ohu realiseerumise andmesubjekti õigustele ja vabadustele; andmesubjekti individuaalne teavitamine tooks kaasa ebaproportsionaalsed kulud ja rikkumisest on üldsust teavitatud. (4) Kui vastutav töötleja ei ole isikuandmetega seotud rikkumisest andmesubjekti veel teavitanud, võib Andmekaitse Inspektsioon pärast rikkumise raskuse hindamist otsustada, kas andmesubjekti teavitamine isikuandmetega seotud rikkumisest on nõutav või esineb mõni käesoleva paragrahvi lõikes 3 nimetatud juhtudest. (5) Käesoleva paragrahvi lõikes 1 nimetatud rikkumisest võib andmesubjekti teavitada hiljem, piiratud ulatuses või jätta ta teavitamata, kui see võib: takistada või kahjustada süüteo tõkestamist, avastamist või menetlemist või karistuse täideviimist; kahjustada teise isiku õigusi ja vabadusi; ohustada riigi julgeolekut; ohustada avaliku korra kaitset; takistada ametlikku uurimist või menetlust.",true,inForce,2019-01-15,,estleg:ISIKUA_Par_45_v104012019011
estleg:ISIKUA_Par_45_Lg_1,estleg:ISIKUA_Map,§ 45.,1,"(1) Kui rikkumine kujutab endast tõenäoliselt suurt ohtu füüsilise isiku õigustele ja vabadustele, teavitab vastutav töötleja viivitamata andmesubjekti isikuandmetega seotud rikkumisest.",true,inForce,2019-01-15,,estleg:ISIKUA_Par_45_v104012019011
estleg:ISIKUA_Par_45_Lg_2,estleg:ISIKUA_Map,§ 45.,2,(2) Käesoleva paragrahvi lõikes 1 nimetatud teavitamisel kirjeldatakse selges ja lihtsas keeles isikuandmetega seotud rikkumise laadi ning esitatakse vähemalt käesoleva seaduse § 44 lõike 3 punktides 2–4 nimetatud teave.,true,inForce,2019-01-15,,estleg:ISIKUA_Par_45_v104012019011
estleg:ISIKUA_Par_45_Lg_3,estleg:ISIKUA_Map,§ 45.,3,"(3) Käesoleva paragrahvi lõikes 1 nimetatud teavitamine ei ole nõutav, kui on täidetud vähemalt üks järgmistest tingimustest: vastutav töötleja on rakendanud asjakohaseid tehnoloogilisi ja korralduslikke kaitsemeetmeid ning neid on kohaldatud isikuandmetega seotud rikkumisest mõjutatud isikuandmetele; vastutav töötleja on võtnud hilisemad meetmed, mis välistavad käesoleva paragrahvi lõikes 1 nimetatud suure ohu realiseerumise andmesubjekti õigustele ja vabadustele; andmesubjekti individuaalne teavitamine tooks kaasa ebaproportsionaalsed kulud ja rikkumisest on üldsust teavitatud.",true,inForce,2019-01-15,,estleg:ISIKUA_Par_45_v104012019011
estleg:ISIKUA_Par_45_Lg_4,estleg:ISIKUA_Map,§ 45.,4,"(4) Kui vastutav töötleja ei ole isikuandmetega seotud rikkumisest andmesubjekti veel teavitanud, võib Andmekaitse Inspektsioon pärast rikkumise raskuse hindamist otsustada, kas andmesubjekti teavitamine isikuandmetega seotud rikkumisest on nõutav või esineb mõni käesoleva paragrahvi lõikes 3 nimetatud juhtudest.",true,inForce,2019-01-15,,estleg:ISIKUA_Par_45_v104012019011
estleg:ISIKUA_Par_45_Lg_5,estleg:ISIKUA_Map,§ 45.,5,"(5) Käesoleva paragrahvi lõikes 1 nimetatud rikkumisest võib andmesubjekti teavitada hiljem, piiratud ulatuses või jätta ta teavitamata, kui see võib: takistada või kahjustada süüteo tõkestamist, avastamist või menetlemist või karistuse täideviimist; kahjustada teise isiku õigusi ja vabadusi; ohustada riigi julgeolekut; ohustada avaliku korra kaitset; takistada ametlikku uurimist või menetlust.",true,inForce,2019-01-15,,estleg:ISIKUA_Par_45_v104012019011
estleg:ISIKUA_Par_46,estleg:ISIKUA_Map,§ 46.,,"(1) Isikuandmeid on lubatud edastada kolmandale riigile või rahvusvahelisele organisatsioonile üksnes juhul, kui on täidetud kõik järgmised tingimused: edastamine on vajalik süüteo tõkestamiseks, avastamiseks või menetlemiseks või karistuse täideviimiseks; isikuandmeid edastatakse vastutavale töötlejale kolmandas riigis või rahvusvahelises organisatsioonis, kes on pädev süütegu tõkestama, avastama ja menetlema või karistust täide viima; teise Euroopa Liidu liikmesriigi nõusolek andmete edasiseks kasutamiseks, kui edastatavad andmed on saadud sellest liikmesriigist; Euroopa Komisjon on vastu võtnud Euroopa Parlamendi ja nõukogu direktiivi (EL) 2016/680 artikli 36 kohaselt otsuse kaitse piisavuse kohta või sellise otsuse puudumisel on võetud käesoleva seaduse §-s 47 nimetatud piisavad kaitsemeetmed või nende puudumisel kohaldatakse käesoleva seaduse §-s 48 nimetatud erandit; isikuandmete edastamisel tagatakse, et andmeid edastav vastutav töötleja on isikuandmete edasiseks edastamiseks muule kolmandale riigile või rahvusvahelisele organisatsioonile andnud varasema nõusoleku. (2) Kui käesoleva paragrahvi lõike 1 punktis 3 nimetatud luba isikuandmete edastamiseks ei ole võimalik õigel ajal saada ning isikuandmete edastamine on vajalik riigi või kolmanda riigi avalikku korda ähvardava vahetu ja tõsise ohu vältimiseks või riigi olulise huvi kaitseks, siis võib isikuandmeid edastada ilma käesoleva paragrahvi lõike 1 punktis 3 nimetatud loata. Käesolevas lõikes sätestatud andmevahetusest teavitatakse viivitamata isikuandmeid edastanud Euroopa Liidu liikmesriigi pädevat asutust. (3) Käesoleva paragrahvi lõike 1 punktis 5 nimetatud nõusoleku andmisel võtab vastutav või volitatud töötleja muu hulgas arvesse süüteo raskust, isikuandmete algse edastamise eesmärki ja isikuandmete kaitse taset selles kolmandas riigis või rahvusvahelises organisatsioonis, kuhu isikuandmed edasi saadetakse. (4) Kui Euroopa Komisjon on vastu võtnud Euroopa Parlamendi ja nõukogu direktiivi (EL) 2016/68",true,inForce,2019-01-15,,estleg:ISIKUA_Par_46_v104012019011
estleg:ISIKUA_Par_46_Lg_1,estleg:ISIKUA_Map,§ 46.,1,"(1) Isikuandmeid on lubatud edastada kolmandale riigile või rahvusvahelisele organisatsioonile üksnes juhul, kui on täidetud kõik järgmised tingimused: edastamine on vajalik süüteo tõkestamiseks, avastamiseks või menetlemiseks või karistuse täideviimiseks; isikuandmeid edastatakse vastutavale töötlejale kolmandas riigis või rahvusvahelises organisatsioonis, kes on pädev süütegu tõkestama, avastama ja menetlema või karistust täide viima; teise Euroopa Liidu liikmesriigi nõusolek andmete edasiseks kasutamiseks, kui edastatavad andmed on saadud sellest liikmesriigist; Euroopa Komisjon on vastu võtnud Euroopa Parlamendi ja nõukogu direktiivi (EL) 2016/680 artikli 36 kohaselt otsuse kaitse piisavuse kohta või sellise otsuse puudumisel on võetud käesoleva seaduse §-s 47 nimetatud piisavad kaitsemeetmed või nende puudumisel kohaldatakse käesoleva seaduse §-s 48 nimetatud erandit; isikuandmete edastamisel tagatakse, et andmeid edastav vastutav töötleja on isikuandmete edasiseks edastamiseks muule kolmandale riigile või rahvusvahelisele organisatsioonile andnud varasema nõusoleku.",true,inForce,2019-01-15,,estleg:ISIKUA_Par_46_v104012019011
estleg:ISIKUA_Par_46_Lg_2,estleg:ISIKUA_Map,§ 46.,2,"(2) Kui käesoleva paragrahvi lõike 1 punktis 3 nimetatud luba isikuandmete edastamiseks ei ole võimalik õigel ajal saada ning isikuandmete edastamine on vajalik riigi või kolmanda riigi avalikku korda ähvardava vahetu ja tõsise ohu vältimiseks või riigi olulise huvi kaitseks, siis võib isikuandmeid edastada ilma käesoleva paragrahvi lõike 1 punktis 3 nimetatud loata. Käesolevas lõikes sätestatud andmevahetusest teavitatakse viivitamata isikuandmeid edastanud Euroopa Liidu liikmesriigi pädevat asutust.",true,inForce,2019-01-15,,estleg:ISIKUA_Par_46_v104012019011
estleg:ISIKUA_Par_46_Lg_3,estleg:ISIKUA_Map,§ 46.,3,"(3) Käesoleva paragrahvi lõike 1 punktis 5 nimetatud nõusoleku andmisel võtab vastutav või volitatud töötleja muu hulgas arvesse süüteo raskust, isikuandmete algse edastamise eesmärki ja isikuandmete kaitse taset selles kolmandas riigis või rahvusvahelises organisatsioonis, kuhu isikuandmed edasi saadetakse.",true,inForce,2019-01-15,,estleg:ISIKUA_Par_46_v104012019011
estleg:ISIKUA_Par_46_Lg_4,estleg:ISIKUA_Map,§ 46.,4,"(4) Kui Euroopa Komisjon on vastu võtnud Euroopa Parlamendi ja nõukogu direktiivi (EL) 2016/680 artikli 36 lõikes 5 nimetatud otsuse, võib isikuandmeid edastada kolmandale riigile või rahvusvahelisele organisatsioonile käesoleva seaduse §-de 47 ja 48 alusel.",true,inForce,2019-01-15,,estleg:ISIKUA_Par_46_v104012019011
estleg:ISIKUA_Par_47,estleg:ISIKUA_Map,§ 47.,,"Kui puudub käesoleva seaduse § 46 lõike 1 punktis 4 nimetatud Euroopa Komisjoni otsus kaitse piisavuse kohta, võib isikuandmeid edastada kolmandale riigile või rahvusvahelisele organisatsioonile järgmistel juhtudel: isikuandmete kaitseks võetavad asjakohased kaitsemeetmed on sätestatud õiguslikult siduvas aktis; vastutav töötleja on hinnanud kõiki isikuandmete edastamisega seotud asjaolusid ning leidnud, et on võetud kõik isikuandmete kaitse seisukohalt asjakohased kaitsemeetmed.",true,inForce,2019-01-15,,estleg:ISIKUA_Par_47_v104012019011
estleg:ISIKUA_Par_47_Lg_1,estleg:ISIKUA_Map,§ 47.,,"Kui puudub käesoleva seaduse § 46 lõike 1 punktis 4 nimetatud Euroopa Komisjoni otsus kaitse piisavuse kohta, võib isikuandmeid edastada kolmandale riigile või rahvusvahelisele organisatsioonile järgmistel juhtudel: isikuandmete kaitseks võetavad asjakohased kaitsemeetmed on sätestatud õiguslikult siduvas aktis; vastutav töötleja on hinnanud kõiki isikuandmete edastamisega seotud asjaolusid ning leidnud, et on võetud kõik isikuandmete kaitse seisukohalt asjakohased kaitsemeetmed.",true,inForce,2019-01-15,,estleg:ISIKUA_Par_47_v104012019011
estleg:ISIKUA_Par_48,estleg:ISIKUA_Map,§ 48.,,"(1) Kui puudub käesoleva seaduse § 46 lõike 1 punktis 4 nimetatud Euroopa Komisjoni otsus kaitse piisavuse kohta või puuduvad §-s 47 nimetatud asjakohased kaitsemeetmed, on isikuandmete edastamine kolmandale riigile või rahvusvahelisele organisatsioonile lubatud, kui see on vajalik: andmesubjekti või teise isiku õiguste ja vabaduste kaitsmiseks; andmesubjekti õiguspäraste huvide kaitsmiseks; avalikku korda ähvardava vahetu ja tõsise ohu ennetamiseks; konkreetse süüteo tõkestamiseks, avastamiseks või menetlemiseks või karistuse täideviimiseks või konkreetse süüteo tõkestamise, avastamise või menetlemise või karistuse täideviimise eesmärgiga seotud konkreetse õigusnõude koostamiseks, esitamiseks või kaitsmiseks. (2) Kui andmesubjekti õigused on kaalukamad, kui on käesoleva paragrahvi lõike 1 punktides 4 ja 5 sätestatud huvi, ei ole isikuandmete edastamine lubatud.",true,inForce,2019-01-15,,estleg:ISIKUA_Par_48_v104012019011
estleg:ISIKUA_Par_48_Lg_1,estleg:ISIKUA_Map,§ 48.,1,"(1) Kui puudub käesoleva seaduse § 46 lõike 1 punktis 4 nimetatud Euroopa Komisjoni otsus kaitse piisavuse kohta või puuduvad §-s 47 nimetatud asjakohased kaitsemeetmed, on isikuandmete edastamine kolmandale riigile või rahvusvahelisele organisatsioonile lubatud, kui see on vajalik: andmesubjekti või teise isiku õiguste ja vabaduste kaitsmiseks; andmesubjekti õiguspäraste huvide kaitsmiseks; avalikku korda ähvardava vahetu ja tõsise ohu ennetamiseks; konkreetse süüteo tõkestamiseks, avastamiseks või menetlemiseks või karistuse täideviimiseks või konkreetse süüteo tõkestamise, avastamise või menetlemise või karistuse täideviimise eesmärgiga seotud konkreetse õigusnõude koostamiseks, esitamiseks või kaitsmiseks.",true,inForce,2019-01-15,,estleg:ISIKUA_Par_48_v104012019011
estleg:ISIKUA_Par_48_Lg_2,estleg:ISIKUA_Map,§ 48.,2,"(2) Kui andmesubjekti õigused on kaalukamad, kui on käesoleva paragrahvi lõike 1 punktides 4 ja 5 sätestatud huvi, ei ole isikuandmete edastamine lubatud.",true,inForce,2019-01-15,,estleg:ISIKUA_Par_48_v104012019011
estleg:ISIKUA_Par_49,estleg:ISIKUA_Map,§ 49.,,"Isikuandmeid võib edastada vahetult kolmandas riigis asuvale vastuvõtjale, kui on täidetud kõik järgmised tingimused: edastamine on rangelt vajalik isikuandmeid edastava õiguskaitseasutuse ülesande täitmiseks süüteo tõkestamise, avastamise või menetlemise või karistuse täideviimise eesmärgil; avalik huvi on kaalukam kui andmesubjekti õigused ja vabadused; isikuandmete edastamine kolmanda riigi asutusele, kes on pädev süütegu tõkestama, avastama ja menetlema või karistust täide viima, ei ole tõhus või asjakohane; kolmanda riigi asutust, kes on pädev süütegu tõkestama, avastama ja menetlema või karistust täide viima, teavitatakse viivitamata, välja arvatud juhul, kui see ei ole tõhus või asjakohane; vastuvõtjat teavitatakse isikuandmete töötlemise konkreetsest eesmärgist ja suunatakse isikuandmeid töötlema ainult nimetatud eesmärgil.",true,inForce,2019-01-15,,estleg:ISIKUA_Par_49_v104012019011
estleg:ISIKUA_Par_49_Lg_1,estleg:ISIKUA_Map,§ 49.,,"Isikuandmeid võib edastada vahetult kolmandas riigis asuvale vastuvõtjale, kui on täidetud kõik järgmised tingimused: edastamine on rangelt vajalik isikuandmeid edastava õiguskaitseasutuse ülesande täitmiseks süüteo tõkestamise, avastamise või menetlemise või karistuse täideviimise eesmärgil; avalik huvi on kaalukam kui andmesubjekti õigused ja vabadused; isikuandmete edastamine kolmanda riigi asutusele, kes on pädev süütegu tõkestama, avastama ja menetlema või karistust täide viima, ei ole tõhus või asjakohane; kolmanda riigi asutust, kes on pädev süütegu tõkestama, avastama ja menetlema või karistust täide viima, teavitatakse viivitamata, välja arvatud juhul, kui see ei ole tõhus või asjakohane; vastuvõtjat teavitatakse isikuandmete töötlemise konkreetsest eesmärgist ja suunatakse isikuandmeid töötlema ainult nimetatud eesmärgil.",true,inForce,2019-01-15,,estleg:ISIKUA_Par_49_v104012019011
estleg:ISIKUA_Par_4_Lg_1,estleg:ISIKUA_Map,§ 4.,,"Isikuandmeid võib andmesubjekti nõusolekuta töödelda ajakirjanduslikul eesmärgil, eelkõige avalikustada meedias, kui selleks on avalik huvi ja see on kooskõlas ajakirjanduseetika põhimõtetega. Isikuandmete avalikustamine ei tohi ülemäära kahjustada andmesubjekti õigusi.",true,inForce,2019-01-15,,estleg:ISIKUA_Par_4_v104012019011
estleg:ISIKUA_Par_5,estleg:ISIKUA_Map,§ 5.,,"Isikuandmeid võib andmesubjekti nõusolekuta töödelda akadeemilise, kunstilise ja kirjandusliku eneseväljenduse eesmärgil, eelkõige avalikustada, kui see ei kahjusta ülemäära andmesubjekti õigusi.",true,inForce,2019-01-15,,estleg:ISIKUA_Par_5_v104012019011
estleg:ISIKUA_Par_50,estleg:ISIKUA_Map,§ 50.,,"(1) Vastutav või volitatud töötleja annab ülevaate Andmekaitse Inspektsioonile käesoleva seaduse § 47 punkti 2 ja § 49 alusel toimunud isikuandmete edastamisest vähemalt üks kord aastas. (2) Kui isikuandmeid edastatakse käesoleva seaduse § 47 punkti 2, § 48 lõike 1 või § 49 alusel, dokumenteerib vastutav või volitatud töötleja sellise edastamise, sealhulgas edastamise kuupäeva ja kellaaja, vastuvõtva pädeva asutuse andmed, edastamise selgituse ning edastatud isikuandmed. (3) Andmekaitse Inspektsiooni taotlusel teeb vastutav või volitatud töötleja käesoleva paragrahvi lõikes 2 nimetatud dokumendid talle kättesaadavaks.",true,inForce,2019-01-15,,estleg:ISIKUA_Par_50_v104012019011
estleg:ISIKUA_Par_50_Lg_1,estleg:ISIKUA_Map,§ 50.,1,(1) Vastutav või volitatud töötleja annab ülevaate Andmekaitse Inspektsioonile käesoleva seaduse § 47 punkti 2 ja § 49 alusel toimunud isikuandmete edastamisest vähemalt üks kord aastas.,true,inForce,2019-01-15,,estleg:ISIKUA_Par_50_v104012019011
estleg:ISIKUA_Par_50_Lg_2,estleg:ISIKUA_Map,§ 50.,2,"(2) Kui isikuandmeid edastatakse käesoleva seaduse § 47 punkti 2, § 48 lõike 1 või § 49 alusel, dokumenteerib vastutav või volitatud töötleja sellise edastamise, sealhulgas edastamise kuupäeva ja kellaaja, vastuvõtva pädeva asutuse andmed, edastamise selgituse ning edastatud isikuandmed.",true,inForce,2019-01-15,,estleg:ISIKUA_Par_50_v104012019011
estleg:ISIKUA_Par_50_Lg_3,estleg:ISIKUA_Map,§ 50.,3,(3) Andmekaitse Inspektsiooni taotlusel teeb vastutav või volitatud töötleja käesoleva paragrahvi lõikes 2 nimetatud dokumendid talle kättesaadavaks.,true,inForce,2019-01-15,,estleg:ISIKUA_Par_50_v104012019011
estleg:ISIKUA_Par_51,estleg:ISIKUA_Map,§ 51.,,"(1) Sõltumatu järelevalveasutus Euroopa Parlamendi ja nõukogu määruse (EL) 2016/679 artikli 51 lõike 1 ning Euroopa Parlamendi ja nõukogu direktiivi (EL) 2016/680 artikli 41 tähenduses on Andmekaitse Inspektsioon. (2) Andmekaitse Inspektsioon on oma ülesannete täitmisel sõltumatu ja tegutseb, lähtudes käesolevast seadusest, Euroopa Parlamendi ja nõukogu määrusest (EL) 2016/679, muudest seadustest ja nende alusel kehtestatud õigusaktidest.",true,inForce,2019-01-15,,estleg:ISIKUA_Par_51_v104012019011
estleg:ISIKUA_Par_51_Lg_1,estleg:ISIKUA_Map,§ 51.,1,(1) Sõltumatu järelevalveasutus Euroopa Parlamendi ja nõukogu määruse (EL) 2016/679 artikli 51 lõike 1 ning Euroopa Parlamendi ja nõukogu direktiivi (EL) 2016/680 artikli 41 tähenduses on Andmekaitse Inspektsioon.,true,inForce,2019-01-15,,estleg:ISIKUA_Par_51_v104012019011
estleg:ISIKUA_Par_51_Lg_2,estleg:ISIKUA_Map,§ 51.,2,"(2) Andmekaitse Inspektsioon on oma ülesannete täitmisel sõltumatu ja tegutseb, lähtudes käesolevast seadusest, Euroopa Parlamendi ja nõukogu määrusest (EL) 2016/679, muudest seadustest ja nende alusel kehtestatud õigusaktidest.",true,inForce,2019-01-15,,estleg:ISIKUA_Par_51_v104012019011
estleg:ISIKUA_Par_52,estleg:ISIKUA_Map,§ 52.,,"(1) Andmekaitse Inspektsiooni juhina võib töötada juhtimiskogemusega kõrgharidusega isik, kellel on teadmised isikuandmete kaitse õiguslikust regulatsioonist ning info- ja kommunikatsioonitehnoloogiast, sealhulgas infosüsteemidest. (2) Andmekaitse Inspektsiooni juht ei tohi ametisoleku ajal osaleda erakondade tegevuses ega töötada muul palgalisel töö- või ametikohal, välja arvatud pedagoogiline ja teadustöö.",true,inForce,2019-01-15,,estleg:ISIKUA_Par_52_v104012019011
estleg:ISIKUA_Par_52_Lg_1,estleg:ISIKUA_Map,§ 52.,1,"(1) Andmekaitse Inspektsiooni juhina võib töötada juhtimiskogemusega kõrgharidusega isik, kellel on teadmised isikuandmete kaitse õiguslikust regulatsioonist ning info- ja kommunikatsioonitehnoloogiast, sealhulgas infosüsteemidest.",true,inForce,2019-01-15,,estleg:ISIKUA_Par_52_v104012019011
estleg:ISIKUA_Par_52_Lg_2,estleg:ISIKUA_Map,§ 52.,2,"(2) Andmekaitse Inspektsiooni juht ei tohi ametisoleku ajal osaleda erakondade tegevuses ega töötada muul palgalisel töö- või ametikohal, välja arvatud pedagoogiline ja teadustöö.",true,inForce,2019-01-15,,estleg:ISIKUA_Par_52_v104012019011
estleg:ISIKUA_Par_53,estleg:ISIKUA_Map,§ 53.,,"(1) Andmekaitse Inspektsiooni juhi kandidaat peab enne Andmekaitse Inspektsiooni juhiks nimetamist läbima julgeolekukontrolli, välja arvatud juhul, kui tal on kehtiv täiesti salajase taseme riigisaladusele juurdepääsu luba või kui ta on kandidaadiks saamise ajal ametikohal, millel on ametikohajärgne õigus juurdepääsuks kõigile riigisaladuse tasemetele. (2) Andmekaitse Inspektsiooni juhi kandidaadi julgeolekukontrolli teeb Kaitsepolitseiamet julgeolekuasutuste seaduses ettenähtud korras. (3) Julgeolekukontrolli läbimiseks täidab Andmekaitse Inspektsiooni juhi kandidaat riigisaladusele juurdepääsu loa taotleja ankeedi ja allkirjastab nõusoleku, millega lubab julgeolekukontrolli tegeval asutusel saada julgeolekukontrolli tegemise ajal enda kohta teavet füüsilistelt ja juriidilistelt isikutelt ning riigi- ja kohaliku omavalitsuse asutustelt ja organitelt, ning esitab need Justiits- ja Digiministeeriumi kaudu Kaitsepolitseiametile. , Vabariigi Valitsuse seaduse § 105.19 lõike 12 alusel asendatud sõna „Justiitsministeerium” sõnadega „Justiits- ja Digiministeerium” vastavas käändes (4) Kaitsepolitseiamet edastab julgeolekukontrolli tulemusena kogutud andmed valdkonna eest vastutavale ministrile kolme kuu jooksul arvates käesoleva paragrahvi lõikes 3 nimetatud dokumentide saamisest, lisades oma arvamuse Andmekaitse Inspektsiooni juhi kandidaadi vastavuse kohta riigisaladusele juurdepääsu loa saamise tingimustele. (5) Kui Andmekaitse Inspektsiooni juhi volitused on lõppenud enne tähtaega, tuleb julgeolekukontroll Andmekaitse Inspektsiooni juhi kandidaadi suhtes teha ühe kuu jooksul arvates käesoleva paragrahvi lõikes 3 nimetatud dokumentide saamisest. Vabariigi Valitsuse julgeolekukomisjoni loal võib julgeolekukontrolli tegemise tähtaega pikendada ühe kuu võrra, kui esineb riigisaladuse ja salastatud välisteabe seaduse § 33 lõike 4 punktis 1 või 2 nimetatud asjaolu või ühe kuu jooksul on võimalik punktis 3 või 4 nimetatud asjaolu ilmnemine. (6) Tehtud julgeolekukontrolli käi",true,inForce,2025-01-01,,estleg:ISIKUA_Par_53_v131122024044
estleg:ISIKUA_Par_53_Lg_1,estleg:ISIKUA_Map,§ 53.,1,"(1) Andmekaitse Inspektsiooni juhi kandidaat peab enne Andmekaitse Inspektsiooni juhiks nimetamist läbima julgeolekukontrolli, välja arvatud juhul, kui tal on kehtiv täiesti salajase taseme riigisaladusele juurdepääsu luba või kui ta on kandidaadiks saamise ajal ametikohal, millel on ametikohajärgne õigus juurdepääsuks kõigile riigisaladuse tasemetele.",true,inForce,2025-01-01,,estleg:ISIKUA_Par_53_v131122024044
estleg:ISIKUA_Par_53_Lg_2,estleg:ISIKUA_Map,§ 53.,2,(2) Andmekaitse Inspektsiooni juhi kandidaadi julgeolekukontrolli teeb Kaitsepolitseiamet julgeolekuasutuste seaduses ettenähtud korras.,true,inForce,2025-01-01,,estleg:ISIKUA_Par_53_v131122024044
estleg:ISIKUA_Par_53_Lg_3,estleg:ISIKUA_Map,§ 53.,3,"(3) Julgeolekukontrolli läbimiseks täidab Andmekaitse Inspektsiooni juhi kandidaat riigisaladusele juurdepääsu loa taotleja ankeedi ja allkirjastab nõusoleku, millega lubab julgeolekukontrolli tegeval asutusel saada julgeolekukontrolli tegemise ajal enda kohta teavet füüsilistelt ja juriidilistelt isikutelt ning riigi- ja kohaliku omavalitsuse asutustelt ja organitelt, ning esitab need Justiits- ja Digiministeeriumi kaudu Kaitsepolitseiametile. , Vabariigi Valitsuse seaduse § 105.19 lõike 12 alusel asendatud sõna „Justiitsministeerium” sõnadega „Justiits- ja Digiministeerium” vastavas käändes",true,inForce,2025-01-01,,estleg:ISIKUA_Par_53_v131122024044
estleg:ISIKUA_Par_53_Lg_4,estleg:ISIKUA_Map,§ 53.,4,"(4) Kaitsepolitseiamet edastab julgeolekukontrolli tulemusena kogutud andmed valdkonna eest vastutavale ministrile kolme kuu jooksul arvates käesoleva paragrahvi lõikes 3 nimetatud dokumentide saamisest, lisades oma arvamuse Andmekaitse Inspektsiooni juhi kandidaadi vastavuse kohta riigisaladusele juurdepääsu loa saamise tingimustele.",true,inForce,2025-01-01,,estleg:ISIKUA_Par_53_v131122024044
estleg:ISIKUA_Par_53_Lg_5,estleg:ISIKUA_Map,§ 53.,5,"(5) Kui Andmekaitse Inspektsiooni juhi volitused on lõppenud enne tähtaega, tuleb julgeolekukontroll Andmekaitse Inspektsiooni juhi kandidaadi suhtes teha ühe kuu jooksul arvates käesoleva paragrahvi lõikes 3 nimetatud dokumentide saamisest. Vabariigi Valitsuse julgeolekukomisjoni loal võib julgeolekukontrolli tegemise tähtaega pikendada ühe kuu võrra, kui esineb riigisaladuse ja salastatud välisteabe seaduse § 33 lõike 4 punktis 1 või 2 nimetatud asjaolu või ühe kuu jooksul on võimalik punktis 3 või 4 nimetatud asjaolu ilmnemine.",true,inForce,2025-01-01,,estleg:ISIKUA_Par_53_v131122024044
estleg:ISIKUA_Par_53_Lg_6,estleg:ISIKUA_Map,§ 53.,6,"(6) Tehtud julgeolekukontrolli käigus kogutud andmetele tuginedes võib Andmekaitse Inspektsiooni juhi kandidaadi ametisse nimetada üheksa kuu jooksul arvates ajast, kui Kaitsepolitseiamet edastas julgeolekukontrolli käigus kogutud teabe valdkonna eest vastutavale ministrile. Nimetatud tähtajast hiljem võib Andmekaitse Inspektsiooni juhi kandidaadi ametisse nimetada pärast uue julgeolekukontrolli läbimist.",true,inForce,2025-01-01,,estleg:ISIKUA_Par_53_v131122024044
estleg:ISIKUA_Par_54,estleg:ISIKUA_Map,§ 54.,,"(1) Andmekaitse Inspektsiooni juhi nimetab valdkonna eest vastutava ministri ettepanekul viieks aastaks ametisse Vabariigi Valitsus, olles enne ära kuulanud Riigikogu põhiseaduskomisjoni seisukoha. (2) Enne Andmekaitse Inspektsiooni juhi ennetähtaegset ametist vabastamist kuulatakse ära Riigikogu põhiseaduskomisjoni seisukoht.",true,inForce,2019-01-15,,estleg:ISIKUA_Par_54_v104012019011
estleg:ISIKUA_Par_54_Lg_1,estleg:ISIKUA_Map,§ 54.,1,"(1) Andmekaitse Inspektsiooni juhi nimetab valdkonna eest vastutava ministri ettepanekul viieks aastaks ametisse Vabariigi Valitsus, olles enne ära kuulanud Riigikogu põhiseaduskomisjoni seisukoha.",true,inForce,2019-01-15,,estleg:ISIKUA_Par_54_v104012019011
estleg:ISIKUA_Par_54_Lg_2,estleg:ISIKUA_Map,§ 54.,2,(2) Enne Andmekaitse Inspektsiooni juhi ennetähtaegset ametist vabastamist kuulatakse ära Riigikogu põhiseaduskomisjoni seisukoht.,true,inForce,2019-01-15,,estleg:ISIKUA_Par_54_v104012019011
estleg:ISIKUA_Par_55,estleg:ISIKUA_Map,§ 55.,,"Pädev asutus Euroopa Parlamendi ja nõukogu määruse (EL) 2016/679 artikli 43 lõike 1 tähenduses, kes on pädev akrediteerima sertifitseerimisasutusi, millel on andmekaitse vallas asjakohased eksperditeadmised, on Andmekaitse Inspektsioon.",true,inForce,2019-01-15,,estleg:ISIKUA_Par_55_v104012019011
estleg:ISIKUA_Par_55_Lg_1,estleg:ISIKUA_Map,§ 55.,,"Pädev asutus Euroopa Parlamendi ja nõukogu määruse (EL) 2016/679 artikli 43 lõike 1 tähenduses, kes on pädev akrediteerima sertifitseerimisasutusi, millel on andmekaitse vallas asjakohased eksperditeadmised, on Andmekaitse Inspektsioon.",true,inForce,2019-01-15,,estleg:ISIKUA_Par_55_v104012019011
estleg:ISIKUA_Par_56,estleg:ISIKUA_Map,§ 56.,,"(1) Käesolevas seaduses, selle alusel kehtestatud õigusaktides ning Euroopa Parlamendi ja nõukogu määruses (EL) 2016/679 sätestatud nõuete ning muudes seadustes isikuandmete töötlemisele kehtestatud nõuete täitmise üle teostab riiklikku ja haldusjärelevalvet Andmekaitse Inspektsioon. (2) Lisaks Euroopa Parlamendi ja nõukogu määruse (EL) 2016/679 artiklis 57 sätestatule on Andmekaitse Inspektsiooni pädevuses: suurendada üldsuse, vastutavate töötlejate ja volitatud töötlejate teadlikkust ning arusaamist isikuandmete töötlemisel esinevatest ohtudest, töötlemise kohta kehtivatest normidest ja kaitsemeetmetest ning isikuandmete töötlemisega seotud õigustest; selle ülesande täitmiseks võib Andmekaitse Inspektsioon anda soovituslikke juhiseid; anda andmesubjektile taotluse korral teavet tema käesolevast seadusest tulenevate õiguste teostamise kohta ja teha asjakohasel juhul sel eesmärgil koostööd teiste Euroopa Liidu liikmesriikide järelevalveasutustega; algatada vajaduse korral väärteomenetlus ja kohaldada karistust, juhul kui teiste haldusõiguslike meetmetega ei ole võimalik saavutada seaduses või Euroopa Parlamendi ja nõukogu määruses (EL) 2016/679 sätestatud nõuete täitmist; teha koostööd rahvusvaheliste andmekaitse järelevalve organisatsioonidega ja teiste andmekaitse järelevalve asutuste ning välisriikide muude pädevate asutuste ja isikutega; jälgida asjaomaseid suundumusi niivõrd, kuivõrd need mõjutavad isikuandmete kaitset, eelkõige info- ja kommunikatsioonitehnoloogia arengut; anda nõu käesoleva seaduse §-s 39 osutatud isikuandmete töötlemise toimingute kohta; osaleda Euroopa Andmekaitsenõukogus; rakendada haldussundi seadustes ettenähtud alustel, ulatuses ja korras; esitada omal algatusel või taotluse alusel isikuandmete kaitsega seotud küsimustes arvamusi Riigikogule, Vabariigi Valitsusele, õiguskantslerile ja muudele asutustele ning avalikkusele; täita muid seadustest tulenevaid ülesandeid. (3) Lisaks Euroopa Parlamendi ja nõukogu määruse (EL) 2016/679 artiklis",true,inForce,2019-01-15,,estleg:ISIKUA_Par_56_v104012019011
estleg:ISIKUA_Par_56_Lg_1,estleg:ISIKUA_Map,§ 56.,1,"(1) Käesolevas seaduses, selle alusel kehtestatud õigusaktides ning Euroopa Parlamendi ja nõukogu määruses (EL) 2016/679 sätestatud nõuete ning muudes seadustes isikuandmete töötlemisele kehtestatud nõuete täitmise üle teostab riiklikku ja haldusjärelevalvet Andmekaitse Inspektsioon.",true,inForce,2019-01-15,,estleg:ISIKUA_Par_56_v104012019011
estleg:ISIKUA_Par_56_Lg_2,estleg:ISIKUA_Map,§ 56.,2,"(2) Lisaks Euroopa Parlamendi ja nõukogu määruse (EL) 2016/679 artiklis 57 sätestatule on Andmekaitse Inspektsiooni pädevuses: suurendada üldsuse, vastutavate töötlejate ja volitatud töötlejate teadlikkust ning arusaamist isikuandmete töötlemisel esinevatest ohtudest, töötlemise kohta kehtivatest normidest ja kaitsemeetmetest ning isikuandmete töötlemisega seotud õigustest; selle ülesande täitmiseks võib Andmekaitse Inspektsioon anda soovituslikke juhiseid; anda andmesubjektile taotluse korral teavet tema käesolevast seadusest tulenevate õiguste teostamise kohta ja teha asjakohasel juhul sel eesmärgil koostööd teiste Euroopa Liidu liikmesriikide järelevalveasutustega; algatada vajaduse korral väärteomenetlus ja kohaldada karistust, juhul kui teiste haldusõiguslike meetmetega ei ole võimalik saavutada seaduses või Euroopa Parlamendi ja nõukogu määruses (EL) 2016/679 sätestatud nõuete täitmist; teha koostööd rahvusvaheliste andmekaitse järelevalve organisatsioonidega ja teiste andmekaitse järelevalve asutuste ning välisriikide muude pädevate asutuste ja isikutega; jälgida asjaomaseid suundumusi niivõrd, kuivõrd need mõjutavad isikuandmete kaitset, eelkõige info- ja kommunikatsioonitehnoloogia arengut; anda nõu käesoleva seaduse §-s 39 osutatud isikuandmete töötlemise toimingute kohta; osaleda Euroopa Andmekaitsenõukogus; rakendada haldussundi seadustes ettenähtud alustel, ulatuses ja korras; esitada omal algatusel või taotluse alusel isikuandmete kaitsega seotud küsimustes arvamusi Riigikogule, Vabariigi Valitsusele, õiguskantslerile ja muudele asutustele ning avalikkusele; täita muid seadustest tulenevaid ülesandeid.",true,inForce,2019-01-15,,estleg:ISIKUA_Par_56_v104012019011
estleg:ISIKUA_Par_56_Lg_3,estleg:ISIKUA_Map,§ 56.,3,"(3) Lisaks Euroopa Parlamendi ja nõukogu määruse (EL) 2016/679 artiklis 57 sätestatule on Andmekaitse Inspektsioonil õigus: hoiatada vastutavat töötlejat ja volitatud töötlejat, et kavandatavad isikuandmete töötlemise toimingud rikuvad tõenäoliselt käesolevat seadust; nõuda isikuandmete parandamist; nõuda isikuandmete kustutamist; nõuda isikuandmete töötlemise piiramist; nõuda isikuandmete töötlemise lõpetamist, sealhulgas hävitamist või arhiivi edastamist; rakendada isiku õiguste ja vabaduste kahjustamise ärahoidmiseks vajaduse korral asendustäitmise ja sunniraha seaduses sätestatud korras viivitamata isikuandmete kaitseks organisatsioonilisi, füüsilisi ning infotehnilisi turvameetmeid, välja arvatud juhul, kui isikuandmeid töötleb riigiasutus; kehtestada ajutine või alaline isikuandmete töötlemise piirang, sealhulgas isikuandmete töötlemise keeld; algatada järelevalvemenetlus kaebuse alusel või omal algatusel.",true,inForce,2019-01-15,,estleg:ISIKUA_Par_56_v104012019011
estleg:ISIKUA_Par_57,estleg:ISIKUA_Map,§ 57.,,"Andmekaitse Inspektsioon võib käesolevas seaduses sätestatud riikliku järelevalve teostamiseks kohaldada korrakaitseseaduse §-des 30–32, 44 ja 49–53 sätestatud riikliku järelevalve erimeetmeid korrakaitseseaduses sätestatud alusel ja korras.",true,inForce,2019-01-15,,estleg:ISIKUA_Par_57_v104012019011
estleg:ISIKUA_Par_57_Lg_1,estleg:ISIKUA_Map,§ 57.,,"Andmekaitse Inspektsioon võib käesolevas seaduses sätestatud riikliku järelevalve teostamiseks kohaldada korrakaitseseaduse §-des 30–32, 44 ja 49–53 sätestatud riikliku järelevalve erimeetmeid korrakaitseseaduses sätestatud alusel ja korras.",true,inForce,2019-01-15,,estleg:ISIKUA_Par_57_v104012019011
estleg:ISIKUA_Par_58,estleg:ISIKUA_Map,§ 58.,,"(1) Andmekaitse Inspektsioon võib riikliku järelevalve teostamiseks rakendada Euroopa Parlamendi ja nõukogu määruse (EL) 2016/679 artiklis 58 sätestatud meetmeid. (2) Andmekaitse Inspektsioon võib teha päringu elektroonilise side ettevõtjale üldkasutatava elektroonilise side võrgus kasutatavate identifitseerimistunnustega seotud lõppkasutaja tuvastamiseks vajalike andmete kohta, välja arvatud sõnumi edastamise faktiga seotud andmed, kui muul viisil ei ole võimalik identifitseerimistunnustega seotud lõppkasutajat tuvastada.",true,inForce,2019-01-15,,estleg:ISIKUA_Par_58_v104012019011
estleg:ISIKUA_Par_58_Lg_1,estleg:ISIKUA_Map,§ 58.,1,(1) Andmekaitse Inspektsioon võib riikliku järelevalve teostamiseks rakendada Euroopa Parlamendi ja nõukogu määruse (EL) 2016/679 artiklis 58 sätestatud meetmeid.,true,inForce,2019-01-15,,estleg:ISIKUA_Par_58_v104012019011
estleg:ISIKUA_Par_58_Lg_2,estleg:ISIKUA_Map,§ 58.,2,"(2) Andmekaitse Inspektsioon võib teha päringu elektroonilise side ettevõtjale üldkasutatava elektroonilise side võrgus kasutatavate identifitseerimistunnustega seotud lõppkasutaja tuvastamiseks vajalike andmete kohta, välja arvatud sõnumi edastamise faktiga seotud andmed, kui muul viisil ei ole võimalik identifitseerimistunnustega seotud lõppkasutajat tuvastada.",true,inForce,2019-01-15,,estleg:ISIKUA_Par_58_v104012019011
estleg:ISIKUA_Par_59,estleg:ISIKUA_Map,§ 59.,,"(1) Andmekaitse Inspektsioon võib haldusjärelevalve teostamisel kooskõlas Euroopa Parlamendi ja nõukogu määruse (EL) 2016/679 artikli 83 lõikega 7 ning Vabariigi Valitsuse seaduse §-des 751 ja 752 sätestatu kohaselt antud ettekirjutuse täitmata jätmise korral pöörduda ettekirjutuse saaja kõrgemalseisva asutuse, isiku või kogu poole teenistusliku järelevalve korraldamiseks või ametniku suhtes distsiplinaarmenetluse algatamiseks. (2) Teenistusliku järelevalve teostaja või distsiplinaarmenetluse algatamise õigust omav isik on kohustatud taotluse läbi vaatama selle saamisest arvates ühe kuu jooksul ja esitama oma põhjendatud arvamuse Andmekaitse Inspektsioonile. Teenistusliku järelevalve või distsiplinaarmenetluse algatamise korral on järelevalve teostajal või distsiplinaarmenetluse algatamise õigust omaval isikul kohustus teavitada Andmekaitse Inspektsiooni viivitamata asjakohase menetluse tulemustest. (3) Kui riigiasutusest isikuandmete töötleja ei ole Andmekaitse Inspektsiooni ettekirjutust selles määratud tähtaja jooksul täitnud, pöördub Andmekaitse Inspektsioon halduskohtumenetluse seadustikus sätestatud korras protestiga halduskohtusse.",true,inForce,2019-01-15,,estleg:ISIKUA_Par_59_v104012019011
estleg:ISIKUA_Par_59_Lg_1,estleg:ISIKUA_Map,§ 59.,1,"(1) Andmekaitse Inspektsioon võib haldusjärelevalve teostamisel kooskõlas Euroopa Parlamendi ja nõukogu määruse (EL) 2016/679 artikli 83 lõikega 7 ning Vabariigi Valitsuse seaduse §-des 751 ja 752 sätestatu kohaselt antud ettekirjutuse täitmata jätmise korral pöörduda ettekirjutuse saaja kõrgemalseisva asutuse, isiku või kogu poole teenistusliku järelevalve korraldamiseks või ametniku suhtes distsiplinaarmenetluse algatamiseks.",true,inForce,2019-01-15,,estleg:ISIKUA_Par_59_v104012019011
estleg:ISIKUA_Par_59_Lg_2,estleg:ISIKUA_Map,§ 59.,2,(2) Teenistusliku järelevalve teostaja või distsiplinaarmenetluse algatamise õigust omav isik on kohustatud taotluse läbi vaatama selle saamisest arvates ühe kuu jooksul ja esitama oma põhjendatud arvamuse Andmekaitse Inspektsioonile. Teenistusliku järelevalve või distsiplinaarmenetluse algatamise korral on järelevalve teostajal või distsiplinaarmenetluse algatamise õigust omaval isikul kohustus teavitada Andmekaitse Inspektsiooni viivitamata asjakohase menetluse tulemustest.,true,inForce,2019-01-15,,estleg:ISIKUA_Par_59_v104012019011
estleg:ISIKUA_Par_59_Lg_3,estleg:ISIKUA_Map,§ 59.,3,"(3) Kui riigiasutusest isikuandmete töötleja ei ole Andmekaitse Inspektsiooni ettekirjutust selles määratud tähtaja jooksul täitnud, pöördub Andmekaitse Inspektsioon halduskohtumenetluse seadustikus sätestatud korras protestiga halduskohtusse.",true,inForce,2019-01-15,,estleg:ISIKUA_Par_59_v104012019011
estleg:ISIKUA_Par_5_Lg_1,estleg:ISIKUA_Map,§ 5.,,"Isikuandmeid võib andmesubjekti nõusolekuta töödelda akadeemilise, kunstilise ja kirjandusliku eneseväljenduse eesmärgil, eelkõige avalikustada, kui see ei kahjusta ülemäära andmesubjekti õigusi.",true,inForce,2019-01-15,,estleg:ISIKUA_Par_5_v104012019011
estleg:ISIKUA_Par_6,estleg:ISIKUA_Map,§ 6.,,"(1) Isikuandmeid võib andmesubjekti nõusolekuta teadus- või ajaloouuringu või riikliku statistika vajadusteks töödelda eelkõige pseudonüümitud või samaväärset andmekaitse taset võimaldaval kujul. Enne isikuandmete üleandmist teadus- või ajaloouuringu või riikliku statistika vajadustel töötlemiseks asendatakse isikuandmed pseudonüümitud või samaväärset andmekaitse taset võimaldaval kujul andmetega. (2) Depseudonüümimine või muu viis, millega isikut mittetuvastavad andmed muudetakse uuesti isikut tuvastavaks, on lubatud ainult täiendavate teadus- või ajaloouuringute või riikliku statistika vajadusteks. Isikuandmete töötleja määrab nimeliselt isiku, kellel on juurdepääs depseudonüümimist võimaldavatele andmetele. (3) Teadus- või ajaloouuringu või riikliku statistika vajadusteks andmesubjekti nõusolekuta tema kohta käivate andmete töötlemine andmesubjekti tuvastamist võimaldaval kujul on lubatud üksnes juhul, kui on täidetud järgmised tingimused: pärast tuvastamist võimaldavate andmete eemaldamist ei ole andmetöötluse eesmärgid enam saavutatavad või neid oleks ebamõistlikult raske saavutada; teadus- või ajaloouuringu või riikliku statistika tegija hinnangul on selleks ülekaalukas avalik huvi; töödeldavate isikuandmete põhjal ei muudeta andmesubjekti kohustuste mahtu ega kahjustata muul viisil ülemäära andmesubjekti õigusi. (4) Kui teadus- või ajaloouuring põhineb eriliiki isikuandmetel, kontrollib seadusega või selle alusel moodustatud asjaomase valdkonna eetikakomitee enne uuringu tegemist käesolevas paragrahvis sätestatud tingimuste täitmist. Kui teadusvaldkonnas puudub eetikakomitee, kontrollib nõuete täitmist Andmekaitse Inspektsioon. Rahvusarhiivis säilitatavate isikuandmete suhtes on eetikakomitee õigused Rahvusarhiivil. (5) Käesoleva seaduse tähenduses loetakse teadusuuringuks ka täidesaatva riigivõimu analüüsid ja uuringud, mis tehakse poliitika kujundamise eesmärgil. Nende koostamiseks on täidesaatval riigivõimul õigus teha päringuid teise vastutava või volitat",true,inForce,2025-10-01,,estleg:ISIKUA_Par_6_v112072025014
estleg:ISIKUA_Par_60,estleg:ISIKUA_Map,§ 60.,,"Andmekaitse Inspektsiooni ettekirjutuse täitmata jätmise korral on asendustäitmise ja sunniraha seaduses sätestatud korras rakendatava sunniraha kohaldamise igakordne ülemmäär kuni 20 000 000 eurot või ettevõtja puhul kuni 4 protsenti tema eelmise majandusaasta ülemaailmsest aastasest kogukäibest, olenevalt sellest, kumb summa on suurem.",true,inForce,2019-01-15,,estleg:ISIKUA_Par_60_v104012019011
estleg:ISIKUA_Par_60_Lg_1,estleg:ISIKUA_Map,§ 60.,,"Andmekaitse Inspektsiooni ettekirjutuse täitmata jätmise korral on asendustäitmise ja sunniraha seaduses sätestatud korras rakendatava sunniraha kohaldamise igakordne ülemmäär kuni 20 000 000 eurot või ettevõtja puhul kuni 4 protsenti tema eelmise majandusaasta ülemaailmsest aastasest kogukäibest, olenevalt sellest, kumb summa on suurem.",true,inForce,2019-01-15,,estleg:ISIKUA_Par_60_v104012019011
estleg:ISIKUA_Par_61,estleg:ISIKUA_Map,§ 61.,,"(1) Andmekaitse Inspektsioon lahendab kaebuse 30 päeva jooksul kaebuse Andmekaitse Inspektsioonile esitamisest arvates. (2) Kaebuse lahendamiseks vajalike asjaolude täiendavaks selgitamiseks võib Andmekaitse Inspektsioon kaebuse läbivaatamise tähtaega pikendada kuni 60 päeva võrra. Tähtaja pikendamisest tuleb kaebuse esitajale kirjalikult teatada. (3) Kui kaebuse lahendamiseks on vaja teha koostööd teiste asjaomaste järelevalveasutustega, siis pikeneb kaebuse läbivaatamine mõistliku aja võrra, mis on vajalik koostööd tegevate järelevalveasutuste arvamuse ärakuulamiseks või oma arvamuse andmiseks.",true,inForce,2019-01-15,,estleg:ISIKUA_Par_61_v104012019011
estleg:ISIKUA_Par_61_Lg_1,estleg:ISIKUA_Map,§ 61.,1,(1) Andmekaitse Inspektsioon lahendab kaebuse 30 päeva jooksul kaebuse Andmekaitse Inspektsioonile esitamisest arvates.,true,inForce,2019-01-15,,estleg:ISIKUA_Par_61_v104012019011
estleg:ISIKUA_Par_61_Lg_2,estleg:ISIKUA_Map,§ 61.,2,(2) Kaebuse lahendamiseks vajalike asjaolude täiendavaks selgitamiseks võib Andmekaitse Inspektsioon kaebuse läbivaatamise tähtaega pikendada kuni 60 päeva võrra. Tähtaja pikendamisest tuleb kaebuse esitajale kirjalikult teatada.,true,inForce,2019-01-15,,estleg:ISIKUA_Par_61_v104012019011
estleg:ISIKUA_Par_61_Lg_3,estleg:ISIKUA_Map,§ 61.,3,"(3) Kui kaebuse lahendamiseks on vaja teha koostööd teiste asjaomaste järelevalveasutustega, siis pikeneb kaebuse läbivaatamine mõistliku aja võrra, mis on vajalik koostööd tegevate järelevalveasutuste arvamuse ärakuulamiseks või oma arvamuse andmiseks.",true,inForce,2019-01-15,,estleg:ISIKUA_Par_61_v104012019011
estleg:ISIKUA_Par_62,estleg:ISIKUA_Map,§ 62.,,"(1) Euroopa Parlamendi ja nõukogu määruse (EL) 2016/679 artiklites 8, 11, 25–39, 42 ja 43 sätestatud vastutava töötleja või volitatud töötleja kohustuse rikkumise eest –karistatakse rahatrahviga kuni 10 000 000 eurot. (2) Sama teo eest, kui selle on toime pannud juriidiline isik, –karistatakse rahatrahviga kuni 10 000 000 eurot või kuni 2 protsenti tema eelmise majandusaasta ülemaailmsest aastasest kogukäibest, olenevalt sellest, kumb summa on suurem.",true,inForce,2019-01-15,,estleg:ISIKUA_Par_62_v104012019011
estleg:ISIKUA_Par_62_Lg_1,estleg:ISIKUA_Map,§ 62.,1,"(1) Euroopa Parlamendi ja nõukogu määruse (EL) 2016/679 artiklites 8, 11, 25–39, 42 ja 43 sätestatud vastutava töötleja või volitatud töötleja kohustuse rikkumise eest –karistatakse rahatrahviga kuni 10 000 000 eurot.",true,inForce,2019-01-15,,estleg:ISIKUA_Par_62_v104012019011
estleg:ISIKUA_Par_62_Lg_2,estleg:ISIKUA_Map,§ 62.,2,"(2) Sama teo eest, kui selle on toime pannud juriidiline isik, –karistatakse rahatrahviga kuni 10 000 000 eurot või kuni 2 protsenti tema eelmise majandusaasta ülemaailmsest aastasest kogukäibest, olenevalt sellest, kumb summa on suurem.",true,inForce,2019-01-15,,estleg:ISIKUA_Par_62_v104012019011
estleg:ISIKUA_Par_63,estleg:ISIKUA_Map,§ 63.,,"(1) Euroopa Parlamendi ja nõukogu määruse (EL) 2016/679 artiklites 42 ja 43 sätestatud sertifitseerimiskorra rikkumise eest –karistatakse rahatrahviga kuni 10 000 000 eurot. (2) Sama teo eest, kui selle on toime pannud juriidiline isik, –karistatakse rahatrahviga kuni 10 000 000 eurot või kuni 2 protsenti tema eelmise majandusaasta ülemaailmsest aastasest kogukäibest, olenevalt sellest, kumb summa on suurem.",true,inForce,2019-01-15,,estleg:ISIKUA_Par_63_v104012019011
estleg:ISIKUA_Par_63_Lg_1,estleg:ISIKUA_Map,§ 63.,1,(1) Euroopa Parlamendi ja nõukogu määruse (EL) 2016/679 artiklites 42 ja 43 sätestatud sertifitseerimiskorra rikkumise eest –karistatakse rahatrahviga kuni 10 000 000 eurot.,true,inForce,2019-01-15,,estleg:ISIKUA_Par_63_v104012019011
estleg:ISIKUA_Par_63_Lg_2,estleg:ISIKUA_Map,§ 63.,2,"(2) Sama teo eest, kui selle on toime pannud juriidiline isik, –karistatakse rahatrahviga kuni 10 000 000 eurot või kuni 2 protsenti tema eelmise majandusaasta ülemaailmsest aastasest kogukäibest, olenevalt sellest, kumb summa on suurem.",true,inForce,2019-01-15,,estleg:ISIKUA_Par_63_v104012019011
estleg:ISIKUA_Par_64,estleg:ISIKUA_Map,§ 64.,,"(1) Euroopa Parlamendi ja nõukogu määruse (EL) 2016/679 artikli 41 lõikes 4 sätestatud toimimisjuhendi järgimise üle järelevalve teostamise korra rikkumise eest –karistatakse rahatrahviga kuni 10 000 000 eurot. (2) Sama teo eest, kui selle on toime pannud juriidiline isik, –karistatakse rahatrahviga kuni 10 000 000 eurot või kuni 2 protsenti tema eelmise majandusaasta ülemaailmsest aastasest kogukäibest, olenevalt sellest, kumb summa on suurem.",true,inForce,2019-01-15,,estleg:ISIKUA_Par_64_v104012019011
estleg:ISIKUA_Par_64_Lg_1,estleg:ISIKUA_Map,§ 64.,1,(1) Euroopa Parlamendi ja nõukogu määruse (EL) 2016/679 artikli 41 lõikes 4 sätestatud toimimisjuhendi järgimise üle järelevalve teostamise korra rikkumise eest –karistatakse rahatrahviga kuni 10 000 000 eurot.,true,inForce,2019-01-15,,estleg:ISIKUA_Par_64_v104012019011
estleg:ISIKUA_Par_64_Lg_2,estleg:ISIKUA_Map,§ 64.,2,"(2) Sama teo eest, kui selle on toime pannud juriidiline isik, –karistatakse rahatrahviga kuni 10 000 000 eurot või kuni 2 protsenti tema eelmise majandusaasta ülemaailmsest aastasest kogukäibest, olenevalt sellest, kumb summa on suurem.",true,inForce,2019-01-15,,estleg:ISIKUA_Par_64_v104012019011
estleg:ISIKUA_Par_65,estleg:ISIKUA_Map,§ 65.,,"(1) Euroopa Parlamendi ja nõukogu määruse (EL) 2016/679 artiklis 5 sätestatud isikuandmete töötlemise põhimõtete rikkumise eest, samuti nimetatud määruse artiklites 5–7 ja 9 sätestatud andmesubjekti nõusoleku andmise korra rikkumise eest –karistatakse rahatrahviga kuni 20 000 000 eurot. (2) Sama teo eest, kui selle on toime pannud juriidiline isik, –karistatakse rahatrahviga kuni 20 000 000 eurot või kuni 4 protsenti tema eelmise majandusaasta ülemaailmsest aastasest kogukäibest, olenevalt sellest, kumb summa on suurem.",true,inForce,2019-01-15,,estleg:ISIKUA_Par_65_v104012019011
estleg:ISIKUA_Par_65_Lg_1,estleg:ISIKUA_Map,§ 65.,1,"(1) Euroopa Parlamendi ja nõukogu määruse (EL) 2016/679 artiklis 5 sätestatud isikuandmete töötlemise põhimõtete rikkumise eest, samuti nimetatud määruse artiklites 5–7 ja 9 sätestatud andmesubjekti nõusoleku andmise korra rikkumise eest –karistatakse rahatrahviga kuni 20 000 000 eurot.",true,inForce,2019-01-15,,estleg:ISIKUA_Par_65_v104012019011
estleg:ISIKUA_Par_65_Lg_2,estleg:ISIKUA_Map,§ 65.,2,"(2) Sama teo eest, kui selle on toime pannud juriidiline isik, –karistatakse rahatrahviga kuni 20 000 000 eurot või kuni 4 protsenti tema eelmise majandusaasta ülemaailmsest aastasest kogukäibest, olenevalt sellest, kumb summa on suurem.",true,inForce,2019-01-15,,estleg:ISIKUA_Par_65_v104012019011
estleg:ISIKUA_Par_66,estleg:ISIKUA_Map,§ 66.,,"(1) Euroopa Parlamendi ja nõukogu määruse (EL) 2016/679 artiklites 12–22 sätestatud andmesubjekti õiguse rikkumise eest –karistatakse rahatrahviga kuni 20 000 000 eurot. (2) Sama teo eest, kui selle on toime pannud juriidiline isik, –karistatakse rahatrahviga kuni 20 000 000 eurot või kuni 4 protsenti tema eelmise majandusaasta ülemaailmsest aastasest kogukäibest, olenevalt sellest, kumb summa on suurem.",true,inForce,2019-01-15,,estleg:ISIKUA_Par_66_v104012019011
estleg:ISIKUA_Par_66_Lg_1,estleg:ISIKUA_Map,§ 66.,1,(1) Euroopa Parlamendi ja nõukogu määruse (EL) 2016/679 artiklites 12–22 sätestatud andmesubjekti õiguse rikkumise eest –karistatakse rahatrahviga kuni 20 000 000 eurot.,true,inForce,2019-01-15,,estleg:ISIKUA_Par_66_v104012019011
estleg:ISIKUA_Par_66_Lg_2,estleg:ISIKUA_Map,§ 66.,2,"(2) Sama teo eest, kui selle on toime pannud juriidiline isik, –karistatakse rahatrahviga kuni 20 000 000 eurot või kuni 4 protsenti tema eelmise majandusaasta ülemaailmsest aastasest kogukäibest, olenevalt sellest, kumb summa on suurem.",true,inForce,2019-01-15,,estleg:ISIKUA_Par_66_v104012019011
estleg:ISIKUA_Par_67,estleg:ISIKUA_Map,§ 67.,,"(1) Euroopa Parlamendi ja nõukogu määruse (EL) 2016/679 artiklites 44–49 sätestatud isikuandmete edastamise korra rikkumise eest –karistatakse rahatrahviga kuni 20 000 000 eurot. (2) Sama teo eest, kui selle on toime pannud juriidiline isik, –karistatakse rahatrahviga kuni 20 000 000 eurot või kuni 4 protsenti tema eelmise majandusaasta ülemaailmsest aastasest kogukäibest, olenevalt sellest, kumb summa on suurem.",true,inForce,2019-01-15,,estleg:ISIKUA_Par_67_v104012019011
estleg:ISIKUA_Par_67_Lg_1,estleg:ISIKUA_Map,§ 67.,1,(1) Euroopa Parlamendi ja nõukogu määruse (EL) 2016/679 artiklites 44–49 sätestatud isikuandmete edastamise korra rikkumise eest –karistatakse rahatrahviga kuni 20 000 000 eurot.,true,inForce,2019-01-15,,estleg:ISIKUA_Par_67_v104012019011
estleg:ISIKUA_Par_67_Lg_2,estleg:ISIKUA_Map,§ 67.,2,"(2) Sama teo eest, kui selle on toime pannud juriidiline isik, –karistatakse rahatrahviga kuni 20 000 000 eurot või kuni 4 protsenti tema eelmise majandusaasta ülemaailmsest aastasest kogukäibest, olenevalt sellest, kumb summa on suurem.",true,inForce,2019-01-15,,estleg:ISIKUA_Par_67_v104012019011
estleg:ISIKUA_Par_68,estleg:ISIKUA_Map,§ 68.,,"(1) Käesoleva seaduse 2. peatükis sätestatud isikuandmete töötlemise erialuste kohta sätestatud korra rikkumise eest –karistatakse rahatrahviga kuni 20 000 000 eurot. (2) Sama teo eest, kui selle on toime pannud juriidiline isik, –karistatakse rahatrahviga kuni 20 000 000 eurot või kuni 4 protsenti tema eelmise majandusaasta ülemaailmsest aastasest kogukäibest, olenevalt sellest, kumb summa on suurem.",true,inForce,2019-01-15,,estleg:ISIKUA_Par_68_v104012019011
estleg:ISIKUA_Par_68_Lg_1,estleg:ISIKUA_Map,§ 68.,1,(1) Käesoleva seaduse 2. peatükis sätestatud isikuandmete töötlemise erialuste kohta sätestatud korra rikkumise eest –karistatakse rahatrahviga kuni 20 000 000 eurot.,true,inForce,2019-01-15,,estleg:ISIKUA_Par_68_v104012019011
estleg:ISIKUA_Par_68_Lg_2,estleg:ISIKUA_Map,§ 68.,2,"(2) Sama teo eest, kui selle on toime pannud juriidiline isik, –karistatakse rahatrahviga kuni 20 000 000 eurot või kuni 4 protsenti tema eelmise majandusaasta ülemaailmsest aastasest kogukäibest, olenevalt sellest, kumb summa on suurem.",true,inForce,2019-01-15,,estleg:ISIKUA_Par_68_v104012019011
estleg:ISIKUA_Par_69,estleg:ISIKUA_Map,§ 69.,,"(1) Euroopa Parlamendi ja nõukogu määruse (EL) 2016/679 artikli 58 lõikes 2 sätestatud korralduse täitmata jätmise eest –karistatakse rahatrahviga kuni 20 000 000 eurot. (2) Sama teo eest, kui selle on toime pannud juriidiline isik, –karistatakse rahatrahviga kuni 20 000 000 eurot või kuni 4 protsenti tema eelmise majandusaasta ülemaailmsest aastasest kogukäibest, olenevalt sellest, kumb summa on suurem.",true,inForce,2019-01-15,,estleg:ISIKUA_Par_69_v104012019011
estleg:ISIKUA_Par_69_Lg_1,estleg:ISIKUA_Map,§ 69.,1,(1) Euroopa Parlamendi ja nõukogu määruse (EL) 2016/679 artikli 58 lõikes 2 sätestatud korralduse täitmata jätmise eest –karistatakse rahatrahviga kuni 20 000 000 eurot.,true,inForce,2019-01-15,,estleg:ISIKUA_Par_69_v104012019011
estleg:ISIKUA_Par_69_Lg_2,estleg:ISIKUA_Map,§ 69.,2,"(2) Sama teo eest, kui selle on toime pannud juriidiline isik, –karistatakse rahatrahviga kuni 20 000 000 eurot või kuni 4 protsenti tema eelmise majandusaasta ülemaailmsest aastasest kogukäibest, olenevalt sellest, kumb summa on suurem.",true,inForce,2019-01-15,,estleg:ISIKUA_Par_69_v104012019011
estleg:ISIKUA_Par_6_Lg_1,estleg:ISIKUA_Map,§ 6.,1,(1) Isikuandmeid võib andmesubjekti nõusolekuta teadus- või ajaloouuringu või riikliku statistika vajadusteks töödelda eelkõige pseudonüümitud või samaväärset andmekaitse taset võimaldaval kujul. Enne isikuandmete üleandmist teadus- või ajaloouuringu või riikliku statistika vajadustel töötlemiseks asendatakse isikuandmed pseudonüümitud või samaväärset andmekaitse taset võimaldaval kujul andmetega.,true,inForce,2025-10-01,,estleg:ISIKUA_Par_6_v112072025014
estleg:ISIKUA_Par_6_Lg_2,estleg:ISIKUA_Map,§ 6.,2,"(2) Depseudonüümimine või muu viis, millega isikut mittetuvastavad andmed muudetakse uuesti isikut tuvastavaks, on lubatud ainult täiendavate teadus- või ajaloouuringute või riikliku statistika vajadusteks. Isikuandmete töötleja määrab nimeliselt isiku, kellel on juurdepääs depseudonüümimist võimaldavatele andmetele.",true,inForce,2025-10-01,,estleg:ISIKUA_Par_6_v112072025014
estleg:ISIKUA_Par_6_Lg_3,estleg:ISIKUA_Map,§ 6.,3,"(3) Teadus- või ajaloouuringu või riikliku statistika vajadusteks andmesubjekti nõusolekuta tema kohta käivate andmete töötlemine andmesubjekti tuvastamist võimaldaval kujul on lubatud üksnes juhul, kui on täidetud järgmised tingimused: pärast tuvastamist võimaldavate andmete eemaldamist ei ole andmetöötluse eesmärgid enam saavutatavad või neid oleks ebamõistlikult raske saavutada; teadus- või ajaloouuringu või riikliku statistika tegija hinnangul on selleks ülekaalukas avalik huvi; töödeldavate isikuandmete põhjal ei muudeta andmesubjekti kohustuste mahtu ega kahjustata muul viisil ülemäära andmesubjekti õigusi.",true,inForce,2025-10-01,,estleg:ISIKUA_Par_6_v112072025014
estleg:ISIKUA_Par_6_Lg_4,estleg:ISIKUA_Map,§ 6.,4,"(4) Kui teadus- või ajaloouuring põhineb eriliiki isikuandmetel, kontrollib seadusega või selle alusel moodustatud asjaomase valdkonna eetikakomitee enne uuringu tegemist käesolevas paragrahvis sätestatud tingimuste täitmist. Kui teadusvaldkonnas puudub eetikakomitee, kontrollib nõuete täitmist Andmekaitse Inspektsioon. Rahvusarhiivis säilitatavate isikuandmete suhtes on eetikakomitee õigused Rahvusarhiivil.",true,inForce,2025-10-01,,estleg:ISIKUA_Par_6_v112072025014
estleg:ISIKUA_Par_6_Lg_5,estleg:ISIKUA_Map,§ 6.,5,"(5) Käesoleva seaduse tähenduses loetakse teadusuuringuks ka täidesaatva riigivõimu analüüsid ja uuringud, mis tehakse poliitika kujundamise eesmärgil. Nende koostamiseks on täidesaatval riigivõimul õigus teha päringuid teise vastutava või volitatud töötleja andmekogusse ning töödelda saadud isikuandmeid. Andmekaitse Inspektsioon kontrollib enne nimetatud isikuandmete töötlemise algust käesolevas paragrahvis sätestatud tingimuste täitmist, välja arvatud juhul, kui poliitika kujundamiseks tehtava uuringu eesmärgid ja isikuandmete töötlemise ulatus tulenevad õigusaktist.",true,inForce,2025-10-01,,estleg:ISIKUA_Par_6_v112072025014
estleg:ISIKUA_Par_6_Lg_5_1,estleg:ISIKUA_Map,§ 6.,5¹,"(5¹) Kui seaduses ei ole sätestatud teisiti, ei kohaldata käesoleva paragrahvi lõikes 4 sätestatud eetikakomitee kontrolli kohustust lõikes 5 nimetatud täidesaatva riigivõimu analüüsidele ja uuringutele, mis tehakse poliitika kujundamise eesmärgil. Andmekaitse Inspektsioon võib konsulteerida teadus- ja arendustegevuse ning innovatsiooni korralduse seaduse §-s 26 nimetatud eetikakomiteega, kui Andmekaitse Inspektsiooni hinnangul vajab poliitika kujundamiseks tehtav uuring või analüüs eetilisuse hindamist.",true,inForce,2025-10-01,,estleg:ISIKUA_Par_6_v112072025014
estleg:ISIKUA_Par_6_Lg_5_2,estleg:ISIKUA_Map,§ 6.,5²,"(5²) Kui Andmekaitse Inspektsioon konsulteerib käesoleva paragrahvi lõike 51 kohaselt eetikakomiteega, tasub eetikakomitee poolt konsultatsiooni eest küsitava tasu täidesaatva riigivõimu analüüside ja uuringute tellija.",true,inForce,2025-10-01,,estleg:ISIKUA_Par_6_v112072025014
estleg:ISIKUA_Par_6_Lg_6,estleg:ISIKUA_Map,§ 6.,6,"(6) Kui isikuandmeid töödeldakse teadus- või ajaloouuringu või riikliku statistika eesmärgil, võib vastutav või volitatud töötleja Euroopa Parlamendi ja nõukogu määruse (EL) 2016/679 artiklites 15, 16, 18 ja 21 sätestatud andmesubjekti õigusi piirata niivõrd, kuivõrd nende õiguste teostamine tõenäoliselt muudab võimatuks teadus- või ajaloouuringu või riikliku statistika eesmärgi saavutamise või takistab seda oluliselt.",true,inForce,2025-10-01,,estleg:ISIKUA_Par_6_v112072025014
estleg:ISIKUA_Par_7,estleg:ISIKUA_Map,§ 7.,,"(1) Kui isikuandmeid töödeldakse avalikes huvides tehtava arhiveerimise eesmärgil, võib vastutav või volitatud töötleja Euroopa Parlamendi ja nõukogu määruse (EL) 2016/679 artiklites 15, 16 ja 18–21 sätestatud andmesubjekti õigusi piirata niivõrd, kuivõrd nende õiguste teostamine tõenäoliselt muudab võimatuks avalikes huvides tehtava arhiveerimise eesmärgi saavutamise või takistab seda oluliselt. (2) Käesoleva paragrahvi lõikes 1 nimetatud andmesubjekti õigusi võib piirata selleks, et mitte ohustada arhivaalide seisundit, autentsust, usaldusväärsust, terviklikkust ja kasutatavust.",true,inForce,2019-01-15,,estleg:ISIKUA_Par_7_v104012019011
estleg:ISIKUA_Par_70,estleg:ISIKUA_Map,§ 70.,,"(1) Euroopa Parlamendi ja nõukogu määruse (EL) 2016/679 artikli 58 lõikes 1 sätestatud uurimisvolituse alusel antud korralduse täitmata jätmise eest, kui sellega ei võimaldata Andmekaitse Inspektsioonile juurdepääsu isikuandmetele, muule teabele või ruumidele, –karistatakse rahatrahviga kuni 20 000 000 eurot. (2) Sama teo eest, kui selle on toime pannud juriidiline isik, –karistatakse rahatrahviga kuni 20 000 000 eurot või kuni 4 protsenti tema eelmise majandusaasta ülemaailmsest aastasest kogukäibest, olenevalt sellest, kumb summa on suurem.",true,inForce,2019-01-15,,estleg:ISIKUA_Par_70_v104012019011
estleg:ISIKUA_Par_70_Lg_1,estleg:ISIKUA_Map,§ 70.,1,"(1) Euroopa Parlamendi ja nõukogu määruse (EL) 2016/679 artikli 58 lõikes 1 sätestatud uurimisvolituse alusel antud korralduse täitmata jätmise eest, kui sellega ei võimaldata Andmekaitse Inspektsioonile juurdepääsu isikuandmetele, muule teabele või ruumidele, –karistatakse rahatrahviga kuni 20 000 000 eurot.",true,inForce,2019-01-15,,estleg:ISIKUA_Par_70_v104012019011
estleg:ISIKUA_Par_70_Lg_2,estleg:ISIKUA_Map,§ 70.,2,"(2) Sama teo eest, kui selle on toime pannud juriidiline isik, –karistatakse rahatrahviga kuni 20 000 000 eurot või kuni 4 protsenti tema eelmise majandusaasta ülemaailmsest aastasest kogukäibest, olenevalt sellest, kumb summa on suurem.",true,inForce,2019-01-15,,estleg:ISIKUA_Par_70_v104012019011
estleg:ISIKUA_Par_71,estleg:ISIKUA_Map,§ 71.,,"Isikuandmete ebaseadusliku kogumise, vaatamise, lugemise, kasutamise, nendele juurdepääsu või nende kohta päringute või väljavõtete tegemise eest isiku poolt, kellel on juurdepääs isikuandmetele oma töö- või teenistusülesannetest lähtudes, kui puuduvad karistusseadustiku §-des 157 ja 1571 sätestatud süüteokoosseisud, –karistatakse rahatrahviga kuni 200 trahviühikut.",true,inForce,2019-01-15,,estleg:ISIKUA_Par_71_v104012019011
estleg:ISIKUA_Par_71_1,estleg:ISIKUA_Map,§ 71¹.,,"(1) Euroopa Parlamendi ja nõukogu määruse (EL) 2024/900 poliitreklaami läbipaistvuse ja suunamise kohta (ELT L, 2024/900, 20.03.2024) artiklites 18 ja 19 sätestatud nõuete rikkumise eest –karistatakse rahatrahviga kuni 20 000 000 eurot. (2) Sama teo eest, kui selle on toime pannud juriidiline isik, –karistatakse rahatrahviga kuni 20 000 000 eurot või kuni neli protsenti tema eelmise majandusaasta ülemaailmsest kogukäibest.",true,inForce,2026-03-16,,estleg:ISIKUA_Par_71_1_v106032026010
estleg:ISIKUA_Par_71_1_Lg_1,estleg:ISIKUA_Map,§ 71¹.,1,"(1) Euroopa Parlamendi ja nõukogu määruse (EL) 2024/900 poliitreklaami läbipaistvuse ja suunamise kohta (ELT L, 2024/900, 20.03.2024) artiklites 18 ja 19 sätestatud nõuete rikkumise eest –karistatakse rahatrahviga kuni 20 000 000 eurot.",true,inForce,2026-03-16,,estleg:ISIKUA_Par_71_1_v106032026010
estleg:ISIKUA_Par_71_1_Lg_2,estleg:ISIKUA_Map,§ 71¹.,2,"(2) Sama teo eest, kui selle on toime pannud juriidiline isik, –karistatakse rahatrahviga kuni 20 000 000 eurot või kuni neli protsenti tema eelmise majandusaasta ülemaailmsest kogukäibest.",true,inForce,2026-03-16,,estleg:ISIKUA_Par_71_1_v106032026010
estleg:ISIKUA_Par_71_Lg_1,estleg:ISIKUA_Map,§ 71.,,"Isikuandmete ebaseadusliku kogumise, vaatamise, lugemise, kasutamise, nendele juurdepääsu või nende kohta päringute või väljavõtete tegemise eest isiku poolt, kellel on juurdepääs isikuandmetele oma töö- või teenistusülesannetest lähtudes, kui puuduvad karistusseadustiku §-des 157 ja 1571 sätestatud süüteokoosseisud, –karistatakse rahatrahviga kuni 200 trahviühikut.",true,inForce,2019-01-15,,estleg:ISIKUA_Par_71_v104012019011
estleg:ISIKUA_Par_72,estleg:ISIKUA_Map,§ 72.,,"Isikuandmete kaitse nõuete rikkumise eest, kui puuduvad käesoleva seaduse §-des 62–711 ning karistusseadustiku §-des 157 ja 1571 sätestatud süüteokoosseisud, –karistatakse rahatrahviga kuni 200 trahviühikut.",true,inForce,2026-03-16,,estleg:ISIKUA_Par_72_v106032026010
estleg:ISIKUA_Par_72_Lg_1,estleg:ISIKUA_Map,§ 72.,,"Isikuandmete kaitse nõuete rikkumise eest, kui puuduvad käesoleva seaduse §-des 62–711 ning karistusseadustiku §-des 157 ja 1571 sätestatud süüteokoosseisud, –karistatakse rahatrahviga kuni 200 trahviühikut.",true,inForce,2026-03-16,,estleg:ISIKUA_Par_72_v106032026010
estleg:ISIKUA_Par_73,estleg:ISIKUA_Map,§ 73.,,(1) Käesolevas peatükis sätestatud väärtegude aegumistähtaeg on kolm aastat. (2) Käesolevas peatükis sätestatud väärtegude kohtuväline menetleja on Andmekaitse Inspektsioon.,true,inForce,2023-11-01,,estleg:ISIKUA_Par_73_v111032023011
estleg:ISIKUA_Par_73_Lg_1,estleg:ISIKUA_Map,§ 73.,1,(1) Käesolevas peatükis sätestatud väärtegude aegumistähtaeg on kolm aastat.,true,inForce,2023-11-01,,estleg:ISIKUA_Par_73_v111032023011
estleg:ISIKUA_Par_73_Lg_2,estleg:ISIKUA_Map,§ 73.,2,(2) Käesolevas peatükis sätestatud väärtegude kohtuväline menetleja on Andmekaitse Inspektsioon.,true,inForce,2023-11-01,,estleg:ISIKUA_Par_73_v111032023011
estleg:ISIKUA_Par_74,estleg:ISIKUA_Map,§ 74.,,(1) Isikuandmete töötlejate ja isikuandmete kaitse eest vastutavate isikute registri andmeid säilitatakse arhiveerituna kuni viis aastat käesoleva seaduse jõustumisest arvates. Tähtaja saabumisel registriandmed kustutatakse. (2) Registriandmetele juurdepääsuks esitatakse taotlus Andmekaitse Inspektsioonile. (3) Delikaatsete isikuandmete töötlemise registrikandel on informatiivne tähendus sellele esialgu määratud kehtivusaja lõpuni.,true,inForce,2019-01-15,,estleg:ISIKUA_Par_74_v104012019011
estleg:ISIKUA_Par_74_Lg_1,estleg:ISIKUA_Map,§ 74.,1,(1) Isikuandmete töötlejate ja isikuandmete kaitse eest vastutavate isikute registri andmeid säilitatakse arhiveerituna kuni viis aastat käesoleva seaduse jõustumisest arvates. Tähtaja saabumisel registriandmed kustutatakse.,true,inForce,2019-01-15,,estleg:ISIKUA_Par_74_v104012019011
estleg:ISIKUA_Par_74_Lg_2,estleg:ISIKUA_Map,§ 74.,2,(2) Registriandmetele juurdepääsuks esitatakse taotlus Andmekaitse Inspektsioonile.,true,inForce,2019-01-15,,estleg:ISIKUA_Par_74_v104012019011
estleg:ISIKUA_Par_74_Lg_3,estleg:ISIKUA_Map,§ 74.,3,(3) Delikaatsete isikuandmete töötlemise registrikandel on informatiivne tähendus sellele esialgu määratud kehtivusaja lõpuni.,true,inForce,2019-01-15,,estleg:ISIKUA_Par_74_v104012019011
estleg:ISIKUA_Par_75,estleg:ISIKUA_Map,§ 75.,,[Käesolevast tekstist välja jäetud.],true,inForce,2023-11-01,,estleg:ISIKUA_Par_75_v111032023011
estleg:ISIKUA_Par_76,estleg:ISIKUA_Map,§ 76.,,Käesolev seadus jõustub 2019. aasta 15. jaanuaril.,true,inForce,2019-01-15,,estleg:ISIKUA_Par_76_v104012019011
estleg:ISIKUA_Par_76_Lg_1,estleg:ISIKUA_Map,§ 76.,,Käesolev seadus jõustub 2019. aasta 15. jaanuaril.,true,inForce,2019-01-15,,estleg:ISIKUA_Par_76_v104012019011
estleg:ISIKUA_Par_7_Lg_1,estleg:ISIKUA_Map,§ 7.,1,"(1) Kui isikuandmeid töödeldakse avalikes huvides tehtava arhiveerimise eesmärgil, võib vastutav või volitatud töötleja Euroopa Parlamendi ja nõukogu määruse (EL) 2016/679 artiklites 15, 16 ja 18–21 sätestatud andmesubjekti õigusi piirata niivõrd, kuivõrd nende õiguste teostamine tõenäoliselt muudab võimatuks avalikes huvides tehtava arhiveerimise eesmärgi saavutamise või takistab seda oluliselt.",true,inForce,2019-01-15,,estleg:ISIKUA_Par_7_v104012019011
estleg:ISIKUA_Par_7_Lg_2,estleg:ISIKUA_Map,§ 7.,2,"(2) Käesoleva paragrahvi lõikes 1 nimetatud andmesubjekti õigusi võib piirata selleks, et mitte ohustada arhivaalide seisundit, autentsust, usaldusväärsust, terviklikkust ja kasutatavust.",true,inForce,2019-01-15,,estleg:ISIKUA_Par_7_v104012019011
estleg:ISIKUA_Par_8,estleg:ISIKUA_Map,§ 8.,,"(1) Kui kohaldatakse Euroopa Parlamendi ja nõukogu määruse (EL) 2016/679 artikli 6 lõike 1 punkti a seoses infoühiskonna teenuste pakkumisega otse lapsele, on lapse isikuandmete töötlemine lubatud ainult juhul, kui laps on vähemalt 13-aastane. (2) Kui laps on noorem kui 13-aastane, on isikuandmete töötlemine lubatud üksnes sellisel juhul ja sellises ulatuses, milleks on nõusoleku andnud lapse seaduslik esindaja.",true,inForce,2019-01-15,,estleg:ISIKUA_Par_8_v104012019011
estleg:ISIKUA_Par_8_Lg_1,estleg:ISIKUA_Map,§ 8.,1,"(1) Kui kohaldatakse Euroopa Parlamendi ja nõukogu määruse (EL) 2016/679 artikli 6 lõike 1 punkti a seoses infoühiskonna teenuste pakkumisega otse lapsele, on lapse isikuandmete töötlemine lubatud ainult juhul, kui laps on vähemalt 13-aastane.",true,inForce,2019-01-15,,estleg:ISIKUA_Par_8_v104012019011
estleg:ISIKUA_Par_8_Lg_2,estleg:ISIKUA_Map,§ 8.,2,"(2) Kui laps on noorem kui 13-aastane, on isikuandmete töötlemine lubatud üksnes sellisel juhul ja sellises ulatuses, milleks on nõusoleku andnud lapse seaduslik esindaja.",true,inForce,2019-01-15,,estleg:ISIKUA_Par_8_v104012019011
estleg:ISIKUA_Par_9,estleg:ISIKUA_Map,§ 9.,,"(1) Andmesubjekti nõusolek kehtib andmesubjekti eluajal ja 10 aastat pärast andmesubjekti surma, kui andmesubjekt ei ole otsustanud teisiti. Kui andmesubjekt on surnud alaealisena, siis kehtib tema nõusolek 20 aastat pärast andmesubjekti surma. (2) Pärast andmesubjekti surma on tema isikuandmete töötlemine lubatud andmesubjekti pärija nõusolekul, välja arvatud juhul, kui: andmesubjekti surmast on möödunud 10 aastat; alaealiselt surnud andmesubjekti surmast on möödunud 20 aastat; isikuandmeid töödeldakse muul õiguslikul alusel. (3) Mitme pärija olemasolul on andmesubjekti isikuandmete töötlemine lubatud neist ükskõik kelle nõusolekul. (4) Käesoleva paragrahvi lõikes 1 nimetatud nõusolekut ei ole vaja, kui töödeldavateks isikuandmeteks on üksnes andmesubjekti nimi, sugu, sünni- ja surmaaeg, surma fakt ning matmise aeg ja koht.",true,inForce,2019-01-15,,estleg:ISIKUA_Par_9_v104012019011
estleg:ISIKUA_Par_9_Lg_1,estleg:ISIKUA_Map,§ 9.,1,"(1) Andmesubjekti nõusolek kehtib andmesubjekti eluajal ja 10 aastat pärast andmesubjekti surma, kui andmesubjekt ei ole otsustanud teisiti. Kui andmesubjekt on surnud alaealisena, siis kehtib tema nõusolek 20 aastat pärast andmesubjekti surma.",true,inForce,2019-01-15,,estleg:ISIKUA_Par_9_v104012019011
estleg:ISIKUA_Par_9_Lg_2,estleg:ISIKUA_Map,§ 9.,2,"(2) Pärast andmesubjekti surma on tema isikuandmete töötlemine lubatud andmesubjekti pärija nõusolekul, välja arvatud juhul, kui: andmesubjekti surmast on möödunud 10 aastat; alaealiselt surnud andmesubjekti surmast on möödunud 20 aastat; isikuandmeid töödeldakse muul õiguslikul alusel.",true,inForce,2019-01-15,,estleg:ISIKUA_Par_9_v104012019011
estleg:ISIKUA_Par_9_Lg_3,estleg:ISIKUA_Map,§ 9.,3,(3) Mitme pärija olemasolul on andmesubjekti isikuandmete töötlemine lubatud neist ükskõik kelle nõusolekul.,true,inForce,2019-01-15,,estleg:ISIKUA_Par_9_v104012019011
estleg:ISIKUA_Par_9_Lg_4,estleg:ISIKUA_Map,§ 9.,4,"(4) Käesoleva paragrahvi lõikes 1 nimetatud nõusolekut ei ole vaja, kui töödeldavateks isikuandmeteks on üksnes andmesubjekti nimi, sugu, sünni- ja surmaaeg, surma fakt ning matmise aeg ja koht.",true,inForce,2019-01-15,,estleg:ISIKUA_Par_9_v104012019011
estleg:KOKS_Par_1,estleg:KOKS_Map,§ 1.,,"(1) Kohaliku omavalitsuse korralduse seadus määrab kindlaks kohaliku omavalitsuse ülesanded, vastutuse ja korralduse ning omavalitsusüksuste suhted omavahel ja riigiorganitega. (1¹) Kohaliku omavalitsuse korralduse erisused püsiasustusega väikesaartel on sätestatud püsiasustusega väikesaarte seaduses. (2) Käesolevas seaduses ettenähtud haldusmenetlusele kohaldatakse haldusmenetluse seaduse sätteid, arvestades käesoleva seaduse erisusi.",true,inForce,2008-12-17,,estleg:KOKS_Par_1_v13092924
estleg:KOKS_Par_10,estleg:KOKS_Map,§ 10.,,"(1) Nii vald kui ka linn on avalik-õiguslik juriidiline isik, keda esindavad seaduste ja omavalitsusüksuse põhimääruse alusel ning kehtestatud korras oma pädevuse piires volikogu, volikogu esimees, valla- või linnavalitsus ning vallavanem või linnapea või nende poolt volitatud esindajad. (2) Vallal ja linnal on avalik-õigusliku juriidilise isikuna iseseisev eelarve, arveldusarve pangas ja oma sümboolika.",true,inForce,2006-07-08,,estleg:KOKS_Par_10_v1042862
estleg:KOKS_Par_10_Lg_1,estleg:KOKS_Map,§ 10.,1,"(1) Nii vald kui ka linn on avalik-õiguslik juriidiline isik, keda esindavad seaduste ja omavalitsusüksuse põhimääruse alusel ning kehtestatud korras oma pädevuse piires volikogu, volikogu esimees, valla- või linnavalitsus ning vallavanem või linnapea või nende poolt volitatud esindajad.",true,inForce,2006-07-08,,estleg:KOKS_Par_10_v1042862
estleg:KOKS_Par_10_Lg_2,estleg:KOKS_Map,§ 10.,2,"(2) Vallal ja linnal on avalik-õigusliku juriidilise isikuna iseseisev eelarve, arveldusarve pangas ja oma sümboolika.",true,inForce,2006-07-08,,estleg:KOKS_Par_10_v1042862
estleg:KOKS_Par_11,estleg:KOKS_Map,§ 11.,,Kehtetu -,true,inForce,2011-07-01,,estleg:KOKS_Par_11_v118032011005
estleg:KOKS_Par_12,estleg:KOKS_Map,§ 12.,,"Omavalitsusüksustel on õigus moodustada teiste omavalitsusüksustega liite, ühisameteid ja ühisasutusi õigusaktides sätestatud alustel ja korras.",true,inForce,2018-01-01,,estleg:KOKS_Par_12_v104072017022
estleg:KOKS_Par_12_Lg_1,estleg:KOKS_Map,§ 12.,,"Omavalitsusüksustel on õigus moodustada teiste omavalitsusüksustega liite, ühisameteid ja ühisasutusi õigusaktides sätestatud alustel ja korras.",true,inForce,2018-01-01,,estleg:KOKS_Par_12_v104072017022
estleg:KOKS_Par_13,estleg:KOKS_Map,§ 13.,,"(1) Volikogul, valitsusel ja ametiasutustel on õigus oma pädevuse piires teha koostööd kõigi teiste omavalitsusüksustega väljaspool Eestit ning sõlmida nendega lepinguid. Ametiasutused informeerivad sellisest koostööst volikogu. (2) Omavalitsusüksusel on õigus astuda rahvusvaheliste organisatsioonide liikmeks või teha nendega koostööd. (3) Suhetes rahvusvaheliste organisatsioonidega esindab omavalitsusüksust tema volikogu või viimase poolt määratud esindaja. (4) Sõlmitavad lepingud kuuluvad eelnevalt läbivaatamisele ja heakskiitmisele volikogus, kui nende täitmisega kaasnevad kulutused omavalitsusüksuse eelarvest või võetakse muid varalisi kohustusi.",true,inForce,2006-07-08,,estleg:KOKS_Par_13_v1042862
estleg:KOKS_Par_13_Lg_1,estleg:KOKS_Map,§ 13.,1,"(1) Volikogul, valitsusel ja ametiasutustel on õigus oma pädevuse piires teha koostööd kõigi teiste omavalitsusüksustega väljaspool Eestit ning sõlmida nendega lepinguid. Ametiasutused informeerivad sellisest koostööst volikogu.",true,inForce,2006-07-08,,estleg:KOKS_Par_13_v1042862
estleg:KOKS_Par_13_Lg_2,estleg:KOKS_Map,§ 13.,2,(2) Omavalitsusüksusel on õigus astuda rahvusvaheliste organisatsioonide liikmeks või teha nendega koostööd.,true,inForce,2006-07-08,,estleg:KOKS_Par_13_v1042862
estleg:KOKS_Par_13_Lg_3,estleg:KOKS_Map,§ 13.,3,(3) Suhetes rahvusvaheliste organisatsioonidega esindab omavalitsusüksust tema volikogu või viimase poolt määratud esindaja.,true,inForce,2006-07-08,,estleg:KOKS_Par_13_v1042862
estleg:KOKS_Par_13_Lg_4,estleg:KOKS_Map,§ 13.,4,"(4) Sõlmitavad lepingud kuuluvad eelnevalt läbivaatamisele ja heakskiitmisele volikogus, kui nende täitmisega kaasnevad kulutused omavalitsusüksuse eelarvest või võetakse muid varalisi kohustusi.",true,inForce,2006-07-08,,estleg:KOKS_Par_13_v1042862
estleg:KOKS_Par_14,estleg:KOKS_Map,§ 14.,,"(1) Omavalitsusüksusel võib olla oma lipp, vapp, aumärgid, ametirahad, aunimetused ja muu sümboolika. (2) Enne omavalitsusüksuse lipu või vapi kinnitamist esitatakse lipu või vapi kavand arvamuse saamiseks Riigikantseleile. (3) Omavalitsusüksuse lipp või vapp ei või olla äravahetamiseni sarnane mõne teise omavalitsusüksuse lipu või vapi või muu isiku ajaloolise või kasutusel oleva vapi või lipuga. Omavalitsusüksuse lipp või vapp peab vastama heraldikanõuetele. (4) Omavalitsusüksuse vappi võib kasutada kohaliku omavalitsusüksuse organite ja asutuste plankidel ja pitseritel ning muudes kohtades vastavalt valla või linna sümbolite kasutamise korrale. (5) Omavalitsusüksuse lipu mõõtmed ei või ületada riigilipu mõõtmeid.",true,inForce,2006-07-08,,estleg:KOKS_Par_14_v1042862
estleg:KOKS_Par_14_Lg_1,estleg:KOKS_Map,§ 14.,1,"(1) Omavalitsusüksusel võib olla oma lipp, vapp, aumärgid, ametirahad, aunimetused ja muu sümboolika.",true,inForce,2006-07-08,,estleg:KOKS_Par_14_v1042862
estleg:KOKS_Par_14_Lg_2,estleg:KOKS_Map,§ 14.,2,(2) Enne omavalitsusüksuse lipu või vapi kinnitamist esitatakse lipu või vapi kavand arvamuse saamiseks Riigikantseleile.,true,inForce,2006-07-08,,estleg:KOKS_Par_14_v1042862
estleg:KOKS_Par_14_Lg_3,estleg:KOKS_Map,§ 14.,3,(3) Omavalitsusüksuse lipp või vapp ei või olla äravahetamiseni sarnane mõne teise omavalitsusüksuse lipu või vapi või muu isiku ajaloolise või kasutusel oleva vapi või lipuga. Omavalitsusüksuse lipp või vapp peab vastama heraldikanõuetele.,true,inForce,2006-07-08,,estleg:KOKS_Par_14_v1042862
estleg:KOKS_Par_14_Lg_4,estleg:KOKS_Map,§ 14.,4,(4) Omavalitsusüksuse vappi võib kasutada kohaliku omavalitsusüksuse organite ja asutuste plankidel ja pitseritel ning muudes kohtades vastavalt valla või linna sümbolite kasutamise korrale.,true,inForce,2006-07-08,,estleg:KOKS_Par_14_v1042862
estleg:KOKS_Par_14_Lg_5,estleg:KOKS_Map,§ 14.,5,(5) Omavalitsusüksuse lipu mõõtmed ei või ületada riigilipu mõõtmeid.,true,inForce,2006-07-08,,estleg:KOKS_Par_14_v1042862
estleg:KOKS_Par_15,estleg:KOKS_Map,§ 15.,,(1) Omavalitsusüksust likvideerida või selle piire või nime muuta ei tohi ilma antud valla või linna volikogu arvamust ära kuulamata. (2) Volikogul on õigus antud omavalitsusüksuse territooriumil korraldada olulistes küsimustes elanike küsitlusi. (3) Omavalitsusüksusel on oma seaduslike õiguste kaitseks või vaidluste lahendamiseks õigus pöörduda kohtusse.,true,inForce,2002-06-01,,estleg:KOKS_Par_15_v22250
estleg:KOKS_Par_15_Lg_1,estleg:KOKS_Map,§ 15.,1,(1) Omavalitsusüksust likvideerida või selle piire või nime muuta ei tohi ilma antud valla või linna volikogu arvamust ära kuulamata.,true,inForce,2002-06-01,,estleg:KOKS_Par_15_v22250
estleg:KOKS_Par_15_Lg_2,estleg:KOKS_Map,§ 15.,2,(2) Volikogul on õigus antud omavalitsusüksuse territooriumil korraldada olulistes küsimustes elanike küsitlusi.,true,inForce,2002-06-01,,estleg:KOKS_Par_15_v22250
estleg:KOKS_Par_15_Lg_3,estleg:KOKS_Map,§ 15.,3,(3) Omavalitsusüksusel on oma seaduslike õiguste kaitseks või vaidluste lahendamiseks õigus pöörduda kohtusse.,true,inForce,2002-06-01,,estleg:KOKS_Par_15_v22250
estleg:KOKS_Par_16,estleg:KOKS_Map,§ 16.,,"(1) Volikogu valitakse kohaliku omavalitsuse volikogu valimise seaduse alusel üldistel, ühetaolistel ja otsestel valimistel neljaks aastaks. Hääletamine on salajane. (2) Kehtetu - (3) Kehtetu - (3¹) Kehtetu - (4) Volikogu uue koosseisu ja tema liikmete volitused algavad ning volikogu eelmise koosseisu ja tema liikmete volitused lõpevad valimistulemuste väljakuulutamise päevast.",true,inForce,2011-07-01,,estleg:KOKS_Par_16_v118032011005
estleg:KOKS_Par_16_Lg_1,estleg:KOKS_Map,§ 16.,1,"(1) Volikogu valitakse kohaliku omavalitsuse volikogu valimise seaduse alusel üldistel, ühetaolistel ja otsestel valimistel neljaks aastaks. Hääletamine on salajane.",true,inForce,2011-07-01,,estleg:KOKS_Par_16_v118032011005
estleg:KOKS_Par_16_Lg_2,estleg:KOKS_Map,§ 16.,2,(2) Kehtetu -,true,inForce,2011-07-01,,estleg:KOKS_Par_16_v118032011005
estleg:KOKS_Par_16_Lg_3,estleg:KOKS_Map,§ 16.,3,(3) Kehtetu -,true,inForce,2011-07-01,,estleg:KOKS_Par_16_v118032011005
estleg:KOKS_Par_16_Lg_3_1,estleg:KOKS_Map,§ 16.,3¹,(3¹) Kehtetu -,true,inForce,2011-07-01,,estleg:KOKS_Par_16_v118032011005
estleg:KOKS_Par_16_Lg_4,estleg:KOKS_Map,§ 16.,4,(4) Volikogu uue koosseisu ja tema liikmete volitused algavad ning volikogu eelmise koosseisu ja tema liikmete volitused lõpevad valimistulemuste väljakuulutamise päevast.,true,inForce,2011-07-01,,estleg:KOKS_Par_16_v118032011005
estleg:KOKS_Par_17,estleg:KOKS_Map,§ 17.,,"(1) Volikogu liige on isik, kes on osutunud valituks vastavalt kohaliku omavalitsuse volikogu valimise seadusele. (2) Volikogu liige juhindub seadusest, valla või linna õigusaktidest ning valla- või linnaelanike vajadustest ja huvidest. (3) Volikogul on õigus maksta oma liikmetele tasu volikogu tööst osavõtu eest ja hüvitust volikogu ülesannete täitmisel tehtud kulutuste eest esitatud dokumentide alusel volikogu kehtestatud määras ja korras. Kui volikogu liige on oma volituste ajal Euroopa Parlamendi või Riigikogu liige, ei maksta talle volikogu tööst osavõtu eest tasu. (4) Volikogu esimehe või ühe volikogu aseesimehe ametikoht võib volikogu otsusel olla palgaline. Volikogu palgalisele esimehele või palgalisele aseesimehele ei või maksta sellist lisatasu, hüvitist või toetust ega tema suhtes rakendada selliseid soodustusi, mida volikogu ei ole otsustanud. Kui volikogu esimees või aseesimees on oma volituste ajal Euroopa Parlamendi või Riigikogu liige, ei maksta talle volikogu esimehe või aseesimehe ülesannete täitmise eest töötasu. (4¹) Volikogu palgalise esimehe või palgalise aseesimehe põhipuhkuse kestus on 35 kalendripäeva ning neile kohaldatakse töölepingu seaduse §-des 54 ja 59–71 sätestatud puhkuseregulatsiooni. (4²) Volikogu liikme võib saata teenistuslähetusse volikogu kehtestatud korras. Volikogu liikme lähetuskulud hüvitatakse avaliku teenistuse seaduses sätestatud tingimustel ja korras. (5) Volikogu liige ei tohi osa võtta volikogu sellise üksikakti ettevalmistamisest, arutamisest ja otsustamisest, mille suhtes talle laieneb toimingupiirang korruptsioonivastases seaduses sätestatu kohaselt. (6) Käesoleva paragrahvi lõikes 5 sätestatud juhul on volikogu liige kohustatud enne küsimuse arutelu algust tegema avalduse enda mitteosalemise kohta antud päevakorrapunkti arutamisel. Vastav märge fikseeritakse protokollis. Küsimuste otsustamiseks vajalik kvoorum on selle volikogu liikme võrra väiksem. (6¹) Käesoleva paragrahvi lõikes 5 sätestatut ei kohaldata isikuv",true,inForce,2021-10-18,,estleg:KOKS_Par_17_v125062021008
estleg:KOKS_Par_17_Lg_1,estleg:KOKS_Map,§ 17.,1,"(1) Volikogu liige on isik, kes on osutunud valituks vastavalt kohaliku omavalitsuse volikogu valimise seadusele.",true,inForce,2021-10-18,,estleg:KOKS_Par_17_v125062021008
estleg:KOKS_Par_17_Lg_2,estleg:KOKS_Map,§ 17.,2,"(2) Volikogu liige juhindub seadusest, valla või linna õigusaktidest ning valla- või linnaelanike vajadustest ja huvidest.",true,inForce,2021-10-18,,estleg:KOKS_Par_17_v125062021008
estleg:KOKS_Par_17_Lg_3,estleg:KOKS_Map,§ 17.,3,"(3) Volikogul on õigus maksta oma liikmetele tasu volikogu tööst osavõtu eest ja hüvitust volikogu ülesannete täitmisel tehtud kulutuste eest esitatud dokumentide alusel volikogu kehtestatud määras ja korras. Kui volikogu liige on oma volituste ajal Euroopa Parlamendi või Riigikogu liige, ei maksta talle volikogu tööst osavõtu eest tasu.",true,inForce,2021-10-18,,estleg:KOKS_Par_17_v125062021008
estleg:KOKS_Par_17_Lg_4,estleg:KOKS_Map,§ 17.,4,"(4) Volikogu esimehe või ühe volikogu aseesimehe ametikoht võib volikogu otsusel olla palgaline. Volikogu palgalisele esimehele või palgalisele aseesimehele ei või maksta sellist lisatasu, hüvitist või toetust ega tema suhtes rakendada selliseid soodustusi, mida volikogu ei ole otsustanud. Kui volikogu esimees või aseesimees on oma volituste ajal Euroopa Parlamendi või Riigikogu liige, ei maksta talle volikogu esimehe või aseesimehe ülesannete täitmise eest töötasu.",true,inForce,2021-10-18,,estleg:KOKS_Par_17_v125062021008
estleg:KOKS_Par_17_Lg_4_1,estleg:KOKS_Map,§ 17.,4¹,(4¹) Volikogu palgalise esimehe või palgalise aseesimehe põhipuhkuse kestus on 35 kalendripäeva ning neile kohaldatakse töölepingu seaduse §-des 54 ja 59–71 sätestatud puhkuseregulatsiooni.,true,inForce,2021-10-18,,estleg:KOKS_Par_17_v125062021008
estleg:KOKS_Par_17_Lg_4_2,estleg:KOKS_Map,§ 17.,4²,(4²) Volikogu liikme võib saata teenistuslähetusse volikogu kehtestatud korras. Volikogu liikme lähetuskulud hüvitatakse avaliku teenistuse seaduses sätestatud tingimustel ja korras.,true,inForce,2021-10-18,,estleg:KOKS_Par_17_v125062021008
estleg:KOKS_Par_17_Lg_5,estleg:KOKS_Map,§ 17.,5,"(5) Volikogu liige ei tohi osa võtta volikogu sellise üksikakti ettevalmistamisest, arutamisest ja otsustamisest, mille suhtes talle laieneb toimingupiirang korruptsioonivastases seaduses sätestatu kohaselt.",true,inForce,2021-10-18,,estleg:KOKS_Par_17_v125062021008
estleg:KOKS_Par_17_Lg_6,estleg:KOKS_Map,§ 17.,6,(6) Käesoleva paragrahvi lõikes 5 sätestatud juhul on volikogu liige kohustatud enne küsimuse arutelu algust tegema avalduse enda mitteosalemise kohta antud päevakorrapunkti arutamisel. Vastav märge fikseeritakse protokollis. Küsimuste otsustamiseks vajalik kvoorum on selle volikogu liikme võrra väiksem.,true,inForce,2021-10-18,,estleg:KOKS_Par_17_v125062021008
estleg:KOKS_Par_17_Lg_6_1,estleg:KOKS_Map,§ 17.,6¹,(6¹) Käesoleva paragrahvi lõikes 5 sätestatut ei kohaldata isikuvalimistele ega valitsuse liikme kinnitamisele või ametisse nimetamisele.,true,inForce,2021-10-18,,estleg:KOKS_Par_17_v125062021008
estleg:KOKS_Par_17_Lg_6_2,estleg:KOKS_Map,§ 17.,6²,"(6²) Volikogu liige, kes on valitud samas vallas või linnas vallavanemaks või linnapeaks või on kinnitatud valla- või linnavalitsuse liikmeks või nimetatud ametisse valitsuse palgaliseks liikmeks, ei tohi alates valituks osutumise, liikmeks kinnitamise või ametisse nimetamise hetkest osaleda sellise volikogu üksikakti arutamisel ega otsustamisel, millega määratakse talle töötasu või hüvitis.",true,inForce,2021-10-18,,estleg:KOKS_Par_17_v125062021008
estleg:KOKS_Par_17_Lg_7,estleg:KOKS_Map,§ 17.,7,(7) Kehtetu -,true,inForce,2021-10-18,,estleg:KOKS_Par_17_v125062021008
estleg:KOKS_Par_18,estleg:KOKS_Map,§ 18.,,"(1) Volikogu liikme volitused lõpevad enne tähtaega seoses: volikogu tegutsemisvõimetuks osutumisega; korraliste valimiste vahelisel perioodil ühinemise teel moodustunud kohaliku omavalitsuse üksuse volikogu liikmete volituste algamisega; tagasiastumisega; isiku püsiva elukoha muutusega, kui püsiv elukoht ei asu Eesti rahvastikuregistri andmetel selles vallas või linnas; Eesti kodakondsuse kaotamisega; valimisega Vabariigi Presidendiks, nimetamisega riigisekretäriks, riigikontrolöriks, õiguskantsleriks, kohtunikuks või prokuröriks; kehtetu - kehtetu - tahtliku kuriteo eest süüdimõistva kohtuotsuse jõustumisega või seoses jõustunud kohtuotsusega, millega tühistati valla või linna valimiskomisjoni otsus tema registreerimise kohta volikogu liikmeks tema kohaliku omavalitsuse volikogu valimise seadusega sätestatud nõuetele mittevastamise tõttu, kui Riigikohtule esitatud kassatsioonkaebust ei võetud menetlusse või Riigikohus on kaebuse läbi vaadanud ja rahuldamata jätnud; teovõimetuks tunnistamisega valimisõiguse osas; surmaga. (1¹) Kehtetu - (2) Käesoleva paragrahvi 1. lõike punktis 2 sätestatud juhul esitab volikogu liige avalduse ja käesoleva paragrahvi 1. lõike punktides 3–8 sätestatud juhul informatsiooni valla- või linnasekretärile. (3) Valla- või linnasekretär saadab valla või linna valimiskomisjonile kolme tööpäeva jooksul: käesoleva paragrahvi 1. lõike punktides 1, 3, 4, 5, 6, 7 ja 10 sätestatud asjaolude teatavaks saamisest vastava teate; käesoleva paragrahvi 1. lõike punktides 8 ja 9 sätestatud juhtudel vastava kohtuotsuse pärast selle kättesaamist; käesoleva paragrahvi 2. lõikes sätestatud juhul vastava avalduse pärast selle kättesaamist.",true,inForce,2026-02-20,,estleg:KOKS_Par_18_v110022026012
estleg:KOKS_Par_18_Lg_1,estleg:KOKS_Map,§ 18.,1,"(1) Volikogu liikme volitused lõpevad enne tähtaega seoses: volikogu tegutsemisvõimetuks osutumisega; korraliste valimiste vahelisel perioodil ühinemise teel moodustunud kohaliku omavalitsuse üksuse volikogu liikmete volituste algamisega; tagasiastumisega; isiku püsiva elukoha muutusega, kui püsiv elukoht ei asu Eesti rahvastikuregistri andmetel selles vallas või linnas; Eesti kodakondsuse kaotamisega; valimisega Vabariigi Presidendiks, nimetamisega riigisekretäriks, riigikontrolöriks, õiguskantsleriks, kohtunikuks või prokuröriks; kehtetu - kehtetu - tahtliku kuriteo eest süüdimõistva kohtuotsuse jõustumisega või seoses jõustunud kohtuotsusega, millega tühistati valla või linna valimiskomisjoni otsus tema registreerimise kohta volikogu liikmeks tema kohaliku omavalitsuse volikogu valimise seadusega sätestatud nõuetele mittevastamise tõttu, kui Riigikohtule esitatud kassatsioonkaebust ei võetud menetlusse või Riigikohus on kaebuse läbi vaadanud ja rahuldamata jätnud; teovõimetuks tunnistamisega valimisõiguse osas; surmaga.",true,inForce,2026-02-20,,estleg:KOKS_Par_18_v110022026012
estleg:KOKS_Par_18_Lg_1_1,estleg:KOKS_Map,§ 18.,1¹,(1¹) Kehtetu -,true,inForce,2026-02-20,,estleg:KOKS_Par_18_v110022026012
estleg:KOKS_Par_18_Lg_2,estleg:KOKS_Map,§ 18.,2,(2) Käesoleva paragrahvi 1. lõike punktis 2 sätestatud juhul esitab volikogu liige avalduse ja käesoleva paragrahvi 1. lõike punktides 3–8 sätestatud juhul informatsiooni valla- või linnasekretärile.,true,inForce,2026-02-20,,estleg:KOKS_Par_18_v110022026012
estleg:KOKS_Par_18_Lg_3,estleg:KOKS_Map,§ 18.,3,"(3) Valla- või linnasekretär saadab valla või linna valimiskomisjonile kolme tööpäeva jooksul: käesoleva paragrahvi 1. lõike punktides 1, 3, 4, 5, 6, 7 ja 10 sätestatud asjaolude teatavaks saamisest vastava teate; käesoleva paragrahvi 1. lõike punktides 8 ja 9 sätestatud juhtudel vastava kohtuotsuse pärast selle kättesaamist; käesoleva paragrahvi 2. lõikes sätestatud juhul vastava avalduse pärast selle kättesaamist.",true,inForce,2026-02-20,,estleg:KOKS_Par_18_v110022026012
estleg:KOKS_Par_19,estleg:KOKS_Map,§ 19.,,"(1) Volikogu liikme volituste peatumine tähendab volikogu liikme ajutist vabanemist volikogu liikme ülesannete täitmisest. (2) Volikogu liikme volitused peatatakse: kui ta on samas vallas või linnas valitud vallavanemaks või linnapeaks, kinnitatud valitsuse liikmeks või nimetatud osavalla või linnaosa vanemaks; Vabariigi Valitsuse liikme volituste täitmise ajaks; kui ta on nimetatud sama valla või linna ametiasutuse ametnikuks või kui ta töötab sama valla või linna ametiasutuses töölepingu alusel; kui volikogu liikme suhtes on kohaldatud tõkendina vahi alla võtmist kestusega üle kolme kuu; tema avalduse alusel selles näidatud tähtajaks, mis ei või olla lühem kui kolm kuud; kui ta on puudunud volikogu istungitelt kolme järjestikuse kuu jooksul, arvestamata kuid, millal volikogu istungeid ei toimunud; ajaks, kui ta viibib aja-, asendus- või reservteenistuses. (3) Käesoleva paragrahvi 2. lõike punktis 1 sätestatud piirang ei kehti volikogu uude koosseisu valitud eelmise koosseisu poolt valitud vallavanema, linnapea, kinnitatud või ametisse nimetatud valitsuse liikme ja ametisse nimetatud osavalla või linnaosa vanema suhtes, kes jätkavad oma tegevust kuni volikogu poolt uue valitsuse kinnitamiseni. (3¹) Kui volikogu liige on osutunud valituks või nimetatuks volikogu liikme volitustega ühitamatusse ametisse, välja arvatud käesoleva seaduse § 18 lõike 1 punktis 5 nimetatud juhul, peab ta kolme tööpäeva jooksul volituste ühitamatuse aluse ilmnemisest arvates teavitama valla- või linnasekretäri, kas ta soovib osaleda volikogu töös või jätkata töötamist volikogu liikme volitustega ühitamatus ametis. Kui isik soovib jätkata töötamist volikogu liikme volitustega ühitamatus ametis või ei teata tähtaja jooksul, et ta soovib volikogu töös osaleda, siis tema volikogu liikme volitused peatatakse. Kui volikogu liige valitakse või nimetatakse käesoleva seaduse § 18 lõike 1 punktis 5 nimetatud juhul volikogu liikme volitustega ühitamatusse ametisse, siis volikogu liikme volitused lõpe",true,inForce,2026-02-20,,estleg:KOKS_Par_19_v110022026012
estleg:KOKS_Par_19_Lg_1,estleg:KOKS_Map,§ 19.,1,(1) Volikogu liikme volituste peatumine tähendab volikogu liikme ajutist vabanemist volikogu liikme ülesannete täitmisest.,true,inForce,2026-02-20,,estleg:KOKS_Par_19_v110022026012
estleg:KOKS_Par_19_Lg_2,estleg:KOKS_Map,§ 19.,2,"(2) Volikogu liikme volitused peatatakse: kui ta on samas vallas või linnas valitud vallavanemaks või linnapeaks, kinnitatud valitsuse liikmeks või nimetatud osavalla või linnaosa vanemaks; Vabariigi Valitsuse liikme volituste täitmise ajaks; kui ta on nimetatud sama valla või linna ametiasutuse ametnikuks või kui ta töötab sama valla või linna ametiasutuses töölepingu alusel; kui volikogu liikme suhtes on kohaldatud tõkendina vahi alla võtmist kestusega üle kolme kuu; tema avalduse alusel selles näidatud tähtajaks, mis ei või olla lühem kui kolm kuud; kui ta on puudunud volikogu istungitelt kolme järjestikuse kuu jooksul, arvestamata kuid, millal volikogu istungeid ei toimunud; ajaks, kui ta viibib aja-, asendus- või reservteenistuses.",true,inForce,2026-02-20,,estleg:KOKS_Par_19_v110022026012
estleg:KOKS_Par_19_Lg_3,estleg:KOKS_Map,§ 19.,3,"(3) Käesoleva paragrahvi 2. lõike punktis 1 sätestatud piirang ei kehti volikogu uude koosseisu valitud eelmise koosseisu poolt valitud vallavanema, linnapea, kinnitatud või ametisse nimetatud valitsuse liikme ja ametisse nimetatud osavalla või linnaosa vanema suhtes, kes jätkavad oma tegevust kuni volikogu poolt uue valitsuse kinnitamiseni.",true,inForce,2026-02-20,,estleg:KOKS_Par_19_v110022026012
estleg:KOKS_Par_19_Lg_3_1,estleg:KOKS_Map,§ 19.,3¹,"(3¹) Kui volikogu liige on osutunud valituks või nimetatuks volikogu liikme volitustega ühitamatusse ametisse, välja arvatud käesoleva seaduse § 18 lõike 1 punktis 5 nimetatud juhul, peab ta kolme tööpäeva jooksul volituste ühitamatuse aluse ilmnemisest arvates teavitama valla- või linnasekretäri, kas ta soovib osaleda volikogu töös või jätkata töötamist volikogu liikme volitustega ühitamatus ametis. Kui isik soovib jätkata töötamist volikogu liikme volitustega ühitamatus ametis või ei teata tähtaja jooksul, et ta soovib volikogu töös osaleda, siis tema volikogu liikme volitused peatatakse. Kui volikogu liige valitakse või nimetatakse käesoleva seaduse § 18 lõike 1 punktis 5 nimetatud juhul volikogu liikme volitustega ühitamatusse ametisse, siis volikogu liikme volitused lõpevad enne tähtaja lõppu. Valla- või linnasekretär saadab nimetatud asjaolu teatavaks saamisel asjakohase teate valla või linna valimiskomisjonile kolme tööpäeva jooksul.",true,inForce,2026-02-20,,estleg:KOKS_Par_19_v110022026012
estleg:KOKS_Par_19_Lg_3_2,estleg:KOKS_Map,§ 19.,3²,"(3²) Volikogu liige, kelle volitused on peatatud käesoleva paragrahvi lõike 2 punkti 3 alusel, võib esitada avalduse volituste peatumise tähtaja pikendamiseks igakordselt vähemalt kolme kuu võrra. Sel juhul tema volikogu liikme volitused vahepeal ei taastu.",true,inForce,2026-02-20,,estleg:KOKS_Par_19_v110022026012
estleg:KOKS_Par_19_Lg_4,estleg:KOKS_Map,§ 19.,4,"(4) Valla- või linnasekretär saadab valla või linna valimiskomisjonile kolme tööpäeva jooksul: käesoleva paragrahvi 2. lõike punktis 1 ja lõikes 3 sätestatud juhtudel volikogu vastava õigusakti pärast selle vastuvõtmist; käesoleva paragrahvi 2. lõike punktis 2 sätestatud juhul vastava kohtumääruse pärast selle kättesaamist; käesoleva paragrahvi 2. lõike punktis 3 sätestatud juhul vastava avalduse; vastava teate pärast käesoleva paragrahvi 2. lõike punktides 11, 12, 4 ja 5 sätestatud asjaolu teatavaks saamist.",true,inForce,2026-02-20,,estleg:KOKS_Par_19_v110022026012
estleg:KOKS_Par_1_Lg_1,estleg:KOKS_Map,§ 1.,1,"(1) Kohaliku omavalitsuse korralduse seadus määrab kindlaks kohaliku omavalitsuse ülesanded, vastutuse ja korralduse ning omavalitsusüksuste suhted omavahel ja riigiorganitega.",true,inForce,2008-12-17,,estleg:KOKS_Par_1_v13092924
estleg:KOKS_Par_1_Lg_1_1,estleg:KOKS_Map,§ 1.,1¹,(1¹) Kohaliku omavalitsuse korralduse erisused püsiasustusega väikesaartel on sätestatud püsiasustusega väikesaarte seaduses.,true,inForce,2008-12-17,,estleg:KOKS_Par_1_v13092924
estleg:KOKS_Par_1_Lg_2,estleg:KOKS_Map,§ 1.,2,"(2) Käesolevas seaduses ettenähtud haldusmenetlusele kohaldatakse haldusmenetluse seaduse sätteid, arvestades käesoleva seaduse erisusi.",true,inForce,2008-12-17,,estleg:KOKS_Par_1_v13092924
estleg:KOKS_Par_2,estleg:KOKS_Map,§ 2.,,"(1) Kohalik omavalitsus on põhiseaduses sätestatud omavalitsusüksuse – valla või linna – demokraatlikult moodustatud võimuorganite õigus, võime ja kohustus seaduste alusel iseseisvalt korraldada ja juhtida kohalikku elu, lähtudes valla- või linnaelanike õigustatud vajadustest ja huvidest ning arvestades valla või linna arengu iseärasusi. (2) Kohalik omavalitsus: rajaneb riigi territooriumi haldusjaotusel; teostub demokraatlikult moodustatud esindus- ja võimuorganite kaudu, samuti kohaliku elu küsimustes rahvaküsitluse või rahvaalgatuse teel.",true,inForce,2011-07-01,,estleg:KOKS_Par_2_v118032011005
estleg:KOKS_Par_20,estleg:KOKS_Map,§ 20.,,"(1) Käesoleva seaduse §-des 18 ja 19 sätestatud juhtudel astub volikogu liikme asemele volikogu asendusliige. Asendusliige määratakse valimiskomisjoni otsusega valimiskomisjoni kinnitatud asendusliikmete nimekirja alusel. (2) Volikogu liikme volitused lõpevad enne tähtaega käesoleva seaduse § 18 lõikes 1 sätestatud juhtudel. Asendusliikme volitused volikogu liikmena algavad valla või linna valimiskomisjoni otsuse jõustumise hetkest. (3) Volikogu liikme volitused peatuvad ning asendusliikme volitused volikogu liikmena algavad valla või linna valimiskomisjoni otsuse jõustumise hetkest. Volikogu liikme volituste peatumine ja asendusliikme määramine vormistatakse ühe otsusega. (4) Valla või linna valimiskomisjon teeb §-des 18, 19 ja 201 ettenähtud otsused viie tööpäeva jooksul pärast vastava otsuse aluseks oleva dokumendi kättesaamist ja saadab need viivitamata valla- või linnasekretärile. Kui valla või linna valimiskomisjon on valitud volikogu liikme registreerimisel teadlik sellest, et käesoleva seaduse § 18 1. lõikes või § 19 2. lõikes sätestatud asjaolude tõttu volikogu liige ei saa volikogu töös osaleda või on esitanud loobumisavalduse, määrab valimiskomisjon tema asemele kohe asendusliikme. (5) Valimisringkonnas valituks osutunud volikogu liikme asendusliikmeks on sama erakonna või valimisliidu samas valimisringkonnas kandideerinud esimene asendusliikmeks registreeritud kandidaat. Kui esimene asendusliige loobub või ei saa volikogu töös osaleda käesoleva seaduse § 18 1. lõikes või § 19 2. lõikes märgitud põhjustel, saab volikogu liikmeks järgmine sama erakonna või valimisliidu samas valimisringkonnas valimata jäänud kandidaat. (5¹) Kompensatsioonimandaadi alusel valituks osutunud volikogu liikme asendusliikmeks on sama erakonna või valimisliidu ülelinnalises nimekirjas kandideerinud esimene asendusliikmeks registreeritud kandidaat. Kui esimene asendusliige loobub või ei saa volikogu töös osaleda käesoleva seaduse § 18 1. lõikes või § 19 2. lõikes märgitud põhjuste",true,inForce,2016-07-01,,estleg:KOKS_Par_20_v121062016003
estleg:KOKS_Par_20_1,estleg:KOKS_Map,§ 20¹.,,"(1) Volikogu liikme volituste taastumiseks esitab ta vastava avalduse valla- või linnasekretärile, kes saadab selle hiljemalt kolme tööpäeva jooksul valla või linna valimiskomisjonile. Avaldust ei pea esitama, kui volikogu liikme volitused on peatatud tema avalduse alusel selles näidatud tähtajaks. (2) Volikogu liikme volituste taastumisel lõpevad selle asendusliikme volitused, kes on viimasena määratud asendama lisamandaadi alusel või samas erakonnas või valimisliidus kandideerinud volikogu liiget sellest valimisringkonnast või ülelinnalisest nimekirjast. (3) Kui valimisringkonna kandidaatide koondnimekirjas on ainult üksikkandidaadid, lõpevad volikogu liikme volituste taastumisel selle volikogu liikme volitused, kes on viimasena määratud asendama volikogu liiget sellest valimisringkonnast. (4) Volikogu liikme volitused taastuvad ja teda asendanud volikogu liikme volitused lõpevad valla või linna valimiskomisjoni otsuse jõustumise hetkest.",true,inForce,2016-07-01,,estleg:KOKS_Par_20_1_v121062016003
estleg:KOKS_Par_20_1_Lg_1,estleg:KOKS_Map,§ 20¹.,1,"(1) Volikogu liikme volituste taastumiseks esitab ta vastava avalduse valla- või linnasekretärile, kes saadab selle hiljemalt kolme tööpäeva jooksul valla või linna valimiskomisjonile. Avaldust ei pea esitama, kui volikogu liikme volitused on peatatud tema avalduse alusel selles näidatud tähtajaks.",true,inForce,2016-07-01,,estleg:KOKS_Par_20_1_v121062016003
estleg:KOKS_Par_20_1_Lg_2,estleg:KOKS_Map,§ 20¹.,2,"(2) Volikogu liikme volituste taastumisel lõpevad selle asendusliikme volitused, kes on viimasena määratud asendama lisamandaadi alusel või samas erakonnas või valimisliidus kandideerinud volikogu liiget sellest valimisringkonnast või ülelinnalisest nimekirjast.",true,inForce,2016-07-01,,estleg:KOKS_Par_20_1_v121062016003
estleg:KOKS_Par_20_1_Lg_3,estleg:KOKS_Map,§ 20¹.,3,"(3) Kui valimisringkonna kandidaatide koondnimekirjas on ainult üksikkandidaadid, lõpevad volikogu liikme volituste taastumisel selle volikogu liikme volitused, kes on viimasena määratud asendama volikogu liiget sellest valimisringkonnast.",true,inForce,2016-07-01,,estleg:KOKS_Par_20_1_v121062016003
estleg:KOKS_Par_20_1_Lg_4,estleg:KOKS_Map,§ 20¹.,4,(4) Volikogu liikme volitused taastuvad ja teda asendanud volikogu liikme volitused lõpevad valla või linna valimiskomisjoni otsuse jõustumise hetkest.,true,inForce,2016-07-01,,estleg:KOKS_Par_20_1_v121062016003
estleg:KOKS_Par_20_Lg_1,estleg:KOKS_Map,§ 20.,1,(1) Käesoleva seaduse §-des 18 ja 19 sätestatud juhtudel astub volikogu liikme asemele volikogu asendusliige. Asendusliige määratakse valimiskomisjoni otsusega valimiskomisjoni kinnitatud asendusliikmete nimekirja alusel.,true,inForce,2016-07-01,,estleg:KOKS_Par_20_v121062016003
estleg:KOKS_Par_20_Lg_10,estleg:KOKS_Map,§ 20.,10,"(10) Kui üksikkandidaat teatab kirjalikult oma loobumisest või ei saa volikogu töös osaleda käesoleva seaduse § 18 1. lõikes märgitud põhjustel, ei saa teda hiljem enam volikogu liikmeks määrata.",true,inForce,2016-07-01,,estleg:KOKS_Par_20_v121062016003
estleg:KOKS_Par_20_Lg_2,estleg:KOKS_Map,§ 20.,2,(2) Volikogu liikme volitused lõpevad enne tähtaega käesoleva seaduse § 18 lõikes 1 sätestatud juhtudel. Asendusliikme volitused volikogu liikmena algavad valla või linna valimiskomisjoni otsuse jõustumise hetkest.,true,inForce,2016-07-01,,estleg:KOKS_Par_20_v121062016003
estleg:KOKS_Par_20_Lg_3,estleg:KOKS_Map,§ 20.,3,(3) Volikogu liikme volitused peatuvad ning asendusliikme volitused volikogu liikmena algavad valla või linna valimiskomisjoni otsuse jõustumise hetkest. Volikogu liikme volituste peatumine ja asendusliikme määramine vormistatakse ühe otsusega.,true,inForce,2016-07-01,,estleg:KOKS_Par_20_v121062016003
estleg:KOKS_Par_20_Lg_4,estleg:KOKS_Map,§ 20.,4,"(4) Valla või linna valimiskomisjon teeb §-des 18, 19 ja 201 ettenähtud otsused viie tööpäeva jooksul pärast vastava otsuse aluseks oleva dokumendi kättesaamist ja saadab need viivitamata valla- või linnasekretärile. Kui valla või linna valimiskomisjon on valitud volikogu liikme registreerimisel teadlik sellest, et käesoleva seaduse § 18 1. lõikes või § 19 2. lõikes sätestatud asjaolude tõttu volikogu liige ei saa volikogu töös osaleda või on esitanud loobumisavalduse, määrab valimiskomisjon tema asemele kohe asendusliikme.",true,inForce,2016-07-01,,estleg:KOKS_Par_20_v121062016003
estleg:KOKS_Par_20_Lg_5,estleg:KOKS_Map,§ 20.,5,"(5) Valimisringkonnas valituks osutunud volikogu liikme asendusliikmeks on sama erakonna või valimisliidu samas valimisringkonnas kandideerinud esimene asendusliikmeks registreeritud kandidaat. Kui esimene asendusliige loobub või ei saa volikogu töös osaleda käesoleva seaduse § 18 1. lõikes või § 19 2. lõikes märgitud põhjustel, saab volikogu liikmeks järgmine sama erakonna või valimisliidu samas valimisringkonnas valimata jäänud kandidaat.",true,inForce,2016-07-01,,estleg:KOKS_Par_20_v121062016003
estleg:KOKS_Par_20_Lg_5_1,estleg:KOKS_Map,§ 20.,5¹,"(5¹) Kompensatsioonimandaadi alusel valituks osutunud volikogu liikme asendusliikmeks on sama erakonna või valimisliidu ülelinnalises nimekirjas kandideerinud esimene asendusliikmeks registreeritud kandidaat. Kui esimene asendusliige loobub või ei saa volikogu töös osaleda käesoleva seaduse § 18 1. lõikes või § 19 2. lõikes märgitud põhjustel, saab volikogu liikmeks järgmine sama erakonna või valimisliidu samas ülelinnalises nimekirjas valimata jäänud kandidaat.",true,inForce,2016-07-01,,estleg:KOKS_Par_20_v121062016003
estleg:KOKS_Par_20_Lg_5_2,estleg:KOKS_Map,§ 20.,5²,"(5²) Valla või linna valimiskomisjon teavitab viivitamata asendusliiget õigusest saada volikogu liikme volitused. Asendusliige peab kolme tööpäeva jooksul teatise saamisest arvates teavitama kirjalikult valimiskomisjoni, kas ta soovib volikogu töös osaleda.",true,inForce,2016-07-01,,estleg:KOKS_Par_20_v121062016003
estleg:KOKS_Par_20_Lg_6,estleg:KOKS_Map,§ 20.,6,"(6) Kui asendusliige teatab kirjalikult oma loobumisest või ei saa volikogu töös osaleda käesoleva seaduse § 18 1. lõikes märgitud põhjustel, kaotab asendusliige oma koha asendusliikmete nimekirjas.",true,inForce,2016-07-01,,estleg:KOKS_Par_20_v121062016003
estleg:KOKS_Par_20_Lg_7,estleg:KOKS_Map,§ 20.,7,"(7) Kui esimene asendusliige ei saa volikogu töös osaleda käesoleva seaduse § 19 2. lõikes märgitud põhjustel, jääb esimene asendusliige asendusliikmete nimekirja.",true,inForce,2016-07-01,,estleg:KOKS_Par_20_v121062016003
estleg:KOKS_Par_20_Lg_8,estleg:KOKS_Map,§ 20.,8,"(8) Kui asendatav volikogu liige kandideeris üksikkandidaadina või kui selles valimisringkonnas samal erakonnal või valimisliidul rohkem asendusliikmeid ei ole, saab volikogu liikmeks asendusliige, kes on määratud erakondade ja valimisliitude vahel jaotatud lisamandaadi alusel, mille on registreerinud valla või linna valimiskomisjon. Kui selles valimisringkonnas ühelgi erakonnal või valimisliidul rohkem asendusliikmeid ei ole, saab volikogu liikmeks selles valimisringkonnas valimata jäänud kandidaatidest kõige rohkem hääli saanud kandidaat.",true,inForce,2016-07-01,,estleg:KOKS_Par_20_v121062016003
estleg:KOKS_Par_20_Lg_8_1,estleg:KOKS_Map,§ 20.,8¹,"(8¹) Kui Tallinnas ei ole valimisringkonnas samal erakonnal või valimisliidul rohkem asendusliikmeks registreeritud kandidaate, on asendusliikmeks sama erakonna või valimisliidu ülelinnalises nimekirjas kandideerinud esimene asendusliikmeks registreeritud kandidaat. Kui erakonnal või valimisliidul ei ole ülelinnalises nimekirjas rohkem registreeritud asendusliikmeid, saab volikogu liikmeks asendusliige, kes on määratud ülelinnaliste nimekirjade vahel jaotatud lisamandaadi alusel.",true,inForce,2016-07-01,,estleg:KOKS_Par_20_v121062016003
estleg:KOKS_Par_20_Lg_9,estleg:KOKS_Map,§ 20.,9,"(9) Kui valimisringkonna kandidaatide koondnimekirjas on ainult üksikkandidaadid, on volikogu liikmeks esimene samas valimisringkonnas valimata jäänud üksikkandidaat. Kui esimene valimata jäänud üksikkandidaat loobub või tema volitused lõpevad või peatuvad, on volikogu liikmeks järgmine valimata jäänud üksikkandidaat.",true,inForce,2016-07-01,,estleg:KOKS_Par_20_v121062016003
estleg:KOKS_Par_21,estleg:KOKS_Map,§ 21.,,Kehtetu -,true,inForce,2011-07-01,,estleg:KOKS_Par_21_v118032011005
estleg:KOKS_Par_22,estleg:KOKS_Map,§ 22.,,"(1) Volikogu ainupädevusse kuulub järgmiste küsimuste otsustamine: valla- või linnaeelarve vastuvõtmine ja muutmine ning majandusaasta aruande kinnitamine ning audiitori määramine; kohalike maksude kehtestamine, muutmine ja kehtetuks tunnistamine; valla või linna eelarvesse laekuvate kohalike maksude puhul soodustuste andmise korra kehtestamine; koormiste määramine; toetuste andmise ja valla või linna eelarvest finantseeritavate teenuste osutamise korra kehtestamine; valla- või linnavara valitsemise korra kehtestamine; kinnisasja koormamine, kinnisasja koormava hoonestusõiguse võõrandamiseks loa andmine ja kinnisasja koormamine piiratud asjaõigusega kohaliku omavalitsuse üksuse finantsjuhtimise seaduse § 37 lõikes 3 nimetatud tingimustel; valla või linna arengukava ja eelarvestrateegia vastuvõtmine ning muutmine; laenude võtmine, võlakirjade emiteerimine, kapitalirendi- ja faktooringukohustuste võtmine, kohustuste võtmine kontsessioonikokkulepete alusel, kohaliku omavalitsuse üksuse finantsjuhtimise seaduse § 34 lõikes 7 nimetatud rendikohustuste võtmine, muude tulevikus raha väljamaksmist nõudvate pikaajaliste kohustuste võtmine ning piirmäära kehtestamine rahavoogude juhtimiseks võetavale laenule; kohaliku omavalitsuse üksuse finantsjuhtimise seaduse tähenduses sõltuvale üksusele laenude andmine ja nende võetavate kohustuste tagamine ning piirmäära kehtestamine rahavoogude juhtimiseks antavale laenule; valla või linna põhimääruse kinnitamine, muutmine ja kehtetuks tunnistamine; haldusterritoriaalse korralduse ning haldusüksuse piiride ja nime muutmise algatamine, otsustamine, taotlemine ja nende kohta arvamuse andmine; haldusterritoriaalse korralduse muutmisel vastuvõetud ühinemislepingu ja ühinemiskokkuleppe muutmine; osavalla ja linnaosa moodustamine ja lõpetamine, tema pädevuse kindlaksmääramine ja põhimääruse kinnitamine; volikogu järgmise koosseisu liikmete arvu määramine; valimisringkondade arvu, piiride ja ühtse numeratsiooni ning igas valimisringkonnas man",true,inForce,2026-01-17,,estleg:KOKS_Par_22_v107012026022
estleg:KOKS_Par_22_Lg_1,estleg:KOKS_Map,§ 22.,1,"(1) Volikogu ainupädevusse kuulub järgmiste küsimuste otsustamine: valla- või linnaeelarve vastuvõtmine ja muutmine ning majandusaasta aruande kinnitamine ning audiitori määramine; kohalike maksude kehtestamine, muutmine ja kehtetuks tunnistamine; valla või linna eelarvesse laekuvate kohalike maksude puhul soodustuste andmise korra kehtestamine; koormiste määramine; toetuste andmise ja valla või linna eelarvest finantseeritavate teenuste osutamise korra kehtestamine; valla- või linnavara valitsemise korra kehtestamine; kinnisasja koormamine, kinnisasja koormava hoonestusõiguse võõrandamiseks loa andmine ja kinnisasja koormamine piiratud asjaõigusega kohaliku omavalitsuse üksuse finantsjuhtimise seaduse § 37 lõikes 3 nimetatud tingimustel; valla või linna arengukava ja eelarvestrateegia vastuvõtmine ning muutmine; laenude võtmine, võlakirjade emiteerimine, kapitalirendi- ja faktooringukohustuste võtmine, kohustuste võtmine kontsessioonikokkulepete alusel, kohaliku omavalitsuse üksuse finantsjuhtimise seaduse § 34 lõikes 7 nimetatud rendikohustuste võtmine, muude tulevikus raha väljamaksmist nõudvate pikaajaliste kohustuste võtmine ning piirmäära kehtestamine rahavoogude juhtimiseks võetavale laenule; kohaliku omavalitsuse üksuse finantsjuhtimise seaduse tähenduses sõltuvale üksusele laenude andmine ja nende võetavate kohustuste tagamine ning piirmäära kehtestamine rahavoogude juhtimiseks antavale laenule; valla või linna põhimääruse kinnitamine, muutmine ja kehtetuks tunnistamine; haldusterritoriaalse korralduse ning haldusüksuse piiride ja nime muutmise algatamine, otsustamine, taotlemine ja nende kohta arvamuse andmine; haldusterritoriaalse korralduse muutmisel vastuvõetud ühinemislepingu ja ühinemiskokkuleppe muutmine; osavalla ja linnaosa moodustamine ja lõpetamine, tema pädevuse kindlaksmääramine ja põhimääruse kinnitamine; volikogu järgmise koosseisu liikmete arvu määramine; valimisringkondade arvu, piiride ja ühtse numeratsiooni ning igas valimisringkonnas man",true,inForce,2026-01-17,,estleg:KOKS_Par_22_v107012026022
estleg:KOKS_Par_22_Lg_2,estleg:KOKS_Map,§ 22.,2,"(2) Õigusaktiga kohaliku omavalitsuse, kohaliku omavalitsuse üksuse või kohaliku omavalitsuse organi pädevusse antud küsimused otsustab omavalitsusüksuse nimel volikogu, kes võib nende küsimuste lahendamise volitada valla- või linnavalitsusele või volikogu poolt määratud osavalla või linnaosa esinduskogule, ametiasutusele, asutuse struktuuriüksusele või ametnikule.",true,inForce,2026-01-17,,estleg:KOKS_Par_22_v107012026022
estleg:KOKS_Par_22_Lg_3,estleg:KOKS_Map,§ 22.,3,(3) Kohaliku omavalitsuse volikogu võib delegeerida valla- või linnavalitsusele muudatuste tegemise ametiasutuse struktuuris ja teenistuskohtade koosseisus volikogu kehtestatud palgafondi piires.,true,inForce,2026-01-17,,estleg:KOKS_Par_22_v107012026022
estleg:KOKS_Par_23,estleg:KOKS_Map,§ 23.,,"(1) Volikogu õigusaktid avalikustatakse valla või linna põhimääruses sätestatud korras. Volikogu määrus avaldatakse Riigi Teatajas ja jõustub kolmandal päeval pärast avaldamist, kui määruses ei ole sätestatud hilisemat tähtpäeva. (2) Määruses ei saa kehtestada tagasiulatuvalt sätteid, mis toovad kaasa isikute kohustuste ja vastutuse suurenemise. (3) Volikogu otsus jõustub teatavakstegemisest. (4) Volikogu määrustele ja otsustele kirjutab alla volikogu esimees või tema asendaja. (5) Volikogu määrused ja otsused ning istungite protokollid peavad olema seaduses ja valla või linna põhimääruses sätestatud korras kättesaadavad kõigile isikutele. (6) Kehtetu - (7) Volikogu määrused ja otsused ning istungite protokollid vormistatakse eesti keeles. Omavalitsusüksustes, mille püsielanike enamiku keel ei ole eesti keel, võidakse volikogu istungite protokollid lisaks eesti keelele vormistada ka selle omavalitsusüksuse püsielanike enamiku moodustava vähemusrahvuse keeles.",true,inForce,2013-01-01,,estleg:KOKS_Par_23_v128122012005
estleg:KOKS_Par_23_Lg_1,estleg:KOKS_Map,§ 23.,1,"(1) Volikogu õigusaktid avalikustatakse valla või linna põhimääruses sätestatud korras. Volikogu määrus avaldatakse Riigi Teatajas ja jõustub kolmandal päeval pärast avaldamist, kui määruses ei ole sätestatud hilisemat tähtpäeva.",true,inForce,2013-01-01,,estleg:KOKS_Par_23_v128122012005
estleg:KOKS_Par_23_Lg_2,estleg:KOKS_Map,§ 23.,2,"(2) Määruses ei saa kehtestada tagasiulatuvalt sätteid, mis toovad kaasa isikute kohustuste ja vastutuse suurenemise.",true,inForce,2013-01-01,,estleg:KOKS_Par_23_v128122012005
estleg:KOKS_Par_23_Lg_3,estleg:KOKS_Map,§ 23.,3,(3) Volikogu otsus jõustub teatavakstegemisest.,true,inForce,2013-01-01,,estleg:KOKS_Par_23_v128122012005
estleg:KOKS_Par_23_Lg_4,estleg:KOKS_Map,§ 23.,4,(4) Volikogu määrustele ja otsustele kirjutab alla volikogu esimees või tema asendaja.,true,inForce,2013-01-01,,estleg:KOKS_Par_23_v128122012005
estleg:KOKS_Par_23_Lg_5,estleg:KOKS_Map,§ 23.,5,(5) Volikogu määrused ja otsused ning istungite protokollid peavad olema seaduses ja valla või linna põhimääruses sätestatud korras kättesaadavad kõigile isikutele.,true,inForce,2013-01-01,,estleg:KOKS_Par_23_v128122012005
estleg:KOKS_Par_23_Lg_6,estleg:KOKS_Map,§ 23.,6,(6) Kehtetu -,true,inForce,2013-01-01,,estleg:KOKS_Par_23_v128122012005
estleg:KOKS_Par_23_Lg_7,estleg:KOKS_Map,§ 23.,7,"(7) Volikogu määrused ja otsused ning istungite protokollid vormistatakse eesti keeles. Omavalitsusüksustes, mille püsielanike enamiku keel ei ole eesti keel, võidakse volikogu istungite protokollid lisaks eesti keelele vormistada ka selle omavalitsusüksuse püsielanike enamiku moodustava vähemusrahvuse keeles.",true,inForce,2013-01-01,,estleg:KOKS_Par_23_v128122012005
estleg:KOKS_Par_24,estleg:KOKS_Map,§ 24.,,Seaduste ja volikogu määruste ning otsuste ja valla- või linnavalitsuse määruste ning korralduste täitmist kontrollivad seaduses ja valla või linna põhimääruses sätestatud korras volikogu ja valitsus.,true,inForce,2002-06-01,,estleg:KOKS_Par_24_v22250
estleg:KOKS_Par_24_Lg_1,estleg:KOKS_Map,§ 24.,,Seaduste ja volikogu määruste ning otsuste ja valla- või linnavalitsuse määruste ning korralduste täitmist kontrollivad seaduses ja valla või linna põhimääruses sätestatud korras volikogu ja valitsus.,true,inForce,2002-06-01,,estleg:KOKS_Par_24_v22250
estleg:KOKS_Par_25,estleg:KOKS_Map,§ 25.,,Tööandja on kohustatud võimaldama volikogu liikmel osa võtta volikogu istungitest ja tema komisjonide koosolekutest ning täita volikogu antud ülesandeid.,true,inForce,2002-06-01,,estleg:KOKS_Par_25_v22250
estleg:KOKS_Par_25_Lg_1,estleg:KOKS_Map,§ 25.,,Tööandja on kohustatud võimaldama volikogu liikmel osa võtta volikogu istungitest ja tema komisjonide koosolekutest ning täita volikogu antud ülesandeid.,true,inForce,2002-06-01,,estleg:KOKS_Par_25_v22250
estleg:KOKS_Par_26,estleg:KOKS_Map,§ 26.,,"(1) Volikogu liikmel on õigus saada volikogu ja valitsuse õigusakte, dokumente ja muud teavet, välja arvatud andmed, mille väljastamine on seadusega keelatud. (2) Volikogu liikmel on õigus saada oma kirjalikule küsimusele vastus valla- või linnavalitsuselt või valla või linna ametiasutuselt 10 tööpäeva jooksul küsimuse esitamisest arvates. Märgukirjale ja selgitustaotlusele vastamise seaduse § 5 lõige 9 käesolevas sättes ettenähtule ei laiene.",true,inForce,2004-12-10,,estleg:KOKS_Par_26_v822624
estleg:KOKS_Par_26_Lg_1,estleg:KOKS_Map,§ 26.,1,"(1) Volikogu liikmel on õigus saada volikogu ja valitsuse õigusakte, dokumente ja muud teavet, välja arvatud andmed, mille väljastamine on seadusega keelatud.",true,inForce,2004-12-10,,estleg:KOKS_Par_26_v822624
estleg:KOKS_Par_26_Lg_2,estleg:KOKS_Map,§ 26.,2,(2) Volikogu liikmel on õigus saada oma kirjalikule küsimusele vastus valla- või linnavalitsuselt või valla või linna ametiasutuselt 10 tööpäeva jooksul küsimuse esitamisest arvates. Märgukirjale ja selgitustaotlusele vastamise seaduse § 5 lõige 9 käesolevas sättes ettenähtule ei laiene.,true,inForce,2004-12-10,,estleg:KOKS_Par_26_v822624
estleg:KOKS_Par_27,estleg:KOKS_Map,§ 27.,,Vallavanema või linnapea valib volikogu käesolevas seaduses ja valla või linna põhimääruses sätestatud tingimustel ja korras kuni neljaks aastaks.,true,inForce,2006-07-08,,estleg:KOKS_Par_27_v1042862
estleg:KOKS_Par_27_Lg_1,estleg:KOKS_Map,§ 27.,,Vallavanema või linnapea valib volikogu käesolevas seaduses ja valla või linna põhimääruses sätestatud tingimustel ja korras kuni neljaks aastaks.,true,inForce,2006-07-08,,estleg:KOKS_Par_27_v1042862
estleg:KOKS_Par_28,estleg:KOKS_Map,§ 28.,,(1) Vallavanemal või linnapeal on valituks osutumise päevast volitus moodustada valitsus. (2) Valitsuse moodustamise üksikasjalik kord sätestatakse valla või linna põhimääruses. (3) Seaduses ja valla või linna põhimääruses ettenähtud volitused saab vallavanem või linnapea valitsuse ametisse kinnitamise päevast.,true,inForce,2002-06-01,,estleg:KOKS_Par_28_v22250
estleg:KOKS_Par_28_Lg_1,estleg:KOKS_Map,§ 28.,1,(1) Vallavanemal või linnapeal on valituks osutumise päevast volitus moodustada valitsus.,true,inForce,2002-06-01,,estleg:KOKS_Par_28_v22250
estleg:KOKS_Par_28_Lg_2,estleg:KOKS_Map,§ 28.,2,(2) Valitsuse moodustamise üksikasjalik kord sätestatakse valla või linna põhimääruses.,true,inForce,2002-06-01,,estleg:KOKS_Par_28_v22250
estleg:KOKS_Par_28_Lg_3,estleg:KOKS_Map,§ 28.,3,(3) Seaduses ja valla või linna põhimääruses ettenähtud volitused saab vallavanem või linnapea valitsuse ametisse kinnitamise päevast.,true,inForce,2002-06-01,,estleg:KOKS_Par_28_v22250
estleg:KOKS_Par_29,estleg:KOKS_Map,§ 29.,,(1) Valla- või linnavalitsus saab oma volitused volikogu poolt valitsuse ametisse kinnitamise päevast. (2) Valitsus esitab lahkumispalve volikogu uue koosseisu esimesel istungil. (3) Pärast lahkumispalve esitamist täidab valla- või linnavalitsus oma ülesandeid ja tema volitused kehtivad kuni uue valitsuse ametisse kinnitamiseni. (4) Kehtetu -,true,inForce,2011-07-01,,estleg:KOKS_Par_29_v118032011005
estleg:KOKS_Par_29_Lg_1,estleg:KOKS_Map,§ 29.,1,(1) Valla- või linnavalitsus saab oma volitused volikogu poolt valitsuse ametisse kinnitamise päevast.,true,inForce,2011-07-01,,estleg:KOKS_Par_29_v118032011005
estleg:KOKS_Par_29_Lg_2,estleg:KOKS_Map,§ 29.,2,(2) Valitsus esitab lahkumispalve volikogu uue koosseisu esimesel istungil.,true,inForce,2011-07-01,,estleg:KOKS_Par_29_v118032011005
estleg:KOKS_Par_29_Lg_3,estleg:KOKS_Map,§ 29.,3,(3) Pärast lahkumispalve esitamist täidab valla- või linnavalitsus oma ülesandeid ja tema volitused kehtivad kuni uue valitsuse ametisse kinnitamiseni.,true,inForce,2011-07-01,,estleg:KOKS_Par_29_v118032011005
estleg:KOKS_Par_29_Lg_4,estleg:KOKS_Map,§ 29.,4,(4) Kehtetu -,true,inForce,2011-07-01,,estleg:KOKS_Par_29_v118032011005
estleg:KOKS_Par_2_Lg_1,estleg:KOKS_Map,§ 2.,1,"(1) Kohalik omavalitsus on põhiseaduses sätestatud omavalitsusüksuse – valla või linna – demokraatlikult moodustatud võimuorganite õigus, võime ja kohustus seaduste alusel iseseisvalt korraldada ja juhtida kohalikku elu, lähtudes valla- või linnaelanike õigustatud vajadustest ja huvidest ning arvestades valla või linna arengu iseärasusi.",true,inForce,2011-07-01,,estleg:KOKS_Par_2_v118032011005
estleg:KOKS_Par_2_Lg_2,estleg:KOKS_Map,§ 2.,2,"(2) Kohalik omavalitsus: rajaneb riigi territooriumi haldusjaotusel; teostub demokraatlikult moodustatud esindus- ja võimuorganite kaudu, samuti kohaliku elu küsimustes rahvaküsitluse või rahvaalgatuse teel.",true,inForce,2011-07-01,,estleg:KOKS_Par_2_v118032011005
estleg:KOKS_Par_3,estleg:KOKS_Map,§ 3.,,Kohalik omavalitsus rajaneb järgmistel põhimõtetel: kohaliku elu küsimuste iseseisev ja lõplik otsustamine ja korraldamine; igaühe seaduslike õiguste ja vabaduste kohustuslik tagamine vallas ja linnas; seaduste järgimine oma ülesannete ja kohustuste täitmisel; valla- ja linnaelanike õigus osaleda kohaliku omavalitsuse teostamisel; vastutus oma ülesannete täitmise eest; tegevuse avalikkus; avalike teenuste osutamine soodsaimatel tingimustel.,true,inForce,2002-06-01,,estleg:KOKS_Par_3_v22250
estleg:KOKS_Par_30,estleg:KOKS_Map,§ 30.,,"(1) Valla- või linnavalitsus: valmistab ette volikogus arutamisele tulevaid küsimusi, lähtudes valitsuse seisukohtadest või volikogu otsustest; lahendab ja korraldab kohaliku elu küsimusi, mis volikogu määruste või otsustega või valla või linna põhimäärusega on pandud täitmiseks valitsusele; lahendab ja korraldab kohaliku elu küsimusi, mis ei kuulu volikogu pädevusse; lahendab küsimusi, mis on käesoleva seaduse § 22 lõike 2 alusel delegeeritud valitsusele, või volitab nende küsimuste lahendamise valla või linna ametiasutusele, ametiasutuse struktuuriüksusele või ametnikule täitmiseks. kehtetu - (2) Valitsus võib taotleda volikogu ees volikogu poolt vastuvõetud määruse või otsuse uuesti läbivaatamist. (3) Valla- või linnavalitsus kehtestab oma korraldusega valla või linna asutuse poolt osutatavate teenuste hinnad, arvestades seejuures haldusmenetluse seaduse § 5 lõikes 3 sätestatut. (4) Käesoleva paragrahvi lõikes 3 nimetatud juhul võib linnavalitsus volitada linna ametiasutust, mis teostab avalikku võimu, kehtestama nende teenuste hinnad, mida osutab linna ametiasutuse hallatav asutus, mis ei teosta avalikku võimu. Volituse andmisel linna ametiasutusele, mis teostab avalikku võimu, on korralduse andmise õigus selle ametiasutuse juhil.",true,inForce,2018-01-01,,estleg:KOKS_Par_30_v104072017022
estleg:KOKS_Par_30_Lg_1,estleg:KOKS_Map,§ 30.,1,"(1) Valla- või linnavalitsus: valmistab ette volikogus arutamisele tulevaid küsimusi, lähtudes valitsuse seisukohtadest või volikogu otsustest; lahendab ja korraldab kohaliku elu küsimusi, mis volikogu määruste või otsustega või valla või linna põhimäärusega on pandud täitmiseks valitsusele; lahendab ja korraldab kohaliku elu küsimusi, mis ei kuulu volikogu pädevusse; lahendab küsimusi, mis on käesoleva seaduse § 22 lõike 2 alusel delegeeritud valitsusele, või volitab nende küsimuste lahendamise valla või linna ametiasutusele, ametiasutuse struktuuriüksusele või ametnikule täitmiseks. kehtetu -",true,inForce,2018-01-01,,estleg:KOKS_Par_30_v104072017022
estleg:KOKS_Par_30_Lg_2,estleg:KOKS_Map,§ 30.,2,(2) Valitsus võib taotleda volikogu ees volikogu poolt vastuvõetud määruse või otsuse uuesti läbivaatamist.,true,inForce,2018-01-01,,estleg:KOKS_Par_30_v104072017022
estleg:KOKS_Par_30_Lg_3,estleg:KOKS_Map,§ 30.,3,"(3) Valla- või linnavalitsus kehtestab oma korraldusega valla või linna asutuse poolt osutatavate teenuste hinnad, arvestades seejuures haldusmenetluse seaduse § 5 lõikes 3 sätestatut.",true,inForce,2018-01-01,,estleg:KOKS_Par_30_v104072017022
estleg:KOKS_Par_30_Lg_4,estleg:KOKS_Map,§ 30.,4,"(4) Käesoleva paragrahvi lõikes 3 nimetatud juhul võib linnavalitsus volitada linna ametiasutust, mis teostab avalikku võimu, kehtestama nende teenuste hinnad, mida osutab linna ametiasutuse hallatav asutus, mis ei teosta avalikku võimu. Volituse andmisel linna ametiasutusele, mis teostab avalikku võimu, on korralduse andmise õigus selle ametiasutuse juhil.",true,inForce,2018-01-01,,estleg:KOKS_Par_30_v104072017022
estleg:KOKS_Par_31,estleg:KOKS_Map,§ 31.,,"(1) Valla- ja linnavalitsuse õigusaktid avalikustatakse ning need peavad olema kättesaadavad kõigile isikutele seaduses ja valla või linna põhimääruses sätestatud korras. Valitsuse määrus avaldatakse Riigi Teatajas. (2) Ei avalikustata andmeid, mille väljastamine on seadusega keelatud või mõeldud üksnes valla või linna ametiasutuse siseseks kasutamiseks. (3) Valla- ja linnavalitsuse määrused ja korraldused vormistatakse ja avalikustatakse eesti keeles. (4) Määrus jõustub kolmandal päeval pärast avalikustamist, kui määruses eneses ei ole sätestatud hilisemat tähtpäeva. (5) Valitsuse korraldus jõustub teatavakstegemisest, kui korralduses eneses ei sätestata hilisemat tähtpäeva. (6) Määrustele ja teistele valitsuse dokumentidele kirjutab alla vallavanem või linnapea ja valla- või linnasekretär.",true,inForce,2013-01-01,,estleg:KOKS_Par_31_v128122012005
estleg:KOKS_Par_31_1,estleg:KOKS_Map,§ 31¹.,,"(1) Valla või linna ametiasutusel ja ametiasutuse hallataval asutusel on õigus teenuste arendamise ja innovatsiooni edendamise eesmärgil teha rahulolu- ja tagasisideküsitlusi ning kaasata valla- ja linnaelanikke andmepõhise kohaliku poliitika kujundamisse, sealhulgas arengudokumentide ja õigusaktide koostamisse ning nende mõju hindamisse. Küsitluste korraldamiseks ja elanike kaasamise tarvis valimi moodustamiseks ning valimisse kuuluvate isikutega kontakteerumiseks on valla või linna ametiasutusel ja ametiasutuse hallataval asutusel õigus teha päringuid rahvastikuregistrisse isikute ees- ja perekonnanime, isikukoodi, elukoha- ja kontaktandmete ning emakeele andmete saamiseks. (2) Küsitlusele vastamine või kaasamisprojektis osalemine on isikule vabatahtlik. Küsitluse või kaasamise käigus saadud isikuandmeid töödeldakse isiku nõusoleku alusel. (3) Valla või linna ametiasutusel ja ametiasutuse hallataval asutusel on õigus teha poliitika kujundamiseks analüüse ja uuringuid. Kui analüüsi või uuringu tegemiseks on vaja saada teise vastutava või volitatud töötleja andmekogudest isikuandmeid, sealhulgas pseudonüümitud andmeid, siis hindab Andmekaitse Inspektsioon enne andmekogu vastutavale töötlejale taotluse esitamist avaliku huvi olemasolu, andmete töötlemise eesmärki, andmekoosseisu minimaalsust ja andmete säilitamise vajadust. Andmekogust isikuandmete väljastamise otsustab andmekogu vastutav töötleja, võttes arvesse Andmekaitse Inspektsiooni hinnangut.",true,inForce,2026-02-20,,estleg:KOKS_Par_31_1_v110022026012
estleg:KOKS_Par_31_1_Lg_1,estleg:KOKS_Map,§ 31¹.,1,"(1) Valla või linna ametiasutusel ja ametiasutuse hallataval asutusel on õigus teenuste arendamise ja innovatsiooni edendamise eesmärgil teha rahulolu- ja tagasisideküsitlusi ning kaasata valla- ja linnaelanikke andmepõhise kohaliku poliitika kujundamisse, sealhulgas arengudokumentide ja õigusaktide koostamisse ning nende mõju hindamisse. Küsitluste korraldamiseks ja elanike kaasamise tarvis valimi moodustamiseks ning valimisse kuuluvate isikutega kontakteerumiseks on valla või linna ametiasutusel ja ametiasutuse hallataval asutusel õigus teha päringuid rahvastikuregistrisse isikute ees- ja perekonnanime, isikukoodi, elukoha- ja kontaktandmete ning emakeele andmete saamiseks.",true,inForce,2026-02-20,,estleg:KOKS_Par_31_1_v110022026012
estleg:KOKS_Par_31_1_Lg_2,estleg:KOKS_Map,§ 31¹.,2,(2) Küsitlusele vastamine või kaasamisprojektis osalemine on isikule vabatahtlik. Küsitluse või kaasamise käigus saadud isikuandmeid töödeldakse isiku nõusoleku alusel.,true,inForce,2026-02-20,,estleg:KOKS_Par_31_1_v110022026012
estleg:KOKS_Par_31_1_Lg_3,estleg:KOKS_Map,§ 31¹.,3,"(3) Valla või linna ametiasutusel ja ametiasutuse hallataval asutusel on õigus teha poliitika kujundamiseks analüüse ja uuringuid. Kui analüüsi või uuringu tegemiseks on vaja saada teise vastutava või volitatud töötleja andmekogudest isikuandmeid, sealhulgas pseudonüümitud andmeid, siis hindab Andmekaitse Inspektsioon enne andmekogu vastutavale töötlejale taotluse esitamist avaliku huvi olemasolu, andmete töötlemise eesmärki, andmekoosseisu minimaalsust ja andmete säilitamise vajadust. Andmekogust isikuandmete väljastamise otsustab andmekogu vastutav töötleja, võttes arvesse Andmekaitse Inspektsiooni hinnangut.",true,inForce,2026-02-20,,estleg:KOKS_Par_31_1_v110022026012
estleg:KOKS_Par_31_2,estleg:KOKS_Map,§ 31².,,"Käesolevast seadusest ja teistest seadustest tulenevate valla- ja linnaelanike kaasamis- ja osalemisõiguste kontrollimiseks on omavalitsusüksusel õigus saada rahvastikuregistrist isiku ees- ja perekonnanime, isikukoodi, elukohaandmeid ning andmeid isiku valimisõiguse osas teovõimetuks tunnistamise kohta. Isiku puhul, kes ei ole Eesti ega muu Euroopa Liidu liikmesriigi kodanik, on omavalitsusüksusel õigus saada ka andmeid isiku Eesti pikaajalise elaniku elamisloa või alalise elamisõiguse kohta. Omavalitsusüksusel on õigus saada kinnipeetavate, vahistatute, arestialuste ja kriminaalhooldusaluste andmekogust käesoleva seaduse § 32 lõikes 11 nimetatud andmeid valla- ja linnaelaniku karistuse kandmise kohta kinnipidamiskohas.",true,inForce,2026-02-20,,estleg:KOKS_Par_31_2_v110022026012
estleg:KOKS_Par_31_2_Lg_1,estleg:KOKS_Map,§ 31².,,"Käesolevast seadusest ja teistest seadustest tulenevate valla- ja linnaelanike kaasamis- ja osalemisõiguste kontrollimiseks on omavalitsusüksusel õigus saada rahvastikuregistrist isiku ees- ja perekonnanime, isikukoodi, elukohaandmeid ning andmeid isiku valimisõiguse osas teovõimetuks tunnistamise kohta. Isiku puhul, kes ei ole Eesti ega muu Euroopa Liidu liikmesriigi kodanik, on omavalitsusüksusel õigus saada ka andmeid isiku Eesti pikaajalise elaniku elamisloa või alalise elamisõiguse kohta. Omavalitsusüksusel on õigus saada kinnipeetavate, vahistatute, arestialuste ja kriminaalhooldusaluste andmekogust käesoleva seaduse § 32 lõikes 11 nimetatud andmeid valla- ja linnaelaniku karistuse kandmise kohta kinnipidamiskohas.",true,inForce,2026-02-20,,estleg:KOKS_Par_31_2_v110022026012
estleg:KOKS_Par_31_Lg_1,estleg:KOKS_Map,§ 31.,1,(1) Valla- ja linnavalitsuse õigusaktid avalikustatakse ning need peavad olema kättesaadavad kõigile isikutele seaduses ja valla või linna põhimääruses sätestatud korras. Valitsuse määrus avaldatakse Riigi Teatajas.,true,inForce,2013-01-01,,estleg:KOKS_Par_31_v128122012005
estleg:KOKS_Par_31_Lg_2,estleg:KOKS_Map,§ 31.,2,"(2) Ei avalikustata andmeid, mille väljastamine on seadusega keelatud või mõeldud üksnes valla või linna ametiasutuse siseseks kasutamiseks.",true,inForce,2013-01-01,,estleg:KOKS_Par_31_v128122012005
estleg:KOKS_Par_31_Lg_3,estleg:KOKS_Map,§ 31.,3,(3) Valla- ja linnavalitsuse määrused ja korraldused vormistatakse ja avalikustatakse eesti keeles.,true,inForce,2013-01-01,,estleg:KOKS_Par_31_v128122012005
estleg:KOKS_Par_31_Lg_4,estleg:KOKS_Map,§ 31.,4,"(4) Määrus jõustub kolmandal päeval pärast avalikustamist, kui määruses eneses ei ole sätestatud hilisemat tähtpäeva.",true,inForce,2013-01-01,,estleg:KOKS_Par_31_v128122012005
estleg:KOKS_Par_31_Lg_5,estleg:KOKS_Map,§ 31.,5,"(5) Valitsuse korraldus jõustub teatavakstegemisest, kui korralduses eneses ei sätestata hilisemat tähtpäeva.",true,inForce,2013-01-01,,estleg:KOKS_Par_31_v128122012005
estleg:KOKS_Par_31_Lg_6,estleg:KOKS_Map,§ 31.,6,(6) Määrustele ja teistele valitsuse dokumentidele kirjutab alla vallavanem või linnapea ja valla- või linnasekretär.,true,inForce,2013-01-01,,estleg:KOKS_Par_31_v128122012005
estleg:KOKS_Par_32,estleg:KOKS_Map,§ 32.,,"(1) Vähemalt ühel protsendil valla- või linnaelanikest, kuid mitte vähem kui viiel vähemalt 16-aastasel valla- või linnaelanikul on õigus esitada rahvaalgatusi kohaliku elu küsimustes volikogu või valitsuse õigusaktide vastuvõtmiseks, muutmiseks või kehtetuks tunnistamiseks või muude kohaliku elu küsimuste lahendamiseks (edaspidi käesolevas paragrahvis algatus). (1¹) Valla- või linnaelanikuks käesoleva paragrahvi ja käesoleva seaduse § 321 tähenduses loetakse asjaomase omavalitsusüksuse territooriumil elav vähemalt 16-aastane isik, kelle rahvastikuregistrijärgne elukoha aadress asub selles vallas või linnas ning keda ei ole valimisõiguse osas teovõimetuks tunnistatud ja kes ei kanna kohtu poolt kuriteos süüdi mõistetuna karistust kinnipidamiskohas. Valla- või linnaelanikuks loetakse lisaks Eesti kodanikule ja Euroopa Liidu kodanikule välismaalane ehk isik, kes ei ole Eesti ega muu Euroopa Liidu liikmesriigi kodanik, kuid kes vastab eeltoodud nõuetele ning elab Eestis pikaajalise elaniku elamisloa või alalise elamisõiguse alusel. (2) Algatus esitatakse valitsusele kirjalikult ja sellele lisatakse algatusele toetusallkirja andnud valla- või linnaelanike nimekiri koos isikukoodidega. Algatuses tuleb märkida, kes on algatuse esitajate esindaja. Algatuses esitatud ettepanekut tuleb põhjendada. Esitatud algatused avalikustatakse. (2¹) Algatus võetakse arutusele ja sellega seotud edasistest tegevustest informeeritakse algatuse esitajate esindajat kolme kuu jooksul algatuse esitamisest arvates. Kui algatatud küsimus kuulub volikogu pädevusse, esitab valitsus selle koos oma seisukohaga ühe kuu jooksul algatuse esitamisest arvates volikogule lahendamiseks. Algatuse menetlemise kolmekuulist tähtaega võib mõjuval põhjusel pikendada kuni kolme kuu võrra, teavitades uuest tähtajast ja menetluse pikendamise põhjustest algatuse esitajate esindajat. (2²) Kui käesoleva paragrahvi lõigetes 1 ja 2 sätestatud tingimustele vastavas algatuses taotletakse haldusüksuse piiride muutmist terr",true,inForce,2026-02-20,,estleg:KOKS_Par_32_v110022026012
estleg:KOKS_Par_32_1,estleg:KOKS_Map,§ 32¹.,,"(1) Volikogu võib otsustada korraldada omavalitsusüksuse pädevusse kuuluvas olulises kohaliku elu küsimuses selle omavalitsusüksuse territooriumil või territooriumiosal rahvaküsitluse. Rahvaküsitluse valla- või linnaelanike arvamuse väljaselgitamiseks võib korraldada volikogu või elanike algatusel. (2) Vähemalt kümnel protsendil valla- või linnaelanikest käesoleva seaduse § 32 lõike 11 tähenduses, kuid mitte vähem kui 20 elanikul on õigus esitada valitsusele olulises kohaliku elu küsimuses rahvaküsitluse korraldamiseks algatus. (3) Rahvaküsitlust ei saa korraldada elanike algatusel valla või linna eelarve, välja arvatud kaasav eelarve, maksude ja seadusest tulenevate hüvitiste ning avalik-õiguslike tasude, valla või linna ameti- või töökohtadele värbamise, palkade ja muude teenistussuhetega seonduvate ning seadusega vastuolus olevate küsimuste üle. (4) Rahvaküsitluse ettepaneku õiguspärasust ja kooskõla käesoleva paragrahvi lõigetes 2, 3 ja 8 sätestatud tingimustega hindab valitsus. Kui rahvaküsitluse korraldamise ettepanek ei vasta nimetatud tingimustele, esitatakse rahvaküsitluse ettepaneku esitajate esindajale asjakohased põhjendused ja rahvaküsitluse menetlus lõpetatakse. (5) Käesoleva seaduse § 32 alusel kohaliku rahvaalgatusena esitatud ettepanekut rahvaküsitlusele pannes on volikogul õigus sõnastada elanike arvamuse väljaselgitamiseks täpne küsimus. (6) Rahvaküsitlusele esitatava küsimuse keeleliselt või normitehniliselt omavalitsusüksuse täpsustatud sõnastus tuleb kokku leppida rahvaküsitluse ettepaneku esitajate esindajaga. (7) Rahvaküsitlus korraldatakse kuue kuu jooksul elanike algatusel rahvaküsitluse ettepaneku valitsusele esitamisest arvates. (8) Rahvaküsitlusel saavad osaleda kõik rahvastikuregistri andmetel selle omavalitsusüksuse territooriumil või territooriumiosal elavad valla- või linnaelanikud, kes vastavad käesoleva seaduse § 32 lõike 11 nõuetele. (9) Valitsus teavitab rahvaküsitluse korraldamisest ja tutvustab rahvaküsitluse menetlemist avalik",true,inForce,2026-02-20,,estleg:KOKS_Par_32_1_v110022026012
estleg:KOKS_Par_32_1_Lg_1,estleg:KOKS_Map,§ 32¹.,1,(1) Volikogu võib otsustada korraldada omavalitsusüksuse pädevusse kuuluvas olulises kohaliku elu küsimuses selle omavalitsusüksuse territooriumil või territooriumiosal rahvaküsitluse. Rahvaküsitluse valla- või linnaelanike arvamuse väljaselgitamiseks võib korraldada volikogu või elanike algatusel.,true,inForce,2026-02-20,,estleg:KOKS_Par_32_1_v110022026012
estleg:KOKS_Par_32_1_Lg_10,estleg:KOKS_Map,§ 32¹.,10,(10) Rahvaküsitluse tulemus on volikogule ja valitsusele nõuandva sisuga.,true,inForce,2026-02-20,,estleg:KOKS_Par_32_1_v110022026012
estleg:KOKS_Par_32_1_Lg_11,estleg:KOKS_Map,§ 32¹.,11,"(11) Rahvaküsitluse tulemuse kinnitamisel tuleb märkida rahvaküsitluse korraldamise aeg ja koht, haldusüksuse vähemalt 16-aastaste elanike arv ja küsitluses osalenud elanike arv ning küsitluse tulemused.",true,inForce,2026-02-20,,estleg:KOKS_Par_32_1_v110022026012
estleg:KOKS_Par_32_1_Lg_12,estleg:KOKS_Map,§ 32¹.,12,(12) Rahvaküsitluse tegemise täpsema korra kehtestab volikogu määrusega.,true,inForce,2026-02-20,,estleg:KOKS_Par_32_1_v110022026012
estleg:KOKS_Par_32_1_Lg_13,estleg:KOKS_Map,§ 32¹.,13,"(13) Rahvaküsitluse tulemuse alusel elanike soovitud muudatuste ja algatuste tegemine, kui see oli rahvaküsitlusel eelistatud lahendus, on vastavalt pädevusele volikogu või valitsuse otsustada. Valla või linna veebilehel tuleb kolme kuu jooksul rahvaküsitluse korraldamisest arvates teavitada, mida volikogu või valitsuse istungil rahvaküsitlusel eelistatud lahenduse elluviimise kohta on otsustatud.",true,inForce,2026-02-20,,estleg:KOKS_Par_32_1_v110022026012
estleg:KOKS_Par_32_1_Lg_14,estleg:KOKS_Map,§ 32¹.,14,"(14) Kui volikogu või valitsus rahvaküsitlusel eelistatud lahendust ei toeta, siis kantakse vastav põhjendus volikogu või valitsuse selle istungi protokolli, mille käigus arutati rahvaküsitluse tulemuste elluviimist.",true,inForce,2026-02-20,,estleg:KOKS_Par_32_1_v110022026012
estleg:KOKS_Par_32_1_Lg_2,estleg:KOKS_Map,§ 32¹.,2,"(2) Vähemalt kümnel protsendil valla- või linnaelanikest käesoleva seaduse § 32 lõike 11 tähenduses, kuid mitte vähem kui 20 elanikul on õigus esitada valitsusele olulises kohaliku elu küsimuses rahvaküsitluse korraldamiseks algatus.",true,inForce,2026-02-20,,estleg:KOKS_Par_32_1_v110022026012
estleg:KOKS_Par_32_1_Lg_3,estleg:KOKS_Map,§ 32¹.,3,"(3) Rahvaküsitlust ei saa korraldada elanike algatusel valla või linna eelarve, välja arvatud kaasav eelarve, maksude ja seadusest tulenevate hüvitiste ning avalik-õiguslike tasude, valla või linna ameti- või töökohtadele värbamise, palkade ja muude teenistussuhetega seonduvate ning seadusega vastuolus olevate küsimuste üle.",true,inForce,2026-02-20,,estleg:KOKS_Par_32_1_v110022026012
estleg:KOKS_Par_32_1_Lg_4,estleg:KOKS_Map,§ 32¹.,4,"(4) Rahvaküsitluse ettepaneku õiguspärasust ja kooskõla käesoleva paragrahvi lõigetes 2, 3 ja 8 sätestatud tingimustega hindab valitsus. Kui rahvaküsitluse korraldamise ettepanek ei vasta nimetatud tingimustele, esitatakse rahvaküsitluse ettepaneku esitajate esindajale asjakohased põhjendused ja rahvaküsitluse menetlus lõpetatakse.",true,inForce,2026-02-20,,estleg:KOKS_Par_32_1_v110022026012
estleg:KOKS_Par_32_1_Lg_5,estleg:KOKS_Map,§ 32¹.,5,(5) Käesoleva seaduse § 32 alusel kohaliku rahvaalgatusena esitatud ettepanekut rahvaküsitlusele pannes on volikogul õigus sõnastada elanike arvamuse väljaselgitamiseks täpne küsimus.,true,inForce,2026-02-20,,estleg:KOKS_Par_32_1_v110022026012
estleg:KOKS_Par_32_1_Lg_6,estleg:KOKS_Map,§ 32¹.,6,(6) Rahvaküsitlusele esitatava küsimuse keeleliselt või normitehniliselt omavalitsusüksuse täpsustatud sõnastus tuleb kokku leppida rahvaküsitluse ettepaneku esitajate esindajaga.,true,inForce,2026-02-20,,estleg:KOKS_Par_32_1_v110022026012
estleg:KOKS_Par_32_1_Lg_7,estleg:KOKS_Map,§ 32¹.,7,(7) Rahvaküsitlus korraldatakse kuue kuu jooksul elanike algatusel rahvaküsitluse ettepaneku valitsusele esitamisest arvates.,true,inForce,2026-02-20,,estleg:KOKS_Par_32_1_v110022026012
estleg:KOKS_Par_32_1_Lg_8,estleg:KOKS_Map,§ 32¹.,8,"(8) Rahvaküsitlusel saavad osaleda kõik rahvastikuregistri andmetel selle omavalitsusüksuse territooriumil või territooriumiosal elavad valla- või linnaelanikud, kes vastavad käesoleva seaduse § 32 lõike 11 nõuetele.",true,inForce,2026-02-20,,estleg:KOKS_Par_32_1_v110022026012
estleg:KOKS_Par_32_1_Lg_9,estleg:KOKS_Map,§ 32¹.,9,(9) Valitsus teavitab rahvaküsitluse korraldamisest ja tutvustab rahvaküsitluse menetlemist avalikkusele valla või linna veebilehel ning vähemalt kohaliku levikuga ajalehes.,true,inForce,2026-02-20,,estleg:KOKS_Par_32_1_v110022026012
estleg:KOKS_Par_32_Lg_1,estleg:KOKS_Map,§ 32.,1,"(1) Vähemalt ühel protsendil valla- või linnaelanikest, kuid mitte vähem kui viiel vähemalt 16-aastasel valla- või linnaelanikul on õigus esitada rahvaalgatusi kohaliku elu küsimustes volikogu või valitsuse õigusaktide vastuvõtmiseks, muutmiseks või kehtetuks tunnistamiseks või muude kohaliku elu küsimuste lahendamiseks (edaspidi käesolevas paragrahvis algatus).",true,inForce,2026-02-20,,estleg:KOKS_Par_32_v110022026012
estleg:KOKS_Par_32_Lg_1_1,estleg:KOKS_Map,§ 32.,1¹,"(1¹) Valla- või linnaelanikuks käesoleva paragrahvi ja käesoleva seaduse § 321 tähenduses loetakse asjaomase omavalitsusüksuse territooriumil elav vähemalt 16-aastane isik, kelle rahvastikuregistrijärgne elukoha aadress asub selles vallas või linnas ning keda ei ole valimisõiguse osas teovõimetuks tunnistatud ja kes ei kanna kohtu poolt kuriteos süüdi mõistetuna karistust kinnipidamiskohas. Valla- või linnaelanikuks loetakse lisaks Eesti kodanikule ja Euroopa Liidu kodanikule välismaalane ehk isik, kes ei ole Eesti ega muu Euroopa Liidu liikmesriigi kodanik, kuid kes vastab eeltoodud nõuetele ning elab Eestis pikaajalise elaniku elamisloa või alalise elamisõiguse alusel.",true,inForce,2026-02-20,,estleg:KOKS_Par_32_v110022026012
estleg:KOKS_Par_32_Lg_2,estleg:KOKS_Map,§ 32.,2,"(2) Algatus esitatakse valitsusele kirjalikult ja sellele lisatakse algatusele toetusallkirja andnud valla- või linnaelanike nimekiri koos isikukoodidega. Algatuses tuleb märkida, kes on algatuse esitajate esindaja. Algatuses esitatud ettepanekut tuleb põhjendada. Esitatud algatused avalikustatakse.",true,inForce,2026-02-20,,estleg:KOKS_Par_32_v110022026012
estleg:KOKS_Par_32_Lg_2_1,estleg:KOKS_Map,§ 32.,2¹,"(2¹) Algatus võetakse arutusele ja sellega seotud edasistest tegevustest informeeritakse algatuse esitajate esindajat kolme kuu jooksul algatuse esitamisest arvates. Kui algatatud küsimus kuulub volikogu pädevusse, esitab valitsus selle koos oma seisukohaga ühe kuu jooksul algatuse esitamisest arvates volikogule lahendamiseks. Algatuse menetlemise kolmekuulist tähtaega võib mõjuval põhjusel pikendada kuni kolme kuu võrra, teavitades uuest tähtajast ja menetluse pikendamise põhjustest algatuse esitajate esindajat.",true,inForce,2026-02-20,,estleg:KOKS_Par_32_v110022026012
estleg:KOKS_Par_32_Lg_2_2,estleg:KOKS_Map,§ 32.,2²,"(2²) Kui käesoleva paragrahvi lõigetes 1 ja 2 sätestatud tingimustele vastavas algatuses taotletakse haldusüksuse piiride muutmist territooriumiosa üleandmisega ühe haldusüksuse koosseisust teise koosseisu, korraldab valitsus enne haldusüksuse piiride muutmise eelnõu volikogule arutamiseks esitamist Eesti territooriumi haldusjaotuse seaduse § 7 lõikes 7 nimetatud elanike arvamuse väljaselgitamise asjaomasel territooriumiosal sama paragrahvi lõike 8 alusel kehtestatud korras.",true,inForce,2026-02-20,,estleg:KOKS_Par_32_v110022026012
estleg:KOKS_Par_32_Lg_2_3,estleg:KOKS_Map,§ 32.,2³,(2³) Käesoleva paragrahvi lõikes 22 sätestatud juhul esitab valitsus haldusüksuse piiride muutmise eelnõu koos elanike arvamuse küsitluse tulemustega ja oma seisukohaga volikogule arutamiseks kahe kuu jooksul algatuse esitamisest arvates. Volikogu võtab algatuse arutusele kahe kuu jooksul valitsuse poolt vastava eelnõu volikogule esitamisest arvates.,true,inForce,2026-02-20,,estleg:KOKS_Par_32_v110022026012
estleg:KOKS_Par_32_Lg_3,estleg:KOKS_Map,§ 32.,3,(3) Algatuses märgitud algatuse esitajate esindajal on õigus osaleda algatuse arutelus volikogus või valitsuses.,true,inForce,2026-02-20,,estleg:KOKS_Par_32_v110022026012
estleg:KOKS_Par_32_Lg_4,estleg:KOKS_Map,§ 32.,4,(4) Algatuse tagasilükkamist peab algatusel märgitud algatuse esitajate esindajale põhjendama ja põhjendus tuleb kanda volikogu või valitsuse istungi protokolli.,true,inForce,2026-02-20,,estleg:KOKS_Par_32_v110022026012
estleg:KOKS_Par_33,estleg:KOKS_Map,§ 33.,,"(1) Igaühel on õigus taotleda volikogult või valitsuselt nende poolt vastuvõetud õigusaktidesse muudatuste tegemist või nende tühistamist, kui nendega on seadusvastaselt kitsendatud tema õigusi. (2) Kehtetu -",true,inForce,2011-07-01,,estleg:KOKS_Par_33_v118032011005
estleg:KOKS_Par_33_Lg_1,estleg:KOKS_Map,§ 33.,1,"(1) Igaühel on õigus taotleda volikogult või valitsuselt nende poolt vastuvõetud õigusaktidesse muudatuste tegemist või nende tühistamist, kui nendega on seadusvastaselt kitsendatud tema õigusi.",true,inForce,2011-07-01,,estleg:KOKS_Par_33_v118032011005
estleg:KOKS_Par_33_Lg_2,estleg:KOKS_Map,§ 33.,2,(2) Kehtetu -,true,inForce,2011-07-01,,estleg:KOKS_Par_33_v118032011005
estleg:KOKS_Par_34,estleg:KOKS_Map,§ 34.,,"(1) Munitsipaalomand on vallale või linnale kuuluv vara. (2) Valla või linna vara valitsemise korra kehtestab volikogu. (3) Kohalik omavalitsus võib talle riigi poolt tasuta omandisse antud kinnisasja võõrandada juhul, kui kinnisasi ei ole enam vajalik või on muutunud kõlbmatuks kohaliku omavalitsusüksuse ülesannete täitmiseks. Riigi poolt tasuta antud kinnisasja võib võõrandada ainult kohaliku omavalitsuse volikogu poolt kehtestatud korras. (3¹) Enne käesoleva paragrahvi lõikes 3 nimetatud kinnisasja võõrandamist või sellele hoonestusõiguse seadmist selgitab omavalitsusüksus välja kinnisasja vajalikkuse riigile vastavalt riigivaraseaduse § 33 lõikele 11. (4) Kohalikul omavalitsusüksusel on ostueesõigus tema haldusterritooriumil asuva ehitise võõrandamisel eraõiguslike isikute poolt, kui seda ehitist on osaliselt või tervikuna enne võõrandamist vähemalt ühe aasta jooksul kasutatud haridus-, tervishoiu-, kultuuri- või kasvatusasutusena. Muus osas kohaldatakse ostueesõigusele asjaõigusseaduse sätteid.",true,inForce,2023-04-01,,estleg:KOKS_Par_34_v123022023005
estleg:KOKS_Par_34_Lg_1,estleg:KOKS_Map,§ 34.,1,(1) Munitsipaalomand on vallale või linnale kuuluv vara.,true,inForce,2023-04-01,,estleg:KOKS_Par_34_v123022023005
estleg:KOKS_Par_34_Lg_2,estleg:KOKS_Map,§ 34.,2,(2) Valla või linna vara valitsemise korra kehtestab volikogu.,true,inForce,2023-04-01,,estleg:KOKS_Par_34_v123022023005
estleg:KOKS_Par_34_Lg_3,estleg:KOKS_Map,§ 34.,3,"(3) Kohalik omavalitsus võib talle riigi poolt tasuta omandisse antud kinnisasja võõrandada juhul, kui kinnisasi ei ole enam vajalik või on muutunud kõlbmatuks kohaliku omavalitsusüksuse ülesannete täitmiseks. Riigi poolt tasuta antud kinnisasja võib võõrandada ainult kohaliku omavalitsuse volikogu poolt kehtestatud korras.",true,inForce,2023-04-01,,estleg:KOKS_Par_34_v123022023005
estleg:KOKS_Par_34_Lg_3_1,estleg:KOKS_Map,§ 34.,3¹,(3¹) Enne käesoleva paragrahvi lõikes 3 nimetatud kinnisasja võõrandamist või sellele hoonestusõiguse seadmist selgitab omavalitsusüksus välja kinnisasja vajalikkuse riigile vastavalt riigivaraseaduse § 33 lõikele 11.,true,inForce,2023-04-01,,estleg:KOKS_Par_34_v123022023005
estleg:KOKS_Par_34_Lg_4,estleg:KOKS_Map,§ 34.,4,"(4) Kohalikul omavalitsusüksusel on ostueesõigus tema haldusterritooriumil asuva ehitise võõrandamisel eraõiguslike isikute poolt, kui seda ehitist on osaliselt või tervikuna enne võõrandamist vähemalt ühe aasta jooksul kasutatud haridus-, tervishoiu-, kultuuri- või kasvatusasutusena. Muus osas kohaldatakse ostueesõigusele asjaõigusseaduse sätteid.",true,inForce,2023-04-01,,estleg:KOKS_Par_34_v123022023005
estleg:KOKS_Par_35,estleg:KOKS_Map,§ 35.,,"(1) Vald või linn võib teenuste osutamiseks asutada valla või linna ametiasutuse hallatavaid asutusi või valdade ja linnade ühisasutusi, mis ei ole juriidilised isikud. Vald või linn võib olla osanik või aktsionär äriühingus, samuti asutada sihtasutusi ja olla mittetulundusühingu liige, arvestades kohaliku omavalitsuse üksuse finantsjuhtimise seaduses esitatud tingimusi. Valla või linna eraõiguslikes isikutes osalemise ning kohaliku omavalitsuse üksuse finantsjuhtimise seaduse täitmise korraldamise tingimused ja korra kehtestab valla- või linnavolikogu. (2) Valla või linna ametiasutuse hallatava asutuse asutamise ja selle tegevuse lõpetamise otsustab volikogu. Hallatava asutuse põhimääruse, struktuuri ja koosseisu kinnitamine ning muutmine toimub volikogu poolt kehtestatud korras. Valla või linna ametiasutus ja ametiasutuse hallatav asutus registreeritakse riigi ja kohaliku omavalitsuse asutuste registris. (3) Sihtasutuse, mille ainuasutajaks on vald või linn, samuti osaühingu või aktsiaseltsi, mille ainsaks osanikuks või aktsionäriks on vald või linn, asutamise, ühinemise, jagunemise ja ümberkujundamise ja lõpetamise otsustab ning põhikirja ja selle muudatused kinnitab kohaliku omavalitsuse volikogu. Sihtasutuse, osaühingu või aktsiaseltsi nõukogu liikmed nimetab, samuti muid asutaja, osaniku või aktsionäri õigusi teostab valla- või linnavalitsus. Kui osaühingul ei ole nõukogu, nimetab valla- või linnavalitsus osaühingu juhatuse liikmed. (3¹) Sihtasutuse või mittetulundusühingu, mille asutajaks on vald või linn, osaühingu või aktsiaseltsi, mille osanikuks või aktsionäriks on vald või linn ning kohaliku omavalitsuse üksuse finantsjuhtimise seaduse § 2 punkti 9 tähenduses valla või linna valitseva mõju all oleva üksuse juhtorgani liikmeks ei või olla isik: kelle süüline tegevus või tegevusetus on kaasa toonud isiku pankroti; kelle süüline tegevus või tegevusetus on kaasa toonud juriidilisele isikule antud tegevusloa kehtetuks tunnistamise; kellel on ärikeeld; kelle s",true,inForce,2018-01-01,,estleg:KOKS_Par_35_v104072017022
estleg:KOKS_Par_35_Lg_1,estleg:KOKS_Map,§ 35.,1,"(1) Vald või linn võib teenuste osutamiseks asutada valla või linna ametiasutuse hallatavaid asutusi või valdade ja linnade ühisasutusi, mis ei ole juriidilised isikud. Vald või linn võib olla osanik või aktsionär äriühingus, samuti asutada sihtasutusi ja olla mittetulundusühingu liige, arvestades kohaliku omavalitsuse üksuse finantsjuhtimise seaduses esitatud tingimusi. Valla või linna eraõiguslikes isikutes osalemise ning kohaliku omavalitsuse üksuse finantsjuhtimise seaduse täitmise korraldamise tingimused ja korra kehtestab valla- või linnavolikogu.",true,inForce,2018-01-01,,estleg:KOKS_Par_35_v104072017022
estleg:KOKS_Par_35_Lg_2,estleg:KOKS_Map,§ 35.,2,"(2) Valla või linna ametiasutuse hallatava asutuse asutamise ja selle tegevuse lõpetamise otsustab volikogu. Hallatava asutuse põhimääruse, struktuuri ja koosseisu kinnitamine ning muutmine toimub volikogu poolt kehtestatud korras. Valla või linna ametiasutus ja ametiasutuse hallatav asutus registreeritakse riigi ja kohaliku omavalitsuse asutuste registris.",true,inForce,2018-01-01,,estleg:KOKS_Par_35_v104072017022
estleg:KOKS_Par_35_Lg_3,estleg:KOKS_Map,§ 35.,3,"(3) Sihtasutuse, mille ainuasutajaks on vald või linn, samuti osaühingu või aktsiaseltsi, mille ainsaks osanikuks või aktsionäriks on vald või linn, asutamise, ühinemise, jagunemise ja ümberkujundamise ja lõpetamise otsustab ning põhikirja ja selle muudatused kinnitab kohaliku omavalitsuse volikogu. Sihtasutuse, osaühingu või aktsiaseltsi nõukogu liikmed nimetab, samuti muid asutaja, osaniku või aktsionäri õigusi teostab valla- või linnavalitsus. Kui osaühingul ei ole nõukogu, nimetab valla- või linnavalitsus osaühingu juhatuse liikmed.",true,inForce,2018-01-01,,estleg:KOKS_Par_35_v104072017022
estleg:KOKS_Par_35_Lg_3_1,estleg:KOKS_Map,§ 35.,3¹,"(3¹) Sihtasutuse või mittetulundusühingu, mille asutajaks on vald või linn, osaühingu või aktsiaseltsi, mille osanikuks või aktsionäriks on vald või linn ning kohaliku omavalitsuse üksuse finantsjuhtimise seaduse § 2 punkti 9 tähenduses valla või linna valitseva mõju all oleva üksuse juhtorgani liikmeks ei või olla isik: kelle süüline tegevus või tegevusetus on kaasa toonud isiku pankroti; kelle süüline tegevus või tegevusetus on kaasa toonud juriidilisele isikule antud tegevusloa kehtetuks tunnistamise; kellel on ärikeeld; kelle süüline tegevus või tegevusetus on tekitanud kahju juriidilisele isikule; keda on majandusalase, ametialase või varavastase kuriteo eest karistatud; kellel on selle eraõigusliku juriidilise isikuga seotud olulised ärihuvid, mis väljenduvad muu hulgas olulise osaluse omamises selles juriidilises isikus väärtpaberituru seaduse § 9 tähenduses või kuulumises sellise äriühingu juhtorganisse, kes on selle eraõigusliku juriidilise isiku oluline kaupade müüja või ostja, teenuste osutaja või tellija.",true,inForce,2018-01-01,,estleg:KOKS_Par_35_v104072017022
estleg:KOKS_Par_35_Lg_4,estleg:KOKS_Map,§ 35.,4,"(4) Kui sihtasutusel on mitu asutajat või kui äriühingus osaleb lisaks linnale või vallale ka teisi osanikke või aktsionäre, samuti kui vald või linn osaleb liikmena mittetulundusühingus, otsustab osalemise ja selle lõpetamise valla- või linnavolikogu. Muus osas teostab osaniku-, aktsionäri-, asutaja- või liikmeõigusi valla- või linnavalitsuse poolt nimetatud isik.",true,inForce,2018-01-01,,estleg:KOKS_Par_35_v104072017022
estleg:KOKS_Par_35_Lg_4_1,estleg:KOKS_Map,§ 35.,4¹,"(4¹) Kui sihtasutuse asutanud vald või linn ühineb ja kohaliku omavalitsuse üksuse õigusjärglus läheb üle haldusterritoriaalse korralduse muutmise tulemusena moodustunud kohaliku omavalitsuse üksusele, ei kohaldata sihtasutuste seaduse § 5 lõikes 5 sätestatut ja sihtasutuse asutajaõigused lähevad üle haldusterritoriaalse korralduse muutmise tulemusena moodustunud kohaliku omavalitsuse üksusele.",true,inForce,2018-01-01,,estleg:KOKS_Par_35_v104072017022
estleg:KOKS_Par_35_Lg_4_2,estleg:KOKS_Map,§ 35.,4²,"(4²) Kui mittetulundusühingu liikmeks olev vald või linn ühineb ja kohaliku omavalitsuse üksuse õigusjärglus läheb üle haldusterritoriaalse korralduse muutmise tulemusena moodustunud kohaliku omavalitsuse üksusele, ei kohaldata mittetulundusühingute seaduse § 14 lõikes 2 sätestatut ja ühinemise korral läheb liikmeõigus üle moodustunud kohaliku omavalitsuse üksusele.",true,inForce,2018-01-01,,estleg:KOKS_Par_35_v104072017022
estleg:KOKS_Par_35_Lg_5,estleg:KOKS_Map,§ 35.,5,(5) Vallal või linnal on õigus oma ülesannete täitmiseks sõlmida lepinguid.,true,inForce,2018-01-01,,estleg:KOKS_Par_35_v104072017022
estleg:KOKS_Par_36,estleg:KOKS_Map,§ 36.,,"(1) Kohalikud maksud ja maksumäärade muudatused kehtestatakse enne valla- või linnaeelarve või lisaeelarve vastuvõtmist. (2) Koormis on kohustus, mis seaduse alusel kehtestatakse volikogu määrusega füüsilistele või juriidilistele isikutele kohustuslike tööde tegemiseks valla või linna territooriumil kehtestatud heakorraeeskirjade täitmiseks. (3) Koormise võib kehtestada füüsilistele ja juriidilistele isikutele nende omandis või valduses oleva kinnistu või muu nende kasutuses oleva territooriumi ning sellega vahetult piirneva üldkasutatava territooriumi heakorra tagamiseks. (4) Koormise määramisel kehtestatakse koormise olemus, ulatus, täitmise tingimused ja kord ning koormise täitmise üle kontrolli teostamise kord. (5) Isik, kellel koormise täitmine lasub, võib oma arvel lasta selle täita teisel isikul. Isiku põhjendatud taotlusel on volikogul õigus lubada isikul koormise täitmise eest maksta raha, mida peab kasutama selle koormise täitmiseks. Volikogu poolt vastava loa andmisel määratakse volikogu poolt kehtestatud korras koormise täitmiseks vajalike tööde maksumus. (6) Koormise täitmist kontrollib valla- või linnavalitsus. (7) Koormist ei või asendada maksuga kohalikku eelarvesse. (8) Koormisena ei või kehtestada makse, trahve, teenustasusid, lõive ega muu nimetusega rahalisi kohustusi. (9) Koormis ei või olla lepingu objektiks.",true,inForce,2011-01-01,,estleg:KOKS_Par_36_v117122010033
estleg:KOKS_Par_36_Lg_1,estleg:KOKS_Map,§ 36.,1,(1) Kohalikud maksud ja maksumäärade muudatused kehtestatakse enne valla- või linnaeelarve või lisaeelarve vastuvõtmist.,true,inForce,2011-01-01,,estleg:KOKS_Par_36_v117122010033
estleg:KOKS_Par_36_Lg_2,estleg:KOKS_Map,§ 36.,2,"(2) Koormis on kohustus, mis seaduse alusel kehtestatakse volikogu määrusega füüsilistele või juriidilistele isikutele kohustuslike tööde tegemiseks valla või linna territooriumil kehtestatud heakorraeeskirjade täitmiseks.",true,inForce,2011-01-01,,estleg:KOKS_Par_36_v117122010033
estleg:KOKS_Par_36_Lg_3,estleg:KOKS_Map,§ 36.,3,(3) Koormise võib kehtestada füüsilistele ja juriidilistele isikutele nende omandis või valduses oleva kinnistu või muu nende kasutuses oleva territooriumi ning sellega vahetult piirneva üldkasutatava territooriumi heakorra tagamiseks.,true,inForce,2011-01-01,,estleg:KOKS_Par_36_v117122010033
estleg:KOKS_Par_36_Lg_4,estleg:KOKS_Map,§ 36.,4,"(4) Koormise määramisel kehtestatakse koormise olemus, ulatus, täitmise tingimused ja kord ning koormise täitmise üle kontrolli teostamise kord.",true,inForce,2011-01-01,,estleg:KOKS_Par_36_v117122010033
estleg:KOKS_Par_36_Lg_5,estleg:KOKS_Map,§ 36.,5,"(5) Isik, kellel koormise täitmine lasub, võib oma arvel lasta selle täita teisel isikul. Isiku põhjendatud taotlusel on volikogul õigus lubada isikul koormise täitmise eest maksta raha, mida peab kasutama selle koormise täitmiseks. Volikogu poolt vastava loa andmisel määratakse volikogu poolt kehtestatud korras koormise täitmiseks vajalike tööde maksumus.",true,inForce,2011-01-01,,estleg:KOKS_Par_36_v117122010033
estleg:KOKS_Par_36_Lg_6,estleg:KOKS_Map,§ 36.,6,(6) Koormise täitmist kontrollib valla- või linnavalitsus.,true,inForce,2011-01-01,,estleg:KOKS_Par_36_v117122010033
estleg:KOKS_Par_36_Lg_7,estleg:KOKS_Map,§ 36.,7,(7) Koormist ei või asendada maksuga kohalikku eelarvesse.,true,inForce,2011-01-01,,estleg:KOKS_Par_36_v117122010033
estleg:KOKS_Par_36_Lg_8,estleg:KOKS_Map,§ 36.,8,"(8) Koormisena ei või kehtestada makse, trahve, teenustasusid, lõive ega muu nimetusega rahalisi kohustusi.",true,inForce,2011-01-01,,estleg:KOKS_Par_36_v117122010033
estleg:KOKS_Par_36_Lg_9,estleg:KOKS_Map,§ 36.,9,(9) Koormis ei või olla lepingu objektiks.,true,inForce,2011-01-01,,estleg:KOKS_Par_36_v117122010033
estleg:KOKS_Par_37,estleg:KOKS_Map,§ 37.,,"(1) Vallal ja linnal peab olema arengukava ja eelarvestrateegia, mis on aluseks eri eluvaldkondade arengu integreerimisele ja koordineerimisele. (2) Arengukava koostatakse valla või linna kohta ja selles esitatakse vähemalt: majandusliku, sotsiaalse ja kultuurilise keskkonna ning looduskeskkonna ja rahvastiku tervise arengu pikaajalised suundumused ja vajadused; probleemide ja võimaluste hetkeolukorra analüüs tegevusvaldkondade lõikes; tegevusvaldkondade strateegilised eesmärgid koos taotletava mõjuga arengukava perioodi lõpuni; strateegiliste eesmärkide täitmiseks vajalikud tegevused arengukava perioodi lõpuni. (2¹) Kui Eesti territooriumi haldusjaotuse seaduse § 91 kohases ühinemislepingus on kokku lepitud investeeringute või muu arendustegevuse kavandamises, siis tuleb nimetatud investeeringud või arendustegevused esitada ka arengukavas. (3) Vald ja linn võivad koostada täiendava arengukava: mõne valla või linna territooriumi osa kohta; mõne tegevusvaldkonna arendamiseks; mitme valla või linna või nende territooriumi osade kohta kokkuleppe alusel. (4) Käesoleva paragrahvi lõikes 3 nimetatud täiendavad arengukavad peavad olema kooskõlas arengukavaga. Arengukava peab arvestama valla ja linna üldplaneeringut. (4¹) Käesoleva paragrahvi lõigetes 2 ja 3 nimetatud arengukavad peavad arvestama maakonna arengustrateegiat. (5) Kui käesoleva paragrahvi lõike 3 punktis 2 nimetatud täiendav arengukava sisaldab tegevusvaldkonna hetkeolukorra analüüsi, ei pea seda arengukavas esitama.",true,inForce,2018-01-01,,estleg:KOKS_Par_37_v104072017022
estleg:KOKS_Par_37_1,estleg:KOKS_Map,§ 37¹.,,"(1) Eelarvestrateegia on arengukavast tulenev selgitustega finantsplaan, mis on arengukava osa või arengukavaga seotud iseseisev dokument. Eelarvestrateegia nõuded sätestatakse kohaliku omavalitsuse üksuse finantsjuhtimise seaduses. (2) Arengukava ja eelarvestrateegia on aluseks kohaliku omavalitsuse üksuse eelarve koostamisel, kohustuste võtmisel, varaga tehingute tegemisel, investeeringute kavandamisel ning investeeringuteks toetuse taotlemisel. (3) Kui arengukava muudetakse ja sellega kaasneb mõju eelarvele, tuleb eelarvestrateegia viia arengukavaga kooskõlla.",true,inForce,2013-01-01,,estleg:KOKS_Par_37_1_v128122012005
estleg:KOKS_Par_37_1_Lg_1,estleg:KOKS_Map,§ 37¹.,1,"(1) Eelarvestrateegia on arengukavast tulenev selgitustega finantsplaan, mis on arengukava osa või arengukavaga seotud iseseisev dokument. Eelarvestrateegia nõuded sätestatakse kohaliku omavalitsuse üksuse finantsjuhtimise seaduses.",true,inForce,2013-01-01,,estleg:KOKS_Par_37_1_v128122012005
estleg:KOKS_Par_37_1_Lg_2,estleg:KOKS_Map,§ 37¹.,2,"(2) Arengukava ja eelarvestrateegia on aluseks kohaliku omavalitsuse üksuse eelarve koostamisel, kohustuste võtmisel, varaga tehingute tegemisel, investeeringute kavandamisel ning investeeringuteks toetuse taotlemisel.",true,inForce,2013-01-01,,estleg:KOKS_Par_37_1_v128122012005
estleg:KOKS_Par_37_1_Lg_3,estleg:KOKS_Map,§ 37¹.,3,"(3) Kui arengukava muudetakse ja sellega kaasneb mõju eelarvele, tuleb eelarvestrateegia viia arengukavaga kooskõlla.",true,inForce,2013-01-01,,estleg:KOKS_Par_37_1_v128122012005
estleg:KOKS_Par_37_2,estleg:KOKS_Map,§ 37².,,"(1) Valla- või linnavolikogu kehtestab määrusega arengukava ja eelarvestrateegia koostamise korra ning kohaliku omavalitsuse üksuse finantsjuhtimise seaduse mõistes kohaliku omavalitsuse üksusest sõltuvatele üksustele korra ja tähtajad eelarvestrateegia koostamiseks vajaliku informatsiooni esitamiseks. (2) Volikogu võib volitada valla- või linnavalitsust kehtestama määrusega arengukava ja eelarvestrateegia koostamise korra. (3) Arengukava ja eelarvestrateegia peavad hõlmama iga aasta 30. novembri seisuga vähemalt nelja eelseisvat eelarveaastat. (4) Arengukava ja eelarvestrateegia eelnõu koostab valla- või linnavalitsus ning esitab vastuvõtmiseks valla- või linnavolikogule. (4¹) Kui vallas või linnas on moodustatud osavald või linnaosa, esitatakse arengukava ja eelarvestrateegia eelnõu seisukoha kujundamiseks ja ettepanekute esitamiseks osavalla või linnaosa esinduskogule (edaspidi osavalla- või linnaosakogu), kelle ettepanekute arutelu toimub käesoleva paragrahvi lõigete 1 ja 2 alusel sätestatud korras ja tähtaegadel. (5) Valla- või linnavalitsus korraldab avalike arutelude kaudu kõigi huvitatud isikute kaasamise arengukava ja eelarvestrateegia koostamisse. (6) Valla- või linnavalitsus avalikustab arengukava ja eelarvestrateegia eelnõu valla või linna veebilehel vähemalt kaheks nädalaks. (7) Valla- või linnavolikogu kinnitab arengukava ja eelarvestrateegia määrusega hiljemalt käesoleva paragrahvi lõikes 3 nimetatud tähtpäevaks. Arengukava ja eelarvestrateegia peavad olema vastu võetud enne eelseisva aasta eelarve vastuvõtmist. (8) Arengukava ja eelarvestrateegia ning volikogu ja volikogu komisjonide istungite protokollid arengukava ja eelarvestrateegia menetlemise kohta avaldatakse valla või linna veebilehel seitsme tööpäeva jooksul arengukava ja eelarvestrateegia vastuvõtmisest arvates.",true,inForce,2026-01-10,,estleg:KOKS_Par_37_2_v131122025004
estleg:KOKS_Par_37_2_Lg_1,estleg:KOKS_Map,§ 37².,1,(1) Valla- või linnavolikogu kehtestab määrusega arengukava ja eelarvestrateegia koostamise korra ning kohaliku omavalitsuse üksuse finantsjuhtimise seaduse mõistes kohaliku omavalitsuse üksusest sõltuvatele üksustele korra ja tähtajad eelarvestrateegia koostamiseks vajaliku informatsiooni esitamiseks.,true,inForce,2026-01-10,,estleg:KOKS_Par_37_2_v131122025004
estleg:KOKS_Par_37_2_Lg_2,estleg:KOKS_Map,§ 37².,2,(2) Volikogu võib volitada valla- või linnavalitsust kehtestama määrusega arengukava ja eelarvestrateegia koostamise korra.,true,inForce,2026-01-10,,estleg:KOKS_Par_37_2_v131122025004
estleg:KOKS_Par_37_2_Lg_3,estleg:KOKS_Map,§ 37².,3,(3) Arengukava ja eelarvestrateegia peavad hõlmama iga aasta 30. novembri seisuga vähemalt nelja eelseisvat eelarveaastat.,true,inForce,2026-01-10,,estleg:KOKS_Par_37_2_v131122025004
estleg:KOKS_Par_37_2_Lg_4,estleg:KOKS_Map,§ 37².,4,(4) Arengukava ja eelarvestrateegia eelnõu koostab valla- või linnavalitsus ning esitab vastuvõtmiseks valla- või linnavolikogule.,true,inForce,2026-01-10,,estleg:KOKS_Par_37_2_v131122025004
estleg:KOKS_Par_37_2_Lg_4_1,estleg:KOKS_Map,§ 37².,4¹,"(4¹) Kui vallas või linnas on moodustatud osavald või linnaosa, esitatakse arengukava ja eelarvestrateegia eelnõu seisukoha kujundamiseks ja ettepanekute esitamiseks osavalla või linnaosa esinduskogule (edaspidi osavalla- või linnaosakogu), kelle ettepanekute arutelu toimub käesoleva paragrahvi lõigete 1 ja 2 alusel sätestatud korras ja tähtaegadel.",true,inForce,2026-01-10,,estleg:KOKS_Par_37_2_v131122025004
estleg:KOKS_Par_37_2_Lg_5,estleg:KOKS_Map,§ 37².,5,(5) Valla- või linnavalitsus korraldab avalike arutelude kaudu kõigi huvitatud isikute kaasamise arengukava ja eelarvestrateegia koostamisse.,true,inForce,2026-01-10,,estleg:KOKS_Par_37_2_v131122025004
estleg:KOKS_Par_37_2_Lg_6,estleg:KOKS_Map,§ 37².,6,(6) Valla- või linnavalitsus avalikustab arengukava ja eelarvestrateegia eelnõu valla või linna veebilehel vähemalt kaheks nädalaks.,true,inForce,2026-01-10,,estleg:KOKS_Par_37_2_v131122025004
estleg:KOKS_Par_37_2_Lg_7,estleg:KOKS_Map,§ 37².,7,(7) Valla- või linnavolikogu kinnitab arengukava ja eelarvestrateegia määrusega hiljemalt käesoleva paragrahvi lõikes 3 nimetatud tähtpäevaks. Arengukava ja eelarvestrateegia peavad olema vastu võetud enne eelseisva aasta eelarve vastuvõtmist.,true,inForce,2026-01-10,,estleg:KOKS_Par_37_2_v131122025004
estleg:KOKS_Par_37_2_Lg_8,estleg:KOKS_Map,§ 37².,8,(8) Arengukava ja eelarvestrateegia ning volikogu ja volikogu komisjonide istungite protokollid arengukava ja eelarvestrateegia menetlemise kohta avaldatakse valla või linna veebilehel seitsme tööpäeva jooksul arengukava ja eelarvestrateegia vastuvõtmisest arvates.,true,inForce,2026-01-10,,estleg:KOKS_Par_37_2_v131122025004
estleg:KOKS_Par_37_3,estleg:KOKS_Map,§ 37³.,,"(1) Maakonnal peab olema arengustrateegia, mis on aluseks maakonna kohaliku omavalitsuse üksuste ja koostööpartnerite poolt ühiselt maakonna arengu suunamisel, ühiselt tehtavate ja omavalitsusüksuste ülese mõjuga investeeringute kavandamisel, investeeringuteks toetuse taotlemisel ning käesoleva seaduse § 61 lõikes 1 nimetatud kohaliku omavalitsuse üksustele antud ühiste ülesannete täitmisel. Maakonna arengustrateegia asemel võivad kohaliku omavalitsuse üksused kokkuleppe alusel koostada mitme maakonna territooriumi kohta piirkondliku arengustrateegia (2) Maakonna arengustrateegias ei kavandata arengut, mis on seotud vaid ühe kohaliku omavalitsuse üksuse haldusterritooriumiga ja millel ei ole puutumust teiste kohaliku omavalitsuse üksustega. (3) Arengustrateegia koostatakse maakonna kohta ja selles esitatakse vähemalt: majandusliku ja sotsiaalse ning rahvastiku tervise arengu pikaajalised suundumused ja vajadused; tegevusvaldkondade kaupa hetkeolukorra analüüs, mis sisaldab iga valdkonna probleemide ja olemasolevate võimaluste analüüsi; strateegilised eesmärgid, mis väljendavad taotletavat mõju ja mille saavutamine on mõõdetav või hinnatav; strateegiliste eesmärkide täitmiseks vajalikud tegevuste kogumid arengustrateegia perioodi lõpuni; strateegiliste eesmärkide täitmiseks vajalike tegevuste ruumiline paiknemine. (4) Maakonna kohaliku omavalitsuse üksused võivad käesoleva paragrahvi lõikes 1 nimetatud arengustrateegiale lisaks koostada täiendava arengustrateegia mõne tegevusvaldkonna arendamiseks. (5) Käesoleva paragrahvi lõigetes 1 ja 4 nimetatud täiendav ja piirkondlik arengustrateegia ning maakonna arengustrateegia (edaspidi koos ka maakonna arengustrateegia) peavad olema kooskõlas. (6) Maakonna arengustrateegia peab arvestama maakonnaplaneeringut. Maakonna arengustrateegia on üldplaneeringu koostamise alus. (7) Maakonna arengustrateegia elluviimiseks, sealhulgas strateegiliste eesmärkide täitmiseks vajalike tegevuste ruumilise paiknemise asukohavalikuks, võib ko",true,inForce,2018-01-01,,estleg:KOKS_Par_37_3_v104072017022
estleg:KOKS_Par_37_3_Lg_1,estleg:KOKS_Map,§ 37³.,1,"(1) Maakonnal peab olema arengustrateegia, mis on aluseks maakonna kohaliku omavalitsuse üksuste ja koostööpartnerite poolt ühiselt maakonna arengu suunamisel, ühiselt tehtavate ja omavalitsusüksuste ülese mõjuga investeeringute kavandamisel, investeeringuteks toetuse taotlemisel ning käesoleva seaduse § 61 lõikes 1 nimetatud kohaliku omavalitsuse üksustele antud ühiste ülesannete täitmisel. Maakonna arengustrateegia asemel võivad kohaliku omavalitsuse üksused kokkuleppe alusel koostada mitme maakonna territooriumi kohta piirkondliku arengustrateegia",true,inForce,2018-01-01,,estleg:KOKS_Par_37_3_v104072017022
estleg:KOKS_Par_37_3_Lg_10,estleg:KOKS_Map,§ 37³.,10,"(10) Maakonna arengustrateegia koostamisel arvestatakse riigi valdkondlikke arengukavasid ja kirjeldatakse, kuidas maakonna arengustrateegiaga panustatakse riigi valdkondlikes arengukavades seatud eesmärkide saavutamisse.",true,inForce,2018-01-01,,estleg:KOKS_Par_37_3_v104072017022
estleg:KOKS_Par_37_3_Lg_11,estleg:KOKS_Map,§ 37³.,11,"(11) Riigieelarvest kohaliku omavalitsuse üksustele juhtumipõhiste toetuste andmisel, riiklike investeeringute kavandamisel ja riigiasutuste osutatavate teenuste kättesaadavuse muutmisel maakonnas võetakse arvesse maakondlikus arengustrateegias kavandatud arengueesmärke ja kajastatud tegevuskogumeid.",true,inForce,2018-01-01,,estleg:KOKS_Par_37_3_v104072017022
estleg:KOKS_Par_37_3_Lg_2,estleg:KOKS_Map,§ 37³.,2,"(2) Maakonna arengustrateegias ei kavandata arengut, mis on seotud vaid ühe kohaliku omavalitsuse üksuse haldusterritooriumiga ja millel ei ole puutumust teiste kohaliku omavalitsuse üksustega.",true,inForce,2018-01-01,,estleg:KOKS_Par_37_3_v104072017022
estleg:KOKS_Par_37_3_Lg_3,estleg:KOKS_Map,§ 37³.,3,"(3) Arengustrateegia koostatakse maakonna kohta ja selles esitatakse vähemalt: majandusliku ja sotsiaalse ning rahvastiku tervise arengu pikaajalised suundumused ja vajadused; tegevusvaldkondade kaupa hetkeolukorra analüüs, mis sisaldab iga valdkonna probleemide ja olemasolevate võimaluste analüüsi; strateegilised eesmärgid, mis väljendavad taotletavat mõju ja mille saavutamine on mõõdetav või hinnatav; strateegiliste eesmärkide täitmiseks vajalikud tegevuste kogumid arengustrateegia perioodi lõpuni; strateegiliste eesmärkide täitmiseks vajalike tegevuste ruumiline paiknemine.",true,inForce,2018-01-01,,estleg:KOKS_Par_37_3_v104072017022
estleg:KOKS_Par_37_3_Lg_4,estleg:KOKS_Map,§ 37³.,4,(4) Maakonna kohaliku omavalitsuse üksused võivad käesoleva paragrahvi lõikes 1 nimetatud arengustrateegiale lisaks koostada täiendava arengustrateegia mõne tegevusvaldkonna arendamiseks.,true,inForce,2018-01-01,,estleg:KOKS_Par_37_3_v104072017022
estleg:KOKS_Par_37_3_Lg_5,estleg:KOKS_Map,§ 37³.,5,(5) Käesoleva paragrahvi lõigetes 1 ja 4 nimetatud täiendav ja piirkondlik arengustrateegia ning maakonna arengustrateegia (edaspidi koos ka maakonna arengustrateegia) peavad olema kooskõlas.,true,inForce,2018-01-01,,estleg:KOKS_Par_37_3_v104072017022
estleg:KOKS_Par_37_3_Lg_6,estleg:KOKS_Map,§ 37³.,6,(6) Maakonna arengustrateegia peab arvestama maakonnaplaneeringut. Maakonna arengustrateegia on üldplaneeringu koostamise alus.,true,inForce,2018-01-01,,estleg:KOKS_Par_37_3_v104072017022
estleg:KOKS_Par_37_3_Lg_7,estleg:KOKS_Map,§ 37³.,7,"(7) Maakonna arengustrateegia elluviimiseks, sealhulgas strateegiliste eesmärkide täitmiseks vajalike tegevuste ruumilise paiknemise asukohavalikuks, võib koostada mitme valla või linna territooriumi hõlmava üldplaneeringu planeerimisseaduses sätestatud korras.",true,inForce,2018-01-01,,estleg:KOKS_Par_37_3_v104072017022
estleg:KOKS_Par_37_3_Lg_8,estleg:KOKS_Map,§ 37³.,8,"(8) Kui kohaliku omavalitsuse üksused on kokku leppinud käesoleva paragrahvi lõikes 1 nimetatud sellise piirkondliku arengustrateegia koostamises, mis vastab käesoleva paragrahvi lõigetes 1, 2, 3 ja 10 sätestatud nõuetele, ei pea asjaomased omavalitsusüksused koostama eraldi maakonna arengustrateegiat.",true,inForce,2018-01-01,,estleg:KOKS_Par_37_3_v104072017022
estleg:KOKS_Par_37_3_Lg_9,estleg:KOKS_Map,§ 37³.,9,"(9) Kui maakonnas on ainult üks kohaliku omavalitsuse üksus, võib jätta maakonna arengustrateegia koostamata, kui kohaliku omavalitsuse üksuse arengukava vastab käesolevas paragrahvis maakonna arengustrateegiale esitatud nõuetele.",true,inForce,2018-01-01,,estleg:KOKS_Par_37_3_v104072017022
estleg:KOKS_Par_37_4,estleg:KOKS_Map,§ 37⁴.,,"(1) Maakonna arengustrateegia kiidetakse heaks hiljemalt 15. jaanuaril ja see hõlmab vähemalt nelja eelseisvat eelarveaastat. Arengustrateegia vaadatakse üle ja seda uuendatakse vähemalt kord nelja aasta jooksul. (2) Maakonna arengustrateegial peab olema tegevuskava või valdkondlikud tegevuskavad, mis ei pea hõlmama kogu arengustrateegia kehtivuse perioodi. Maakonna arengustrateegia tegevuskava peab olema kooskõlas maakonna kohaliku omavalitsuse üksuste eelarvestrateegiatega. (3) Maakonna arengustrateegia eelnõu koostab kohaliku omavalitsuse üksuste määratud käesoleva seaduse § 61 lõikes 2 nimetatud koostööorgan ja eelnõu esitatakse heakskiitmiseks asjaomastele valla- või linnavolikogudele. (4) Valla- või linnavalitsus korraldab või volitab koostööorganit korraldama avalike arutelude kaudu kõigi huvitatud isikute kaasamise maakonna arengustrateegia koostamisse. (5) Valla- või linnavalitsus avalikustab maakonna arengustrateegia eelnõu valla või linna veebilehel või volitab koostööorganit avalikustama maakonna arengustrateegia eelnõu ka koostööorgani veebilehel vähemalt kaheks nädalaks. (6) Maakonna arengustrateegia loetakse vastuvõetuks ja see jõustub pärast seda, kui vähemalt kaks kolmandikku maakonna selliste kohaliku omavalitsuse üksuste volikogudest, mille elanike koguarv moodustab vähemalt kaks kolmandikku maakonna elanike koguarvust ning mille hulka peab kuuluma ka maakonnakeskuseks olev kohaliku omavalitsuse üksus, on selle määrusega heaks kiitnud hiljemalt 15. jaanuaril. Maakonnakeskuseks loetakse kohaliku omavalitsuse üksust, mis on maakonnaplaneeringus maakonnakeskusena nimetatud. (7) Maakonna arengustrateegia koostanud ja menetlenud koostööorgani, volikogu ja volikogu komisjonide istungite protokollid ja teave maakonna arengustrateegia menetlemise kohta avaldatakse kohaliku omavalitsuse üksuste veebilehtedel seitsme tööpäeva jooksul arengustrateegia vastuvõtmisest arvates. (8) Maakonna arengustrateegia koostamise, menetlemise ja vastuvõtmise täpsema korra ",true,inForce,2018-01-01,,estleg:KOKS_Par_37_4_v104072017022
estleg:KOKS_Par_37_4_Lg_1,estleg:KOKS_Map,§ 37⁴.,1,(1) Maakonna arengustrateegia kiidetakse heaks hiljemalt 15. jaanuaril ja see hõlmab vähemalt nelja eelseisvat eelarveaastat. Arengustrateegia vaadatakse üle ja seda uuendatakse vähemalt kord nelja aasta jooksul.,true,inForce,2018-01-01,,estleg:KOKS_Par_37_4_v104072017022
estleg:KOKS_Par_37_4_Lg_2,estleg:KOKS_Map,§ 37⁴.,2,"(2) Maakonna arengustrateegial peab olema tegevuskava või valdkondlikud tegevuskavad, mis ei pea hõlmama kogu arengustrateegia kehtivuse perioodi. Maakonna arengustrateegia tegevuskava peab olema kooskõlas maakonna kohaliku omavalitsuse üksuste eelarvestrateegiatega.",true,inForce,2018-01-01,,estleg:KOKS_Par_37_4_v104072017022
estleg:KOKS_Par_37_4_Lg_3,estleg:KOKS_Map,§ 37⁴.,3,(3) Maakonna arengustrateegia eelnõu koostab kohaliku omavalitsuse üksuste määratud käesoleva seaduse § 61 lõikes 2 nimetatud koostööorgan ja eelnõu esitatakse heakskiitmiseks asjaomastele valla- või linnavolikogudele.,true,inForce,2018-01-01,,estleg:KOKS_Par_37_4_v104072017022
estleg:KOKS_Par_37_4_Lg_4,estleg:KOKS_Map,§ 37⁴.,4,(4) Valla- või linnavalitsus korraldab või volitab koostööorganit korraldama avalike arutelude kaudu kõigi huvitatud isikute kaasamise maakonna arengustrateegia koostamisse.,true,inForce,2018-01-01,,estleg:KOKS_Par_37_4_v104072017022
estleg:KOKS_Par_37_4_Lg_5,estleg:KOKS_Map,§ 37⁴.,5,(5) Valla- või linnavalitsus avalikustab maakonna arengustrateegia eelnõu valla või linna veebilehel või volitab koostööorganit avalikustama maakonna arengustrateegia eelnõu ka koostööorgani veebilehel vähemalt kaheks nädalaks.,true,inForce,2018-01-01,,estleg:KOKS_Par_37_4_v104072017022
estleg:KOKS_Par_37_4_Lg_6,estleg:KOKS_Map,§ 37⁴.,6,"(6) Maakonna arengustrateegia loetakse vastuvõetuks ja see jõustub pärast seda, kui vähemalt kaks kolmandikku maakonna selliste kohaliku omavalitsuse üksuste volikogudest, mille elanike koguarv moodustab vähemalt kaks kolmandikku maakonna elanike koguarvust ning mille hulka peab kuuluma ka maakonnakeskuseks olev kohaliku omavalitsuse üksus, on selle määrusega heaks kiitnud hiljemalt 15. jaanuaril. Maakonnakeskuseks loetakse kohaliku omavalitsuse üksust, mis on maakonnaplaneeringus maakonnakeskusena nimetatud.",true,inForce,2018-01-01,,estleg:KOKS_Par_37_4_v104072017022
estleg:KOKS_Par_37_4_Lg_7,estleg:KOKS_Map,§ 37⁴.,7,"(7) Maakonna arengustrateegia koostanud ja menetlenud koostööorgani, volikogu ja volikogu komisjonide istungite protokollid ja teave maakonna arengustrateegia menetlemise kohta avaldatakse kohaliku omavalitsuse üksuste veebilehtedel seitsme tööpäeva jooksul arengustrateegia vastuvõtmisest arvates.",true,inForce,2018-01-01,,estleg:KOKS_Par_37_4_v104072017022
estleg:KOKS_Par_37_4_Lg_8,estleg:KOKS_Map,§ 37⁴.,8,"(8) Maakonna arengustrateegia koostamise, menetlemise ja vastuvõtmise täpsema korra ning vastuvõtmise tingimused võib kehtestada määrusega.",true,inForce,2018-01-01,,estleg:KOKS_Par_37_4_v104072017022
estleg:KOKS_Par_37_Lg_1,estleg:KOKS_Map,§ 37.,1,"(1) Vallal ja linnal peab olema arengukava ja eelarvestrateegia, mis on aluseks eri eluvaldkondade arengu integreerimisele ja koordineerimisele.",true,inForce,2018-01-01,,estleg:KOKS_Par_37_v104072017022
estleg:KOKS_Par_37_Lg_2,estleg:KOKS_Map,§ 37.,2,"(2) Arengukava koostatakse valla või linna kohta ja selles esitatakse vähemalt: majandusliku, sotsiaalse ja kultuurilise keskkonna ning looduskeskkonna ja rahvastiku tervise arengu pikaajalised suundumused ja vajadused; probleemide ja võimaluste hetkeolukorra analüüs tegevusvaldkondade lõikes; tegevusvaldkondade strateegilised eesmärgid koos taotletava mõjuga arengukava perioodi lõpuni; strateegiliste eesmärkide täitmiseks vajalikud tegevused arengukava perioodi lõpuni.",true,inForce,2018-01-01,,estleg:KOKS_Par_37_v104072017022
estleg:KOKS_Par_37_Lg_2_1,estleg:KOKS_Map,§ 37.,2¹,"(2¹) Kui Eesti territooriumi haldusjaotuse seaduse § 91 kohases ühinemislepingus on kokku lepitud investeeringute või muu arendustegevuse kavandamises, siis tuleb nimetatud investeeringud või arendustegevused esitada ka arengukavas.",true,inForce,2018-01-01,,estleg:KOKS_Par_37_v104072017022
estleg:KOKS_Par_37_Lg_3,estleg:KOKS_Map,§ 37.,3,(3) Vald ja linn võivad koostada täiendava arengukava: mõne valla või linna territooriumi osa kohta; mõne tegevusvaldkonna arendamiseks; mitme valla või linna või nende territooriumi osade kohta kokkuleppe alusel.,true,inForce,2018-01-01,,estleg:KOKS_Par_37_v104072017022
estleg:KOKS_Par_37_Lg_4,estleg:KOKS_Map,§ 37.,4,(4) Käesoleva paragrahvi lõikes 3 nimetatud täiendavad arengukavad peavad olema kooskõlas arengukavaga. Arengukava peab arvestama valla ja linna üldplaneeringut.,true,inForce,2018-01-01,,estleg:KOKS_Par_37_v104072017022
estleg:KOKS_Par_37_Lg_4_1,estleg:KOKS_Map,§ 37.,4¹,(4¹) Käesoleva paragrahvi lõigetes 2 ja 3 nimetatud arengukavad peavad arvestama maakonna arengustrateegiat.,true,inForce,2018-01-01,,estleg:KOKS_Par_37_v104072017022
estleg:KOKS_Par_37_Lg_5,estleg:KOKS_Map,§ 37.,5,"(5) Kui käesoleva paragrahvi lõike 3 punktis 2 nimetatud täiendav arengukava sisaldab tegevusvaldkonna hetkeolukorra analüüsi, ei pea seda arengukavas esitama.",true,inForce,2018-01-01,,estleg:KOKS_Par_37_v104072017022
estleg:KOKS_Par_38,estleg:KOKS_Map,§ 38.,,"Kohaliku omavalitsuse üksuse eelarve koostamise, vastuvõtmise, muutmise, täitmise ja avalikustamise ning aruandluse nõuded sätestatakse kohaliku omavalitsuse üksuse finantsjuhtimise seaduses.",true,inForce,2011-01-01,,estleg:KOKS_Par_38_v117122010033
estleg:KOKS_Par_38_Lg_1,estleg:KOKS_Map,§ 38.,,"Kohaliku omavalitsuse üksuse eelarve koostamise, vastuvõtmise, muutmise, täitmise ja avalikustamise ning aruandluse nõuded sätestatakse kohaliku omavalitsuse üksuse finantsjuhtimise seaduses.",true,inForce,2011-01-01,,estleg:KOKS_Par_38_v117122010033
estleg:KOKS_Par_39,estleg:KOKS_Map,§ 39.,,Kehtetu -,true,inForce,2011-07-01,,estleg:KOKS_Par_39_v118032011005
estleg:KOKS_Par_39_1,estleg:KOKS_Map,§ 39¹.,,Kehtetu -,true,inForce,2011-07-01,,estleg:KOKS_Par_39_1_v118032011005
estleg:KOKS_Par_3_Lg_1,estleg:KOKS_Map,§ 3.,,Kohalik omavalitsus rajaneb järgmistel põhimõtetel: kohaliku elu küsimuste iseseisev ja lõplik otsustamine ja korraldamine; igaühe seaduslike õiguste ja vabaduste kohustuslik tagamine vallas ja linnas; seaduste järgimine oma ülesannete ja kohustuste täitmisel; valla- ja linnaelanike õigus osaleda kohaliku omavalitsuse teostamisel; vastutus oma ülesannete täitmise eest; tegevuse avalikkus; avalike teenuste osutamine soodsaimatel tingimustel.,true,inForce,2002-06-01,,estleg:KOKS_Par_3_v22250
estleg:KOKS_Par_4,estleg:KOKS_Map,§ 4.,,"Omavalitsusorganid on: volikogu – kohaliku omavalitsusüksuse esinduskogu, mis valitakse valla või linna hääleõiguslike elanike poolt kohaliku omavalitsuse volikogu valimise seaduse alusel; valitsus – volikogu poolt moodustatav täitevorgan.",true,inForce,2011-07-01,,estleg:KOKS_Par_4_v118032011005
estleg:KOKS_Par_40,estleg:KOKS_Map,§ 40.,,Volikogu ja valitsuse töö vorm on istung. Volikogu ja valitsuse komisjoni töö vorm on koosolek.,true,inForce,2002-10-24,,estleg:KOKS_Par_40_v207026
estleg:KOKS_Par_40_Lg_1,estleg:KOKS_Map,§ 40.,,Volikogu ja valitsuse töö vorm on istung. Volikogu ja valitsuse komisjoni töö vorm on koosolek.,true,inForce,2002-10-24,,estleg:KOKS_Par_40_v207026
estleg:KOKS_Par_41,estleg:KOKS_Map,§ 41.,,"(1) Asjaajamiskeel kohalikes omavalitsustes on eesti keel. Igaühel on õigus pöörduda kohalike omavalitsuste ja nende ametiisikute poole eesti keeles ja saada eestikeelseid vastuseid. (2) Volikogu ja valitsuse istungid toimuvad eesti keeles. (3) Võõrkeelte, sealhulgas vähemusrahvuste keelte kasutamise kohalikes omavalitsustes sätestab keeleseadus. Kohaliku omavalitsuse volikogu ettepanekul keeleseaduse § 11 alusel antud luba kasutada selle kohaliku omavalitsuse sisemise asjaajamise keelena omavalitsusüksuse püsielanike enamiku keelt kehtib kuni kõnealuse volikogu volituste lõppemiseni. (4) Kui omavalitsusüksus on vastavalt käesoleva paragrahvi 3. lõikele saanud nõusoleku kasutada sisemise asjaajamise keelena eesti keele kõrval omavalitsusüksuse püsielanike enamiku moodustava vähemusrahvuse keelt, võivad volikogu ja valitsus otsustada vastavalt volikogu ja valitsuse istungi töö osalise või täieliku tõlkimise vähemusrahvuse keelde.",true,inForce,2011-07-01,,estleg:KOKS_Par_41_v118032011005
estleg:KOKS_Par_41_Lg_1,estleg:KOKS_Map,§ 41.,1,(1) Asjaajamiskeel kohalikes omavalitsustes on eesti keel. Igaühel on õigus pöörduda kohalike omavalitsuste ja nende ametiisikute poole eesti keeles ja saada eestikeelseid vastuseid.,true,inForce,2011-07-01,,estleg:KOKS_Par_41_v118032011005
estleg:KOKS_Par_41_Lg_2,estleg:KOKS_Map,§ 41.,2,(2) Volikogu ja valitsuse istungid toimuvad eesti keeles.,true,inForce,2011-07-01,,estleg:KOKS_Par_41_v118032011005
estleg:KOKS_Par_41_Lg_3,estleg:KOKS_Map,§ 41.,3,"(3) Võõrkeelte, sealhulgas vähemusrahvuste keelte kasutamise kohalikes omavalitsustes sätestab keeleseadus. Kohaliku omavalitsuse volikogu ettepanekul keeleseaduse § 11 alusel antud luba kasutada selle kohaliku omavalitsuse sisemise asjaajamise keelena omavalitsusüksuse püsielanike enamiku keelt kehtib kuni kõnealuse volikogu volituste lõppemiseni.",true,inForce,2011-07-01,,estleg:KOKS_Par_41_v118032011005
estleg:KOKS_Par_41_Lg_4,estleg:KOKS_Map,§ 41.,4,"(4) Kui omavalitsusüksus on vastavalt käesoleva paragrahvi 3. lõikele saanud nõusoleku kasutada sisemise asjaajamise keelena eesti keele kõrval omavalitsusüksuse püsielanike enamiku moodustava vähemusrahvuse keelt, võivad volikogu ja valitsus otsustada vastavalt volikogu ja valitsuse istungi töö osalise või täieliku tõlkimise vähemusrahvuse keelde.",true,inForce,2011-07-01,,estleg:KOKS_Par_41_v118032011005
estleg:KOKS_Par_42,estleg:KOKS_Map,§ 42.,,"(1) Volikogu esimees: korraldab volikogu tööd, kutsub kokku ja juhatab volikogu istungeid ning korraldab nende ettevalmistamist; esindab omavalitsusüksust ja selle volikogu vastavalt seadusega, valla või linna põhimäärusega ning volikogu poolt antud pädevusele; kirjutab alla volikogu poolt vastuvõetud määrustele ja teistele volikogu dokumentidele; annab volikogu sisemise töö korraldamiseks käskkirju; täidab muid talle seaduse alusel ja valla või linna põhimäärusega pandud ülesandeid. (2) Volikogu esimehe ja aseesimehe ning komisjoni esimehe ja aseesimehe volitused lõpevad samaaegselt tema volikogu liikme volituste peatumisega või ennetähtaegse lõppemisega.",true,inForce,2013-04-01,,estleg:KOKS_Par_42_v126032013006
estleg:KOKS_Par_42_Lg_1,estleg:KOKS_Map,§ 42.,1,"(1) Volikogu esimees: korraldab volikogu tööd, kutsub kokku ja juhatab volikogu istungeid ning korraldab nende ettevalmistamist; esindab omavalitsusüksust ja selle volikogu vastavalt seadusega, valla või linna põhimäärusega ning volikogu poolt antud pädevusele; kirjutab alla volikogu poolt vastuvõetud määrustele ja teistele volikogu dokumentidele; annab volikogu sisemise töö korraldamiseks käskkirju; täidab muid talle seaduse alusel ja valla või linna põhimäärusega pandud ülesandeid.",true,inForce,2013-04-01,,estleg:KOKS_Par_42_v126032013006
estleg:KOKS_Par_42_Lg_2,estleg:KOKS_Map,§ 42.,2,(2) Volikogu esimehe ja aseesimehe ning komisjoni esimehe ja aseesimehe volitused lõpevad samaaegselt tema volikogu liikme volituste peatumisega või ennetähtaegse lõppemisega.,true,inForce,2013-04-01,,estleg:KOKS_Par_42_v126032013006
estleg:KOKS_Par_43,estleg:KOKS_Map,§ 43.,,"(1) Volikogu istungi kutsub kokku selle esimees või tema asendaja, kelleks on aseesimees või aseesimehe puudumisel volikogu vanim liige, volikogu poolt kehtestatud korras. Volikogu esimese istungi kutsub kokku valla või linna valimiskomisjoni esimees hiljemalt seitsmendal päeval pärast valimistulemuste väljakuulutamist. Volikogu esimese istungi ning käesoleva seaduse § 52 2. lõike alusel kokkukutsutava istungi kutse saatmisel ei ole vaja järgida käesoleva paragrahvi 3. lõikes ettenähtud nõudeid. Sama kord kehtib ka volikogu järgmiste istungite kokkukutsumisel, kui esimesel istungil ei osutunud volikogu esimees valituks. (2) Kehtetu - (2¹) Käesoleva seaduse § 52 2. lõike alusel kokkukutsutava volikogu istungi kutsub kokku valla või linna valimiskomisjoni esimees hiljemalt seitsmendal päeval pärast asendusliikmete määramist. (3) Volikogu kokkukutsumisel tuleb kutses ära näidata arutusele tulevad küsimused ja kutse peab olema volikogu liikmetele teatavaks tehtud vähemalt neli päeva enne volikogu istungit. Kutsega koos tehakse volikogu liikmetele kättesaadavaks istungi materjalid. (4) Volikogu esimees või tema asendaja kutsub volikogu kokku valla- või linnavalitsuse või vähemalt neljandiku volikogu koosseisu ettepanekul nende poolt tõstatatud küsimuste arutamiseks. Istungi toimumise aja määrab volikogu esimees või tema asendaja, arvestades valla või linna põhimääruses sätestatut, kuid mitte hilisemaks kui üks kuu.",true,inForce,2011-07-01,,estleg:KOKS_Par_43_v118032011005
estleg:KOKS_Par_43_Lg_1,estleg:KOKS_Map,§ 43.,1,"(1) Volikogu istungi kutsub kokku selle esimees või tema asendaja, kelleks on aseesimees või aseesimehe puudumisel volikogu vanim liige, volikogu poolt kehtestatud korras. Volikogu esimese istungi kutsub kokku valla või linna valimiskomisjoni esimees hiljemalt seitsmendal päeval pärast valimistulemuste väljakuulutamist. Volikogu esimese istungi ning käesoleva seaduse § 52 2. lõike alusel kokkukutsutava istungi kutse saatmisel ei ole vaja järgida käesoleva paragrahvi 3. lõikes ettenähtud nõudeid. Sama kord kehtib ka volikogu järgmiste istungite kokkukutsumisel, kui esimesel istungil ei osutunud volikogu esimees valituks.",true,inForce,2011-07-01,,estleg:KOKS_Par_43_v118032011005
estleg:KOKS_Par_43_Lg_2,estleg:KOKS_Map,§ 43.,2,(2) Kehtetu -,true,inForce,2011-07-01,,estleg:KOKS_Par_43_v118032011005
estleg:KOKS_Par_43_Lg_2_1,estleg:KOKS_Map,§ 43.,2¹,(2¹) Käesoleva seaduse § 52 2. lõike alusel kokkukutsutava volikogu istungi kutsub kokku valla või linna valimiskomisjoni esimees hiljemalt seitsmendal päeval pärast asendusliikmete määramist.,true,inForce,2011-07-01,,estleg:KOKS_Par_43_v118032011005
estleg:KOKS_Par_43_Lg_3,estleg:KOKS_Map,§ 43.,3,(3) Volikogu kokkukutsumisel tuleb kutses ära näidata arutusele tulevad küsimused ja kutse peab olema volikogu liikmetele teatavaks tehtud vähemalt neli päeva enne volikogu istungit. Kutsega koos tehakse volikogu liikmetele kättesaadavaks istungi materjalid.,true,inForce,2011-07-01,,estleg:KOKS_Par_43_v118032011005
estleg:KOKS_Par_43_Lg_4,estleg:KOKS_Map,§ 43.,4,"(4) Volikogu esimees või tema asendaja kutsub volikogu kokku valla- või linnavalitsuse või vähemalt neljandiku volikogu koosseisu ettepanekul nende poolt tõstatatud küsimuste arutamiseks. Istungi toimumise aja määrab volikogu esimees või tema asendaja, arvestades valla või linna põhimääruses sätestatut, kuid mitte hilisemaks kui üks kuu.",true,inForce,2011-07-01,,estleg:KOKS_Par_43_v118032011005
estleg:KOKS_Par_44,estleg:KOKS_Map,§ 44.,,"(1) Volikogu tööd korraldab ja istungeid juhatab volikogu esimees või tema asendaja. Esimehe või tema asendaja puudumisel juhatab istungit kohalolevatest volikogu liikmetest vanim liige. Volikogu töökorra kehtestab volikogu. (2) Volikogu esimees korraldab vajadusel arutusele tulevate küsimuste ettevalmistamist volikogu poolt. Volikogu võib valitsusele anda ettevalmistamiseks volikogus arutusele tulevaid küsimusi. (3) Volikogu esimest istungit juhatab kuni volikogu esimehe valimiseni valla või linna valimiskomisjoni esimees või aseesimees. Esimese istungi päevakorras on volikogu esimehe ja aseesimehe või aseesimeeste valimine ning valitsuse lahkumispalve ärakuulamine. Sama kord kehtib ka käesoleva seaduse § 52 2. lõike alusel kokkukutsutud uue volikogu esimese istungi päevakorra suhtes, välja arvatud valitsuse lahkumispalve ärakuulamine. Volikogu esimehe valimised korraldab valla või linna valimiskomisjon ning valimistulemused tehakse kindlaks valimiskomisjoni otsusega. Sama kord kehtib ka volikogu järgmistel istungitel, kui esimesel istungil ei osutunud volikogu esimees valituks. (4) Volikogu istungid on avalikud. Volikogu võib kuulutada istungi küsimuse arutelu osas kinniseks, kui selle poolt hääletab vähemalt kaks korda enam volikogu liikmeid kui vastu või kui küsimust puudutavate andmete avalikustamine on seadusega keelatud või piiratud. (5) Volikogu arutab istungi kutses märgitud ja volikogu poolt nõutavas korras ettevalmistatud küsimusi. (6) Volikogu istungist võivad sõnaõigusega osa võtta valla- või linnavalitsuse liikmed, valla- või linnasekretär, samuti volikogu poolt istungile kutsutud isikud. Sõna andmise otsustab istungi juhataja.",true,inForce,2006-07-08,,estleg:KOKS_Par_44_v1042862
estleg:KOKS_Par_44_Lg_1,estleg:KOKS_Map,§ 44.,1,(1) Volikogu tööd korraldab ja istungeid juhatab volikogu esimees või tema asendaja. Esimehe või tema asendaja puudumisel juhatab istungit kohalolevatest volikogu liikmetest vanim liige. Volikogu töökorra kehtestab volikogu.,true,inForce,2006-07-08,,estleg:KOKS_Par_44_v1042862
estleg:KOKS_Par_44_Lg_2,estleg:KOKS_Map,§ 44.,2,(2) Volikogu esimees korraldab vajadusel arutusele tulevate küsimuste ettevalmistamist volikogu poolt. Volikogu võib valitsusele anda ettevalmistamiseks volikogus arutusele tulevaid küsimusi.,true,inForce,2006-07-08,,estleg:KOKS_Par_44_v1042862
estleg:KOKS_Par_44_Lg_3,estleg:KOKS_Map,§ 44.,3,"(3) Volikogu esimest istungit juhatab kuni volikogu esimehe valimiseni valla või linna valimiskomisjoni esimees või aseesimees. Esimese istungi päevakorras on volikogu esimehe ja aseesimehe või aseesimeeste valimine ning valitsuse lahkumispalve ärakuulamine. Sama kord kehtib ka käesoleva seaduse § 52 2. lõike alusel kokkukutsutud uue volikogu esimese istungi päevakorra suhtes, välja arvatud valitsuse lahkumispalve ärakuulamine. Volikogu esimehe valimised korraldab valla või linna valimiskomisjon ning valimistulemused tehakse kindlaks valimiskomisjoni otsusega. Sama kord kehtib ka volikogu järgmistel istungitel, kui esimesel istungil ei osutunud volikogu esimees valituks.",true,inForce,2006-07-08,,estleg:KOKS_Par_44_v1042862
estleg:KOKS_Par_44_Lg_4,estleg:KOKS_Map,§ 44.,4,"(4) Volikogu istungid on avalikud. Volikogu võib kuulutada istungi küsimuse arutelu osas kinniseks, kui selle poolt hääletab vähemalt kaks korda enam volikogu liikmeid kui vastu või kui küsimust puudutavate andmete avalikustamine on seadusega keelatud või piiratud.",true,inForce,2006-07-08,,estleg:KOKS_Par_44_v1042862
estleg:KOKS_Par_44_Lg_5,estleg:KOKS_Map,§ 44.,5,(5) Volikogu arutab istungi kutses märgitud ja volikogu poolt nõutavas korras ettevalmistatud küsimusi.,true,inForce,2006-07-08,,estleg:KOKS_Par_44_v1042862
estleg:KOKS_Par_44_Lg_6,estleg:KOKS_Map,§ 44.,6,"(6) Volikogu istungist võivad sõnaõigusega osa võtta valla- või linnavalitsuse liikmed, valla- või linnasekretär, samuti volikogu poolt istungile kutsutud isikud. Sõna andmise otsustab istungi juhataja.",true,inForce,2006-07-08,,estleg:KOKS_Par_44_v1042862
estleg:KOKS_Par_45,estleg:KOKS_Map,§ 45.,,"(1) Volikogu ainupädevusse kuuluvaid küsimusi otsustatakse hääletamise teel. Muudes küsimustes hääletatakse juhul, kui vähemalt üks volikogu liige seda nõuab. (2) Hääletamine volikogus on avalik. (3) Isikuvalimised otsustatakse salajasel hääletamisel, mille tulemused vormistatakse volikogu otsusena. Isikuvalimiste tulemusi üle ei hääletata. (4) Volikogu otsustused fikseerib istungi juhataja. (5) Volikogu otsustused tehakse poolthäälte enamusega. Käesoleva seaduse § 22 lõike 1 punktides 2, 4, 6–9, 101, 14, 15, 18, 24, 251 ja 271 ning põhiseaduslikkuse järelevalve kohtumenetluse seaduse §-s 7 ettenähtud küsimustes otsustuste vastuvõtmiseks on vajalik volikogu koosseisu häälteenamus. (6) Kohaliku omavalitsuse üksuste haldusterritoriaalse korralduse muutmisel vastuvõetud ühinemislepingu muutmiseks esimese valimisperioodi jooksul pärast haldusterritoriaalse korralduse muudatuse jõustumist on vajalik volikogu koosseisu vähemalt kahekolmandikuline häälteenamus.",true,inForce,2017-07-05,,estleg:KOKS_Par_45_v104072017019
estleg:KOKS_Par_45_Lg_1,estleg:KOKS_Map,§ 45.,1,"(1) Volikogu ainupädevusse kuuluvaid küsimusi otsustatakse hääletamise teel. Muudes küsimustes hääletatakse juhul, kui vähemalt üks volikogu liige seda nõuab.",true,inForce,2017-07-05,,estleg:KOKS_Par_45_v104072017019
estleg:KOKS_Par_45_Lg_2,estleg:KOKS_Map,§ 45.,2,(2) Hääletamine volikogus on avalik.,true,inForce,2017-07-05,,estleg:KOKS_Par_45_v104072017019
estleg:KOKS_Par_45_Lg_3,estleg:KOKS_Map,§ 45.,3,"(3) Isikuvalimised otsustatakse salajasel hääletamisel, mille tulemused vormistatakse volikogu otsusena. Isikuvalimiste tulemusi üle ei hääletata.",true,inForce,2017-07-05,,estleg:KOKS_Par_45_v104072017019
estleg:KOKS_Par_45_Lg_4,estleg:KOKS_Map,§ 45.,4,(4) Volikogu otsustused fikseerib istungi juhataja.,true,inForce,2017-07-05,,estleg:KOKS_Par_45_v104072017019
estleg:KOKS_Par_45_Lg_5,estleg:KOKS_Map,§ 45.,5,"(5) Volikogu otsustused tehakse poolthäälte enamusega. Käesoleva seaduse § 22 lõike 1 punktides 2, 4, 6–9, 101, 14, 15, 18, 24, 251 ja 271 ning põhiseaduslikkuse järelevalve kohtumenetluse seaduse §-s 7 ettenähtud küsimustes otsustuste vastuvõtmiseks on vajalik volikogu koosseisu häälteenamus.",true,inForce,2017-07-05,,estleg:KOKS_Par_45_v104072017019
estleg:KOKS_Par_45_Lg_6,estleg:KOKS_Map,§ 45.,6,(6) Kohaliku omavalitsuse üksuste haldusterritoriaalse korralduse muutmisel vastuvõetud ühinemislepingu muutmiseks esimese valimisperioodi jooksul pärast haldusterritoriaalse korralduse muudatuse jõustumist on vajalik volikogu koosseisu vähemalt kahekolmandikuline häälteenamus.,true,inForce,2017-07-05,,estleg:KOKS_Par_45_v104072017019
estleg:KOKS_Par_46,estleg:KOKS_Map,§ 46.,,"(1) Vähemalt neljandik volikogu koosseisust võib algatada umbusalduse avaldamise volikogu esimehele, volikogu aseesimehele, volikogu komisjoni esimehele, volikogu komisjoni aseesimehele, revisjonikomisjoni liikmele, valitsusele, vallavanemale, linnapeale või valitsuse liikmele. (1¹) Umbusalduse algatamine toimub volikogu istungil. Umbusaldus algatatakse enne päevakorrapunktide arutelude juurde asumist. Umbusalduse algatajate esindaja esineb ettekandega ja annab umbusaldusavalduse istungi juhatajale üle. (2) Umbusalduse avaldamise küsimus lülitatakse volikogu järgmise istungi päevakorda. (3) Umbusaldushääletus on avalik. Umbusalduse avaldamine vabastab volikogu esimehe või aseesimehe tema kohustustest ja ametist või volikogu komisjoni esimehe, komisjoni aseesimehe või revisjonikomisjoni liikme tema kohustustest. Volikogu esimehele umbusalduse avaldamise korral täidab volikogu esimehe ülesandeid kuni uue esimehe valimiseni volikogu määratud üks volikogu aseesimeestest või tema puudumisel volikogu vanim liige. (4) Umbusalduse avaldamine vabastab vallavanema, linnapea või valitsuse liikme vallavanema, linnapea või valitsuse liikme kohustustest ja ametist. Vallavanemale või linnapeale umbusalduse avaldamise korral valib volikogu samal istungil uue vallavanema või linnapea või määrab ühe valitsuse liikmetest vallavanema või linnapea asendajaks kuni uue vallavanema või linnapea valimiseni. (5) Valitsusele umbusalduse avaldamise korral täidab valitsus oma ülesandeid edasi ja valitsuse volitused kehtivad kuni uuele valitsusele volituste andmiseni käesolevas seaduses sätestatud korras. Valitsuse volituste lõppemine seoses umbusalduse avaldamisega toob kaasa kõigi valitsuse liikmete vabastamise valitsuse liikme kohustustest ning palgaliste valitsuse liikmete ametist vabastamise. (6) Kui volikogu avaldab umbusaldust mõnele valitsuse liikmele ning käesoleva seaduse § 49 6. lõikes sätestatud kvoorum jääb alles, jätkab valitsus oma tegevust ning vabad kohad täidetakse käesoleva se",true,inForce,2013-04-01,,estleg:KOKS_Par_46_v126032013006
estleg:KOKS_Par_46_1,estleg:KOKS_Map,§ 46¹.,,"(1) Volikogu esimehe, volikogu aseesimehe, volikogu komisjoni esimehe, volikogu komisjoni aseesimehe, revisjonikomisjoni liikme, vallavanema või linnapea või valitsuse liikme tagasiastumise korral esitab ta avalduse valla- või linnasekretärile. Avalduse esitanu loetakse tagasi astunuks avalduses märgitud kuupäevast, mis ei või olla varasem kui järgmine tööpäev avalduse esitamisest. Valla- või linnasekretär teavitab kohe volikogu esimeest või tema asendajat. (2) Avalduse esitanu peab esimesel võimalusel üle andma asjaajamisega ja ametiülesannete täitmisega seoses talle usaldatud vara.",true,inForce,2013-04-01,,estleg:KOKS_Par_46_1_v126032013006
estleg:KOKS_Par_46_1_Lg_1,estleg:KOKS_Map,§ 46¹.,1,"(1) Volikogu esimehe, volikogu aseesimehe, volikogu komisjoni esimehe, volikogu komisjoni aseesimehe, revisjonikomisjoni liikme, vallavanema või linnapea või valitsuse liikme tagasiastumise korral esitab ta avalduse valla- või linnasekretärile. Avalduse esitanu loetakse tagasi astunuks avalduses märgitud kuupäevast, mis ei või olla varasem kui järgmine tööpäev avalduse esitamisest. Valla- või linnasekretär teavitab kohe volikogu esimeest või tema asendajat.",true,inForce,2013-04-01,,estleg:KOKS_Par_46_1_v126032013006
estleg:KOKS_Par_46_1_Lg_2,estleg:KOKS_Map,§ 46¹.,2,(2) Avalduse esitanu peab esimesel võimalusel üle andma asjaajamisega ja ametiülesannete täitmisega seoses talle usaldatud vara.,true,inForce,2013-04-01,,estleg:KOKS_Par_46_1_v126032013006
estleg:KOKS_Par_46_Lg_1,estleg:KOKS_Map,§ 46.,1,"(1) Vähemalt neljandik volikogu koosseisust võib algatada umbusalduse avaldamise volikogu esimehele, volikogu aseesimehele, volikogu komisjoni esimehele, volikogu komisjoni aseesimehele, revisjonikomisjoni liikmele, valitsusele, vallavanemale, linnapeale või valitsuse liikmele.",true,inForce,2013-04-01,,estleg:KOKS_Par_46_v126032013006
estleg:KOKS_Par_46_Lg_1_1,estleg:KOKS_Map,§ 46.,1¹,(1¹) Umbusalduse algatamine toimub volikogu istungil. Umbusaldus algatatakse enne päevakorrapunktide arutelude juurde asumist. Umbusalduse algatajate esindaja esineb ettekandega ja annab umbusaldusavalduse istungi juhatajale üle.,true,inForce,2013-04-01,,estleg:KOKS_Par_46_v126032013006
estleg:KOKS_Par_46_Lg_2,estleg:KOKS_Map,§ 46.,2,(2) Umbusalduse avaldamise küsimus lülitatakse volikogu järgmise istungi päevakorda.,true,inForce,2013-04-01,,estleg:KOKS_Par_46_v126032013006
estleg:KOKS_Par_46_Lg_3,estleg:KOKS_Map,§ 46.,3,"(3) Umbusaldushääletus on avalik. Umbusalduse avaldamine vabastab volikogu esimehe või aseesimehe tema kohustustest ja ametist või volikogu komisjoni esimehe, komisjoni aseesimehe või revisjonikomisjoni liikme tema kohustustest. Volikogu esimehele umbusalduse avaldamise korral täidab volikogu esimehe ülesandeid kuni uue esimehe valimiseni volikogu määratud üks volikogu aseesimeestest või tema puudumisel volikogu vanim liige.",true,inForce,2013-04-01,,estleg:KOKS_Par_46_v126032013006
estleg:KOKS_Par_46_Lg_4,estleg:KOKS_Map,§ 46.,4,"(4) Umbusalduse avaldamine vabastab vallavanema, linnapea või valitsuse liikme vallavanema, linnapea või valitsuse liikme kohustustest ja ametist. Vallavanemale või linnapeale umbusalduse avaldamise korral valib volikogu samal istungil uue vallavanema või linnapea või määrab ühe valitsuse liikmetest vallavanema või linnapea asendajaks kuni uue vallavanema või linnapea valimiseni.",true,inForce,2013-04-01,,estleg:KOKS_Par_46_v126032013006
estleg:KOKS_Par_46_Lg_5,estleg:KOKS_Map,§ 46.,5,(5) Valitsusele umbusalduse avaldamise korral täidab valitsus oma ülesandeid edasi ja valitsuse volitused kehtivad kuni uuele valitsusele volituste andmiseni käesolevas seaduses sätestatud korras. Valitsuse volituste lõppemine seoses umbusalduse avaldamisega toob kaasa kõigi valitsuse liikmete vabastamise valitsuse liikme kohustustest ning palgaliste valitsuse liikmete ametist vabastamise.,true,inForce,2013-04-01,,estleg:KOKS_Par_46_v126032013006
estleg:KOKS_Par_46_Lg_6,estleg:KOKS_Map,§ 46.,6,"(6) Kui volikogu avaldab umbusaldust mõnele valitsuse liikmele ning käesoleva seaduse § 49 6. lõikes sätestatud kvoorum jääb alles, jätkab valitsus oma tegevust ning vabad kohad täidetakse käesoleva seaduse §-s 28 sätestatud korras või muudetakse sätestatud korras valitsuse liikmete arvu ja valitsuse struktuuri.",true,inForce,2013-04-01,,estleg:KOKS_Par_46_v126032013006
estleg:KOKS_Par_46_Lg_7,estleg:KOKS_Map,§ 46.,7,"(7) Kui valitsuse liikmetele avaldatud umbusalduse tagajärjel ei ole täidetud käesoleva seaduse § 49 6. lõikes sätestatud kvooruminõue, ei ole valitsus otsustusvõimeline kuni vajaliku arvu uute valitsuse liikmete kinnitamiseni ja palgaliste valitsuse liikmete ametisse nimetamiseni.",true,inForce,2013-04-01,,estleg:KOKS_Par_46_v126032013006
estleg:KOKS_Par_46_Lg_8,estleg:KOKS_Map,§ 46.,8,"(8) Kui umbusalduse avaldamine ei leidnud volikogu istungil toetust, siis ei saa samale isikule kolme kuu jooksul samal põhjusel algatada uut umbusalduse avaldamist.",true,inForce,2013-04-01,,estleg:KOKS_Par_46_v126032013006
estleg:KOKS_Par_46_Lg_9,estleg:KOKS_Map,§ 46.,9,"(9) Umbusalduse avaldamine on vallavanema, linnapea või valitsuse liikme ametist vabastamise alus.",true,inForce,2013-04-01,,estleg:KOKS_Par_46_v126032013006
estleg:KOKS_Par_47,estleg:KOKS_Map,§ 47.,,"(1) Volikogu võib moodustada nii alatisi kui ka ajutisi komisjone. Komisjonide esimehed ja aseesimehed tuleb valida volikogu liikmete hulgast. Igal volikogu liikmel on õigus kuuluda vähemalt ühte komisjoni. Teised komisjoni liikmed kinnitab volikogu komisjoni esimehe esildusel, arvestades liikmete määramisel erakondade ja valimisliitude eelnevalt esitatud ettepanekuid. (1¹) Komisjoni esimees ja aseesimees või aseesimehed valitakse üheaegselt salajasel hääletusel. Volikogu liikmel on üks hääl. (1²) Komisjoni esimeheks saab kõige rohkem hääli kogunud kandidaat. Komisjoni aseesimeheks saab häältearvult teiseks jäänud kandidaat. Kui komisjonile valitakse mitu aseesimeest, saavad aseesimeesteks nii mitu häältearvult enim hääli kogunud kandidaadile järgnenud kandidaati, kui mitu aseesimeest valiti. (1³) Volikogu komisjoni koosseisu kujundamisel arvestatakse erakondade ja valimisliitude esindajate osakaalu volikogus. (1⁴) Kui häälte võrdse jagunemise tõttu ei osutu ükski kandidaat komisjoni esimeheks valituks, korraldatakse võrdselt hääli kogunute vahel valimise lisavoor. Kui ka lisavoorus jagunevad hääled võrdselt, heidetakse liisku. (1⁵) Kui häälte võrdse jagunemise tõttu ei osutu kandidaat komisjoni aseesimeheks valituks, heidetakse liisku või korraldatakse võrdselt hääli kogunute vahel valimise lisavoor. Kui ka lisavoorus jagunevad hääled võrdselt, heidetakse liisku. (1⁶) Komisjoni esimehe või aseesimehe volituste lõppemisel seoses tema umbusaldamisega, tagasiastumisega, volikogu liikme volituste lõppemise või peatumisega valitakse uuesti nii komisjoni esimees kui ka aseesimees. (2) Volikogu komisjoni moodustamise kord ning tegevuse alused ja kord sätestatakse valla või linna põhimääruses.",true,inForce,2019-02-15,,estleg:KOKS_Par_47_v105022019008
estleg:KOKS_Par_47_Lg_1,estleg:KOKS_Map,§ 47.,1,"(1) Volikogu võib moodustada nii alatisi kui ka ajutisi komisjone. Komisjonide esimehed ja aseesimehed tuleb valida volikogu liikmete hulgast. Igal volikogu liikmel on õigus kuuluda vähemalt ühte komisjoni. Teised komisjoni liikmed kinnitab volikogu komisjoni esimehe esildusel, arvestades liikmete määramisel erakondade ja valimisliitude eelnevalt esitatud ettepanekuid.",true,inForce,2019-02-15,,estleg:KOKS_Par_47_v105022019008
estleg:KOKS_Par_47_Lg_1_1,estleg:KOKS_Map,§ 47.,1¹,(1¹) Komisjoni esimees ja aseesimees või aseesimehed valitakse üheaegselt salajasel hääletusel. Volikogu liikmel on üks hääl.,true,inForce,2019-02-15,,estleg:KOKS_Par_47_v105022019008
estleg:KOKS_Par_47_Lg_1_2,estleg:KOKS_Map,§ 47.,1²,"(1²) Komisjoni esimeheks saab kõige rohkem hääli kogunud kandidaat. Komisjoni aseesimeheks saab häältearvult teiseks jäänud kandidaat. Kui komisjonile valitakse mitu aseesimeest, saavad aseesimeesteks nii mitu häältearvult enim hääli kogunud kandidaadile järgnenud kandidaati, kui mitu aseesimeest valiti.",true,inForce,2019-02-15,,estleg:KOKS_Par_47_v105022019008
estleg:KOKS_Par_47_Lg_1_3,estleg:KOKS_Map,§ 47.,1³,(1³) Volikogu komisjoni koosseisu kujundamisel arvestatakse erakondade ja valimisliitude esindajate osakaalu volikogus.,true,inForce,2019-02-15,,estleg:KOKS_Par_47_v105022019008
estleg:KOKS_Par_47_Lg_1_4,estleg:KOKS_Map,§ 47.,1⁴,"(1⁴) Kui häälte võrdse jagunemise tõttu ei osutu ükski kandidaat komisjoni esimeheks valituks, korraldatakse võrdselt hääli kogunute vahel valimise lisavoor. Kui ka lisavoorus jagunevad hääled võrdselt, heidetakse liisku.",true,inForce,2019-02-15,,estleg:KOKS_Par_47_v105022019008
estleg:KOKS_Par_47_Lg_1_5,estleg:KOKS_Map,§ 47.,1⁵,"(1⁵) Kui häälte võrdse jagunemise tõttu ei osutu kandidaat komisjoni aseesimeheks valituks, heidetakse liisku või korraldatakse võrdselt hääli kogunute vahel valimise lisavoor. Kui ka lisavoorus jagunevad hääled võrdselt, heidetakse liisku.",true,inForce,2019-02-15,,estleg:KOKS_Par_47_v105022019008
estleg:KOKS_Par_47_Lg_1_6,estleg:KOKS_Map,§ 47.,1⁶,"(1⁶) Komisjoni esimehe või aseesimehe volituste lõppemisel seoses tema umbusaldamisega, tagasiastumisega, volikogu liikme volituste lõppemise või peatumisega valitakse uuesti nii komisjoni esimees kui ka aseesimees.",true,inForce,2019-02-15,,estleg:KOKS_Par_47_v105022019008
estleg:KOKS_Par_47_Lg_2,estleg:KOKS_Map,§ 47.,2,(2) Volikogu komisjoni moodustamise kord ning tegevuse alused ja kord sätestatakse valla või linna põhimääruses.,true,inForce,2019-02-15,,estleg:KOKS_Par_47_v105022019008
estleg:KOKS_Par_48,estleg:KOKS_Map,§ 48.,,"(1) Volikogu moodustab oma volituste ajaks vähemalt kolmeliikmelise revisjonikomisjoni. (2) Revisjonikomisjoni esimees, aseesimees ja liikmed valitakse volikogu liikmete hulgast. Revisjonikomisjoni esimehe ja aseesimehe valimisel kohaldatakse käesoleva seaduse § 47 lõikeid 11–16. (2¹) Kehtetu - (2²) Revisjonikomisjoni liige ei või täita sama valla või linna valitseva mõju all oleva äriühingu, sihtasutuse ega mittetulundusühingu tegevjuhi, juhataja, juhatuse liikme ega sama valla või linna ametiasutuse hallatava asutuse juhi või tema asetäitja ülesandeid. (2³) Kui revisjonikomisjoni liige ei esita kümne tööpäeva jooksul käesoleva paragrahvi lõikes 22 nimetatud asjaolu tekkimisest arvates teisele lepingupoolele avaldust valla või linna valitseva mõju all oleva äriühingu, sihtasutuse või mittetulundusühingu juhatusest või juhataja või tegevjuhi kohalt tagasiastumiseks või avaldust temaga valla või linna ametiasutuse hallatava asutuse juhi või juhi asetäitja ülesannete täitmiseks sõlmitud töö- või muu võlaõigusliku lepingu ülesütlemiseks, loetakse ta revisjonikomisjoni liikme kohalt tagasiastunuks. Avalduse esitamisest teavitab revisjonikomisjoni liige viivitamatult valla- või linnasekretäri. (3) Revisjonikomisjonil on õigus: kontrollida ja hinnata valla- või linnavalitsuse, valla- või linnavalitsuse ametiasutuste ja nende ametiasutuste hallatavate asutuste või kohaliku omavalitsuse üksuse valitseva mõju all oleva äriühingu, sihtasutuse ja mittetulundusühingu tegevuse seaduslikkust, otstarbekust ja tulemuslikkust ning valla või linna vara kasutamise sihipärasust; kontrollida ja hinnata valla- või linnaeelarve täitmist. (3¹) Revisjonikomisjon hindab tulemuslikkust järgmiste kriteeriumite kohaselt: säästlikkus, mis tähendab eesmärkide saavutamiseks tehtavate kulutuste minimeerimist; tõhusus, mis tähendab kulutuste ja nende abil saavutatavate tulemuste suhet; mõjusus, mis tähendab tegevuse tegelikku mõju võrrelduna kavatsetud mõjuga. (4) Revisjonikomisjon täidab oma pädevu",true,inForce,2019-02-15,,estleg:KOKS_Par_48_v105022019008
estleg:KOKS_Par_48_1,estleg:KOKS_Map,§ 48¹.,,"(1) Volikogu tagab sisekontrollisüsteemi rakendamise ja siseaudiitori kutsetegevuse korraldamise kohalikus omavalitsuses. (2) Sisekontrollisüsteemi rakendab ja selle tulemuslikkuse eest vastutab valla- või linnavalitsus. (3) Kui kohaliku omavalitsuse üksuses moodustatakse siseaudiitori kutsetegevuse alaste ülesannete täitmiseks vastav ametikoht või luuakse vastav struktuuriüksus, siis tehakse seda vastavalt käesoleva seaduse § 22 lõike 1 punktile 36. (4) Siseaudiitori kutsetegevuse alaste ülesannete täitmiseks nimetab vastava ametniku või struktuuriüksuse juhi ametisse ja vabastab ametist vallavanem või linnapea valla- või linnavolikogu nõusolekul. Vallavanem või linnapea esitab kandidaadi valla- või linnavalitsusele heakskiitmiseks. Valla- või linnavalitsus kiidab heaks kandidaadi ja esitab selle volikogule ametisse nimetamiseks nõusoleku saamiseks. Kui volikogu ei nõustu isiku ametisse nimetamisega, esitab valla- või linnavalitsus uue kandidaadi. (5) Siseaudiitori kutsetegevuse alaste ülesannete täitmiseks ametisse nimetatud ametnik või vastava struktuuriüksuse juht koostab eelarveaastaks siseaudiitori tegevusplaani. Valla- või linnavalitsus kiidab tegevusplaani heaks ja esitab selle volikogule kinnitamiseks. Volikogu kuulab ära revisjonikomisjoni seisukoha ja kinnitab siseaudiitori tegevusplaani valla- või linnaeelarve vastuvõtmise päevaks. (6) Kui kohaliku omavalitsuse üksuses on moodustatud siseaudiitori kutsetegevuse alaste ülesannete täitmiseks vastav ametikoht või loodud vastav struktuuriüksus, esitab vastav ametnik või struktuuriüksuse juht siseaudiitori aruande enne majandusaasta aruande heakskiitmist valla- või linnavalitsusele. Valla- või linnavalitsus esitab siseaudiitori aruande koos majandusaasta aruandega volikogule. (7) Siseaudiitori aruanne avaldatakse kohaliku omavalitsuse üksuse veebilehel. (8) Kohaliku omavalitsuse üksuses rakendatakse siseaudiitori kutsetegevuse korraldamisel ja tema kutsetegevuse alusena audiitortegevuse seaduses sätestatut.",true,inForce,2017-07-01,,estleg:KOKS_Par_48_1_v130062017012
estleg:KOKS_Par_48_1_Lg_1,estleg:KOKS_Map,§ 48¹.,1,(1) Volikogu tagab sisekontrollisüsteemi rakendamise ja siseaudiitori kutsetegevuse korraldamise kohalikus omavalitsuses.,true,inForce,2017-07-01,,estleg:KOKS_Par_48_1_v130062017012
estleg:KOKS_Par_48_1_Lg_2,estleg:KOKS_Map,§ 48¹.,2,(2) Sisekontrollisüsteemi rakendab ja selle tulemuslikkuse eest vastutab valla- või linnavalitsus.,true,inForce,2017-07-01,,estleg:KOKS_Par_48_1_v130062017012
estleg:KOKS_Par_48_1_Lg_3,estleg:KOKS_Map,§ 48¹.,3,"(3) Kui kohaliku omavalitsuse üksuses moodustatakse siseaudiitori kutsetegevuse alaste ülesannete täitmiseks vastav ametikoht või luuakse vastav struktuuriüksus, siis tehakse seda vastavalt käesoleva seaduse § 22 lõike 1 punktile 36.",true,inForce,2017-07-01,,estleg:KOKS_Par_48_1_v130062017012
estleg:KOKS_Par_48_1_Lg_4,estleg:KOKS_Map,§ 48¹.,4,"(4) Siseaudiitori kutsetegevuse alaste ülesannete täitmiseks nimetab vastava ametniku või struktuuriüksuse juhi ametisse ja vabastab ametist vallavanem või linnapea valla- või linnavolikogu nõusolekul. Vallavanem või linnapea esitab kandidaadi valla- või linnavalitsusele heakskiitmiseks. Valla- või linnavalitsus kiidab heaks kandidaadi ja esitab selle volikogule ametisse nimetamiseks nõusoleku saamiseks. Kui volikogu ei nõustu isiku ametisse nimetamisega, esitab valla- või linnavalitsus uue kandidaadi.",true,inForce,2017-07-01,,estleg:KOKS_Par_48_1_v130062017012
estleg:KOKS_Par_48_1_Lg_5,estleg:KOKS_Map,§ 48¹.,5,(5) Siseaudiitori kutsetegevuse alaste ülesannete täitmiseks ametisse nimetatud ametnik või vastava struktuuriüksuse juht koostab eelarveaastaks siseaudiitori tegevusplaani. Valla- või linnavalitsus kiidab tegevusplaani heaks ja esitab selle volikogule kinnitamiseks. Volikogu kuulab ära revisjonikomisjoni seisukoha ja kinnitab siseaudiitori tegevusplaani valla- või linnaeelarve vastuvõtmise päevaks.,true,inForce,2017-07-01,,estleg:KOKS_Par_48_1_v130062017012
estleg:KOKS_Par_48_1_Lg_6,estleg:KOKS_Map,§ 48¹.,6,"(6) Kui kohaliku omavalitsuse üksuses on moodustatud siseaudiitori kutsetegevuse alaste ülesannete täitmiseks vastav ametikoht või loodud vastav struktuuriüksus, esitab vastav ametnik või struktuuriüksuse juht siseaudiitori aruande enne majandusaasta aruande heakskiitmist valla- või linnavalitsusele. Valla- või linnavalitsus esitab siseaudiitori aruande koos majandusaasta aruandega volikogule.",true,inForce,2017-07-01,,estleg:KOKS_Par_48_1_v130062017012
estleg:KOKS_Par_48_1_Lg_7,estleg:KOKS_Map,§ 48¹.,7,(7) Siseaudiitori aruanne avaldatakse kohaliku omavalitsuse üksuse veebilehel.,true,inForce,2017-07-01,,estleg:KOKS_Par_48_1_v130062017012
estleg:KOKS_Par_48_1_Lg_8,estleg:KOKS_Map,§ 48¹.,8,(8) Kohaliku omavalitsuse üksuses rakendatakse siseaudiitori kutsetegevuse korraldamisel ja tema kutsetegevuse alusena audiitortegevuse seaduses sätestatut.,true,inForce,2017-07-01,,estleg:KOKS_Par_48_1_v130062017012
estleg:KOKS_Par_48_2,estleg:KOKS_Map,§ 48².,,"(1) Vallavanemaks või linnapeaks võib valida ja valitsuse liikmeks võib kinnitada täieliku teovõimega Eesti Vabariigi kodaniku, kes valdab eesti keelt keeleseaduses ja keeleseaduse alusel antud õigusaktis ametnikule esitatud nõuete ulatuses. (2) Vallavanemaks või linnapeaks ei või valida ja valitsuse liikmeks ei või kinnitada isikut, kellel on karistatus tahtlikult toimepandud kuriteo eest. (3) Kui käesoleva paragrahvi 1. või 2. lõikes nimetatud välistavad asjaolud ilmnevad või tekivad vallavanema, linnapea või valitsuse liikme volituste kestel, vabastab volikogu ta ametist ametikohale mittevastavuse tõttu.",true,inForce,2017-11-01,,estleg:KOKS_Par_48_2_v104072017021
estleg:KOKS_Par_48_2_Lg_1,estleg:KOKS_Map,§ 48².,1,"(1) Vallavanemaks või linnapeaks võib valida ja valitsuse liikmeks võib kinnitada täieliku teovõimega Eesti Vabariigi kodaniku, kes valdab eesti keelt keeleseaduses ja keeleseaduse alusel antud õigusaktis ametnikule esitatud nõuete ulatuses.",true,inForce,2017-11-01,,estleg:KOKS_Par_48_2_v104072017021
estleg:KOKS_Par_48_2_Lg_2,estleg:KOKS_Map,§ 48².,2,"(2) Vallavanemaks või linnapeaks ei või valida ja valitsuse liikmeks ei või kinnitada isikut, kellel on karistatus tahtlikult toimepandud kuriteo eest.",true,inForce,2017-11-01,,estleg:KOKS_Par_48_2_v104072017021
estleg:KOKS_Par_48_2_Lg_3,estleg:KOKS_Map,§ 48².,3,"(3) Kui käesoleva paragrahvi 1. või 2. lõikes nimetatud välistavad asjaolud ilmnevad või tekivad vallavanema, linnapea või valitsuse liikme volituste kestel, vabastab volikogu ta ametist ametikohale mittevastavuse tõttu.",true,inForce,2017-11-01,,estleg:KOKS_Par_48_2_v104072017021
estleg:KOKS_Par_48_Lg_1,estleg:KOKS_Map,§ 48.,1,(1) Volikogu moodustab oma volituste ajaks vähemalt kolmeliikmelise revisjonikomisjoni.,true,inForce,2019-02-15,,estleg:KOKS_Par_48_v105022019008
estleg:KOKS_Par_48_Lg_2,estleg:KOKS_Map,§ 48.,2,"(2) Revisjonikomisjoni esimees, aseesimees ja liikmed valitakse volikogu liikmete hulgast. Revisjonikomisjoni esimehe ja aseesimehe valimisel kohaldatakse käesoleva seaduse § 47 lõikeid 11–16.",true,inForce,2019-02-15,,estleg:KOKS_Par_48_v105022019008
estleg:KOKS_Par_48_Lg_2_1,estleg:KOKS_Map,§ 48.,2¹,(2¹) Kehtetu -,true,inForce,2019-02-15,,estleg:KOKS_Par_48_v105022019008
estleg:KOKS_Par_48_Lg_2_2,estleg:KOKS_Map,§ 48.,2²,"(2²) Revisjonikomisjoni liige ei või täita sama valla või linna valitseva mõju all oleva äriühingu, sihtasutuse ega mittetulundusühingu tegevjuhi, juhataja, juhatuse liikme ega sama valla või linna ametiasutuse hallatava asutuse juhi või tema asetäitja ülesandeid.",true,inForce,2019-02-15,,estleg:KOKS_Par_48_v105022019008
estleg:KOKS_Par_48_Lg_2_3,estleg:KOKS_Map,§ 48.,2³,"(2³) Kui revisjonikomisjoni liige ei esita kümne tööpäeva jooksul käesoleva paragrahvi lõikes 22 nimetatud asjaolu tekkimisest arvates teisele lepingupoolele avaldust valla või linna valitseva mõju all oleva äriühingu, sihtasutuse või mittetulundusühingu juhatusest või juhataja või tegevjuhi kohalt tagasiastumiseks või avaldust temaga valla või linna ametiasutuse hallatava asutuse juhi või juhi asetäitja ülesannete täitmiseks sõlmitud töö- või muu võlaõigusliku lepingu ülesütlemiseks, loetakse ta revisjonikomisjoni liikme kohalt tagasiastunuks. Avalduse esitamisest teavitab revisjonikomisjoni liige viivitamatult valla- või linnasekretäri.",true,inForce,2019-02-15,,estleg:KOKS_Par_48_v105022019008
estleg:KOKS_Par_48_Lg_3,estleg:KOKS_Map,§ 48.,3,"(3) Revisjonikomisjonil on õigus: kontrollida ja hinnata valla- või linnavalitsuse, valla- või linnavalitsuse ametiasutuste ja nende ametiasutuste hallatavate asutuste või kohaliku omavalitsuse üksuse valitseva mõju all oleva äriühingu, sihtasutuse ja mittetulundusühingu tegevuse seaduslikkust, otstarbekust ja tulemuslikkust ning valla või linna vara kasutamise sihipärasust; kontrollida ja hinnata valla- või linnaeelarve täitmist.",true,inForce,2019-02-15,,estleg:KOKS_Par_48_v105022019008
estleg:KOKS_Par_48_Lg_3_1,estleg:KOKS_Map,§ 48.,3¹,"(3¹) Revisjonikomisjon hindab tulemuslikkust järgmiste kriteeriumite kohaselt: säästlikkus, mis tähendab eesmärkide saavutamiseks tehtavate kulutuste minimeerimist; tõhusus, mis tähendab kulutuste ja nende abil saavutatavate tulemuste suhet; mõjusus, mis tähendab tegevuse tegelikku mõju võrrelduna kavatsetud mõjuga.",true,inForce,2019-02-15,,estleg:KOKS_Par_48_v105022019008
estleg:KOKS_Par_48_Lg_4,estleg:KOKS_Map,§ 48.,4,(4) Revisjonikomisjon täidab oma pädevuses olevaid ülesandeid valla või linna põhimääruses sätestatud korras tööplaani alusel või volikogu ülesandel.,true,inForce,2019-02-15,,estleg:KOKS_Par_48_v105022019008
estleg:KOKS_Par_48_Lg_5,estleg:KOKS_Map,§ 48.,5,"(5) Revisjonikomisjoni otsus ja revisjoniakt saadetakse valla- või linnavalitsusele, kes võtab revisjoniakti suhtes seisukoha ja esitab selle kümne päeva jooksul revisjonikomisjonile. Revisjonikomisjon esitab eelnimetatud dokumendid volikogule otsuse tegemiseks kontrolli tulemuste realiseerimise kohta, lisades nendele dokumentidele otsuse tegemiseks vajaliku volikogu õigusakti eelnõu.",true,inForce,2019-02-15,,estleg:KOKS_Par_48_v105022019008
estleg:KOKS_Par_48_Lg_6,estleg:KOKS_Map,§ 48.,6,(6) Revisjonikomisjonil on õigus saada teavet ja kõiki oma tööks vajalikke dokumente.,true,inForce,2019-02-15,,estleg:KOKS_Par_48_v105022019008
estleg:KOKS_Par_48_Lg_7,estleg:KOKS_Map,§ 48.,7,(7) Revisjonikomisjon esitab vähemalt kord aastas aruande oma tegevuse kohta volikogu istungil.,true,inForce,2019-02-15,,estleg:KOKS_Par_48_v105022019008
estleg:KOKS_Par_48_Lg_8,estleg:KOKS_Map,§ 48.,8,(8) Revisjonikomisjoni aruanne avaldatakse kohaliku omavalitsuse üksuse veebilehel.,true,inForce,2019-02-15,,estleg:KOKS_Par_48_v105022019008
estleg:KOKS_Par_49,estleg:KOKS_Map,§ 49.,,"(1) Vallavalitsuse juht on vallavanem ning linnavalitsuse juht linnapea, kes esindab valitsust. (2) Kehtetu - (3) Valitsuse juht ei või olla volikogu esimees. (4) Valitsuse koosseisu kuuluvad vallavanem või linnapea, valitsuse liikmed. (4¹) Valitsuse liikmed koordineerivad vallavanema või linnapea üleantud volituse piires valla- või linnavalitsuse tegevusvaldkondi, korraldavad struktuuriüksuste valitsemisalasse kuuluvaid küsimusi ning täidavad muid vallavanema või linnapea antud ülesandeid. (4²) Valitsuse liikme ametikoht võib volikogu otsusel olla palgaline. Vallavanemale või linnapeale ja valitsuse liikmele ei või maksta sellist lisatasu, hüvitist või toetust ega rakendada tema suhtes selliseid soodustusi, mida volikogu ei ole otsustanud. (4³) Vallavanema või linnapea ja valitsuse palgalise liikme põhipuhkuse kestus on 35 kalendripäeva ning neile kohaldatakse töölepingu seaduse §-des 54 ja 59–71 sätestatud puhkuseregulatsiooni. (4⁴) Vallavanema või linnapea ja valitsuse liikme võib saata teenistuslähetusse volikogu kehtestatud tingimustel ja korras. Vallavanema või linnapea ja valitsuse liikme lähetuskulud hüvitatakse avaliku teenistuse seaduses sätestatud tingimustel ja korras. (4⁵) Kui vallavanema, linnapea või valitsuse liikme ametikohustuste täitmine on püsivalt takistatud töövõime vähenemise tõttu, võib volikogu ta ametist vabastada. Ametikohustuste täitmine on töövõime vähenemise tõttu püsivalt takistatud, kui vallavanem, linnapea või valitsuse liige ei saa oma ametikohustusi täita töövõimetuslehe alusel üle nelja kuu järjest või üle viie kuu aasta jooksul. (5) Vallavanema või linnapea asendamine toimub valla või linna põhimääruses sätestatud korras. (6) Valla- või linnavalitsus on otsustusvõimeline, kui tema istungist võtab osa üle poole valitsuse koosseisust, sealhulgas vallavanem või linnapea või tema asendaja. Istungist võtab sõnaõigusega osa valla- või linnasekretär. (7) Valitsuse otsustused tehakse poolthäälte enamusega. (8) Valitsuse istungid on kinni",true,inForce,2020-01-01,,estleg:KOKS_Par_49_v105022019009
estleg:KOKS_Par_49_Lg_1,estleg:KOKS_Map,§ 49.,1,"(1) Vallavalitsuse juht on vallavanem ning linnavalitsuse juht linnapea, kes esindab valitsust.",true,inForce,2020-01-01,,estleg:KOKS_Par_49_v105022019009
estleg:KOKS_Par_49_Lg_10,estleg:KOKS_Map,§ 49.,10,(10) Valla- või linnavalitsuse määrusele ja teistele dokumentidele kirjutavad alla vallavanem või linnapea või nende asendaja ning valla- või linnasekretär.,true,inForce,2020-01-01,,estleg:KOKS_Par_49_v105022019009
estleg:KOKS_Par_49_Lg_11,estleg:KOKS_Map,§ 49.,11,"(11) Valla- ja linnavalitsuse täpsema töökorra, komisjonide moodustamise alused ja korra ning tegevuse alused kehtestab volikogu.",true,inForce,2020-01-01,,estleg:KOKS_Par_49_v105022019009
estleg:KOKS_Par_49_Lg_12,estleg:KOKS_Map,§ 49.,12,"(12) Vallavanem, linnapea või valitsuse liige ei tohi osa võtta valitsuse sellise üksikakti arutamisest ja otsustamisest, mille suhtes talle laieneb toimingupiirang korruptsioonivastase seaduse kohaselt.",true,inForce,2020-01-01,,estleg:KOKS_Par_49_v105022019009
estleg:KOKS_Par_49_Lg_13,estleg:KOKS_Map,§ 49.,13,"(13) Käesoleva paragrahvi 12. lõikes sätestatud juhul on vallavanem, linnapea või valitsuse liige kohustatud enne küsimuse arutelu tegema avalduse enda mitteosalemise kohta kõnealuse päevakorrapunkti arutamisel. Sellekohane märge tehakse valitsuse istungi protokolli. Küsimuste arutamiseks ja otsustamiseks vajalik kvoorum on selle võrra väiksem.",true,inForce,2020-01-01,,estleg:KOKS_Par_49_v105022019009
estleg:KOKS_Par_49_Lg_2,estleg:KOKS_Map,§ 49.,2,(2) Kehtetu -,true,inForce,2020-01-01,,estleg:KOKS_Par_49_v105022019009
estleg:KOKS_Par_49_Lg_3,estleg:KOKS_Map,§ 49.,3,(3) Valitsuse juht ei või olla volikogu esimees.,true,inForce,2020-01-01,,estleg:KOKS_Par_49_v105022019009
estleg:KOKS_Par_49_Lg_4,estleg:KOKS_Map,§ 49.,4,"(4) Valitsuse koosseisu kuuluvad vallavanem või linnapea, valitsuse liikmed.",true,inForce,2020-01-01,,estleg:KOKS_Par_49_v105022019009
estleg:KOKS_Par_49_Lg_4_1,estleg:KOKS_Map,§ 49.,4¹,"(4¹) Valitsuse liikmed koordineerivad vallavanema või linnapea üleantud volituse piires valla- või linnavalitsuse tegevusvaldkondi, korraldavad struktuuriüksuste valitsemisalasse kuuluvaid küsimusi ning täidavad muid vallavanema või linnapea antud ülesandeid.",true,inForce,2020-01-01,,estleg:KOKS_Par_49_v105022019009
estleg:KOKS_Par_49_Lg_4_2,estleg:KOKS_Map,§ 49.,4²,"(4²) Valitsuse liikme ametikoht võib volikogu otsusel olla palgaline. Vallavanemale või linnapeale ja valitsuse liikmele ei või maksta sellist lisatasu, hüvitist või toetust ega rakendada tema suhtes selliseid soodustusi, mida volikogu ei ole otsustanud.",true,inForce,2020-01-01,,estleg:KOKS_Par_49_v105022019009
estleg:KOKS_Par_49_Lg_4_3,estleg:KOKS_Map,§ 49.,4³,(4³) Vallavanema või linnapea ja valitsuse palgalise liikme põhipuhkuse kestus on 35 kalendripäeva ning neile kohaldatakse töölepingu seaduse §-des 54 ja 59–71 sätestatud puhkuseregulatsiooni.,true,inForce,2020-01-01,,estleg:KOKS_Par_49_v105022019009
estleg:KOKS_Par_49_Lg_4_4,estleg:KOKS_Map,§ 49.,4⁴,(4⁴) Vallavanema või linnapea ja valitsuse liikme võib saata teenistuslähetusse volikogu kehtestatud tingimustel ja korras. Vallavanema või linnapea ja valitsuse liikme lähetuskulud hüvitatakse avaliku teenistuse seaduses sätestatud tingimustel ja korras.,true,inForce,2020-01-01,,estleg:KOKS_Par_49_v105022019009
estleg:KOKS_Par_49_Lg_4_5,estleg:KOKS_Map,§ 49.,4⁵,"(4⁵) Kui vallavanema, linnapea või valitsuse liikme ametikohustuste täitmine on püsivalt takistatud töövõime vähenemise tõttu, võib volikogu ta ametist vabastada. Ametikohustuste täitmine on töövõime vähenemise tõttu püsivalt takistatud, kui vallavanem, linnapea või valitsuse liige ei saa oma ametikohustusi täita töövõimetuslehe alusel üle nelja kuu järjest või üle viie kuu aasta jooksul.",true,inForce,2020-01-01,,estleg:KOKS_Par_49_v105022019009
estleg:KOKS_Par_49_Lg_5,estleg:KOKS_Map,§ 49.,5,(5) Vallavanema või linnapea asendamine toimub valla või linna põhimääruses sätestatud korras.,true,inForce,2020-01-01,,estleg:KOKS_Par_49_v105022019009
estleg:KOKS_Par_49_Lg_6,estleg:KOKS_Map,§ 49.,6,"(6) Valla- või linnavalitsus on otsustusvõimeline, kui tema istungist võtab osa üle poole valitsuse koosseisust, sealhulgas vallavanem või linnapea või tema asendaja. Istungist võtab sõnaõigusega osa valla- või linnasekretär.",true,inForce,2020-01-01,,estleg:KOKS_Par_49_v105022019009
estleg:KOKS_Par_49_Lg_7,estleg:KOKS_Map,§ 49.,7,(7) Valitsuse otsustused tehakse poolthäälte enamusega.,true,inForce,2020-01-01,,estleg:KOKS_Par_49_v105022019009
estleg:KOKS_Par_49_Lg_8,estleg:KOKS_Map,§ 49.,8,"(8) Valitsuse istungid on kinnised, kui valitsus ei otsusta teisiti.",true,inForce,2020-01-01,,estleg:KOKS_Par_49_v105022019009
estleg:KOKS_Par_49_Lg_9,estleg:KOKS_Map,§ 49.,9,(9) Vallavanem või linnapea või nende asendaja võib istungile kutsuda ka teisi isikuid.,true,inForce,2020-01-01,,estleg:KOKS_Par_49_v105022019009
estleg:KOKS_Par_4_Lg_1,estleg:KOKS_Map,§ 4.,,"Omavalitsusorganid on: volikogu – kohaliku omavalitsusüksuse esinduskogu, mis valitakse valla või linna hääleõiguslike elanike poolt kohaliku omavalitsuse volikogu valimise seaduse alusel; valitsus – volikogu poolt moodustatav täitevorgan.",true,inForce,2011-07-01,,estleg:KOKS_Par_4_v118032011005
estleg:KOKS_Par_5,estleg:KOKS_Map,§ 5.,,(1) Vallal ja linnal on käesolevast seadusest ja eelarve- ning maksuseadustest lähtuv iseseisev eelarve. (2) Volikogul on seaduse alusel õigus kehtestada makse ja panna peale koormisi.,true,inForce,2002-06-01,,estleg:KOKS_Par_5_v22250
estleg:KOKS_Par_50,estleg:KOKS_Map,§ 50.,,"(1) Vallavanem või linnapea: korraldab valla- või linnavalitsuse tööd ja valla- või linnavalitsuse istungite ettevalmistamist; esindab omavalitsusüksust ja valla- või linnavalitsust vastavalt seadusega, valla või linna põhimäärusega ning volikogu poolt antud pädevusele; annab valitsuse liikmete ja muude talle vahetult alluvate isikute kohta ning valla- või linnavalitsuse ja tema ametiasutuste sisemise töö korraldamiseks käskkirju; kirjutab alla valla- või linnavalitsuse määrustele ja korraldustele ning teistele valitsuse dokumentidele; esitab volikogule kinnitamiseks valla- või linnavalitsuse koosseisu; esitab volikogule ettepaneku valitsuse täiendava liikme kinnitamiseks ja valitsuse liikme vabastamiseks valitsuse liikme kohustustest ning palgalise valitsuse liikme ametisse nimetamiseks ja ametist vabastamiseks; nimetab ametisse ja vabastab ametist seaduses sätestatud korras siseaudiitori kutsetegevuse alaste ülesannete täitmiseks ametniku või vastava struktuuriüksuse juhi; esitab valla- või linnavalitsusele ametisse nimetamiseks valla või linna ametiasutuse juhi kandidaadi ja ametisse kinnitamiseks valla või linna ametiasutuse hallatava asutuse juhi kandidaadi, teeb valitsusele ettepaneku nimetatud juhtide ametist vabastamise kohta, teostab tööandja teisi õigusi ja kohustusi, kui volikogu või valitsuse õigusaktis ei ole sätestatud teisiti; kehtetu - täidab muid talle seaduse alusel ja valla või linna põhimäärusega pandud ülesandeid. (2) Vallavanem või linnapea ei tohi olla väljaspool ametikohustusi ühelgi muul valitaval või nimetataval riigi või sama kohaliku omavalitsuse ametikohal. Vallavanem või linnapea peab viivitamata teavitama volikogu kirjalikult, kui ta tegeleb või kavatseb tegeleda väljaspool ametikohustusi töölepingu või teenuste osutamise lepingu alusel või teise kohaliku omavalitsuse ametikohal, ettevõtjana või täisosanikuna täis- või usaldusühingus või juriidilise isiku juhtimis- või kontrollorgani liikmena. Ametikohustusi mõistetakse käesolevas sead",true,inForce,2013-04-01,,estleg:KOKS_Par_50_v126032013006
estleg:KOKS_Par_50_1,estleg:KOKS_Map,§ 50¹.,,"(1) Valitsuse liige peab viivitamata teavitama volikogu kirjalikult, kui ta tegeleb või kavatseb tegeleda väljaspool ametikohustusi töölepingu või teenuste osutamise lepingu alusel või valitaval või nimetataval ametikohal, ettevõtjana või täisosanikuna täis- või usaldusühingus või juriidilise isiku juhtimis- või kontrollorgani liikmena. (2) Kohaliku omavalitsuse volikogu keelab valitsuse liikmel haldusaktiga täielikult või osaliselt käesoleva paragrahvi lõikes 1 nimetatud kõrvaltegevuse, kui kõrvaltegevusele kuluva tööjõu maht või laad takistab korrapärast teenistusülesannete täitmist või kõrvaltegevus toob kaasa teenistuskohustuse rikkumise.",true,inForce,2013-04-01,,estleg:KOKS_Par_50_1_v126032013006
estleg:KOKS_Par_50_1_Lg_1,estleg:KOKS_Map,§ 50¹.,1,"(1) Valitsuse liige peab viivitamata teavitama volikogu kirjalikult, kui ta tegeleb või kavatseb tegeleda väljaspool ametikohustusi töölepingu või teenuste osutamise lepingu alusel või valitaval või nimetataval ametikohal, ettevõtjana või täisosanikuna täis- või usaldusühingus või juriidilise isiku juhtimis- või kontrollorgani liikmena.",true,inForce,2013-04-01,,estleg:KOKS_Par_50_1_v126032013006
estleg:KOKS_Par_50_1_Lg_2,estleg:KOKS_Map,§ 50¹.,2,"(2) Kohaliku omavalitsuse volikogu keelab valitsuse liikmel haldusaktiga täielikult või osaliselt käesoleva paragrahvi lõikes 1 nimetatud kõrvaltegevuse, kui kõrvaltegevusele kuluva tööjõu maht või laad takistab korrapärast teenistusülesannete täitmist või kõrvaltegevus toob kaasa teenistuskohustuse rikkumise.",true,inForce,2013-04-01,,estleg:KOKS_Par_50_1_v126032013006
estleg:KOKS_Par_50_Lg_1,estleg:KOKS_Map,§ 50.,1,"(1) Vallavanem või linnapea: korraldab valla- või linnavalitsuse tööd ja valla- või linnavalitsuse istungite ettevalmistamist; esindab omavalitsusüksust ja valla- või linnavalitsust vastavalt seadusega, valla või linna põhimäärusega ning volikogu poolt antud pädevusele; annab valitsuse liikmete ja muude talle vahetult alluvate isikute kohta ning valla- või linnavalitsuse ja tema ametiasutuste sisemise töö korraldamiseks käskkirju; kirjutab alla valla- või linnavalitsuse määrustele ja korraldustele ning teistele valitsuse dokumentidele; esitab volikogule kinnitamiseks valla- või linnavalitsuse koosseisu; esitab volikogule ettepaneku valitsuse täiendava liikme kinnitamiseks ja valitsuse liikme vabastamiseks valitsuse liikme kohustustest ning palgalise valitsuse liikme ametisse nimetamiseks ja ametist vabastamiseks; nimetab ametisse ja vabastab ametist seaduses sätestatud korras siseaudiitori kutsetegevuse alaste ülesannete täitmiseks ametniku või vastava struktuuriüksuse juhi; esitab valla- või linnavalitsusele ametisse nimetamiseks valla või linna ametiasutuse juhi kandidaadi ja ametisse kinnitamiseks valla või linna ametiasutuse hallatava asutuse juhi kandidaadi, teeb valitsusele ettepaneku nimetatud juhtide ametist vabastamise kohta, teostab tööandja teisi õigusi ja kohustusi, kui volikogu või valitsuse õigusaktis ei ole sätestatud teisiti; kehtetu - täidab muid talle seaduse alusel ja valla või linna põhimäärusega pandud ülesandeid.",true,inForce,2013-04-01,,estleg:KOKS_Par_50_v126032013006
estleg:KOKS_Par_50_Lg_2,estleg:KOKS_Map,§ 50.,2,"(2) Vallavanem või linnapea ei tohi olla väljaspool ametikohustusi ühelgi muul valitaval või nimetataval riigi või sama kohaliku omavalitsuse ametikohal. Vallavanem või linnapea peab viivitamata teavitama volikogu kirjalikult, kui ta tegeleb või kavatseb tegeleda väljaspool ametikohustusi töölepingu või teenuste osutamise lepingu alusel või teise kohaliku omavalitsuse ametikohal, ettevõtjana või täisosanikuna täis- või usaldusühingus või juriidilise isiku juhtimis- või kontrollorgani liikmena. Ametikohustusi mõistetakse käesolevas seaduses korruptsioonivastases seaduses antud tähenduses.",true,inForce,2013-04-01,,estleg:KOKS_Par_50_v126032013006
estleg:KOKS_Par_50_Lg_3,estleg:KOKS_Map,§ 50.,3,"(3) Kohaliku omavalitsuse volikogu keelab vallavanemal või linnapeal haldusaktiga täielikult või osaliselt käesoleva paragrahvi lõikes 2 nimetatud kõrvaltegevuse, kui kõrvaltegevusele kuluva tööjõu maht või laad takistab korrapärast teenistusülesannete täitmist või kõrvaltegevus toob kaasa teenistuskohustuse rikkumise.",true,inForce,2013-04-01,,estleg:KOKS_Par_50_v126032013006
estleg:KOKS_Par_51,estleg:KOKS_Map,§ 51.,,"(1) Volikogu istungi protokollile kirjutab alla volikogu esimees või tema asendaja. (2) Valla- või linnavalitsuse istungi protokollile kirjutavad alla vallavanem või linnapea või nende asendaja ja protokollija. (3) Volikogu või valitsuse komisjoni koosoleku protokollile kirjutab alla koosoleku juhataja. (4) Protokollile allakirjutanud isikud vastutavad protokollis sisalduvate andmete õigsuse eest. (5) Protokolli kantakse istungi või koosoleku toimumise aeg ja koht, osavõtjate nimed, arutlusel olnud küsimused, nende kohta esitatud ettepanekud ja otsused ettepanekute arvestamise või mittearvestamise kohta, hääletustulemused, kui küsimus otsustati hääletamise teel, ning otsustajate ja küsimuste algatajate eriarvamused. (6) Volikogu istungite protokollid peavad olema kättesaadavad igaühele. (7) Valla- või linnavalitsuse istungite ning volikogu ja valitsuse komisjonide koosolekute protokollid peavad olema igaühele kättesaadavad valla või linna põhimääruses sätestatud korras. (8) Üldkättesaadavaks ei tehta protokollides sisalduvaid andmeid, mille väljastamine on seadusega piiratud või mõeldud valla või linna ametiasutuste siseseks kasutamiseks. (9) Protokollid ja teised dokumendid peavad vastama haldusdokumentidele kehtestatud põhinõuetele.",true,inForce,2013-01-01,,estleg:KOKS_Par_51_v128122012005
estleg:KOKS_Par_51_Lg_1,estleg:KOKS_Map,§ 51.,1,(1) Volikogu istungi protokollile kirjutab alla volikogu esimees või tema asendaja.,true,inForce,2013-01-01,,estleg:KOKS_Par_51_v128122012005
estleg:KOKS_Par_51_Lg_2,estleg:KOKS_Map,§ 51.,2,(2) Valla- või linnavalitsuse istungi protokollile kirjutavad alla vallavanem või linnapea või nende asendaja ja protokollija.,true,inForce,2013-01-01,,estleg:KOKS_Par_51_v128122012005
estleg:KOKS_Par_51_Lg_3,estleg:KOKS_Map,§ 51.,3,(3) Volikogu või valitsuse komisjoni koosoleku protokollile kirjutab alla koosoleku juhataja.,true,inForce,2013-01-01,,estleg:KOKS_Par_51_v128122012005
estleg:KOKS_Par_51_Lg_4,estleg:KOKS_Map,§ 51.,4,(4) Protokollile allakirjutanud isikud vastutavad protokollis sisalduvate andmete õigsuse eest.,true,inForce,2013-01-01,,estleg:KOKS_Par_51_v128122012005
estleg:KOKS_Par_51_Lg_5,estleg:KOKS_Map,§ 51.,5,"(5) Protokolli kantakse istungi või koosoleku toimumise aeg ja koht, osavõtjate nimed, arutlusel olnud küsimused, nende kohta esitatud ettepanekud ja otsused ettepanekute arvestamise või mittearvestamise kohta, hääletustulemused, kui küsimus otsustati hääletamise teel, ning otsustajate ja küsimuste algatajate eriarvamused.",true,inForce,2013-01-01,,estleg:KOKS_Par_51_v128122012005
estleg:KOKS_Par_51_Lg_6,estleg:KOKS_Map,§ 51.,6,(6) Volikogu istungite protokollid peavad olema kättesaadavad igaühele.,true,inForce,2013-01-01,,estleg:KOKS_Par_51_v128122012005
estleg:KOKS_Par_51_Lg_7,estleg:KOKS_Map,§ 51.,7,(7) Valla- või linnavalitsuse istungite ning volikogu ja valitsuse komisjonide koosolekute protokollid peavad olema igaühele kättesaadavad valla või linna põhimääruses sätestatud korras.,true,inForce,2013-01-01,,estleg:KOKS_Par_51_v128122012005
estleg:KOKS_Par_51_Lg_8,estleg:KOKS_Map,§ 51.,8,"(8) Üldkättesaadavaks ei tehta protokollides sisalduvaid andmeid, mille väljastamine on seadusega piiratud või mõeldud valla või linna ametiasutuste siseseks kasutamiseks.",true,inForce,2013-01-01,,estleg:KOKS_Par_51_v128122012005
estleg:KOKS_Par_51_Lg_9,estleg:KOKS_Map,§ 51.,9,(9) Protokollid ja teised dokumendid peavad vastama haldusdokumentidele kehtestatud põhinõuetele.,true,inForce,2013-01-01,,estleg:KOKS_Par_51_v128122012005
estleg:KOKS_Par_52,estleg:KOKS_Map,§ 52.,,"(1) Volikogu on tegutsemisvõimetu, kui ta: ei ole vastu võtnud valla või linna eelarvet kolme kuu jooksul eelarveaasta algusest arvates; pole kuue kuu jooksul haldusterritoriaalse korralduse muutmise tulemusena moodustunud kohaliku omavalitsuse üksuse volikogu valimiste tulemuste väljakuulutamise päevast arvates kehtestanud ühinemise tulemusena moodustunud valla või linna põhimäärust; pole kahe kuu jooksul uue koosseisu esimese istungi kokkutulemise päevast arvates valinud volikogu esimeest ja vallavanemat või linnapead või pole nelja kuu jooksul uue koosseisu esimese istungi kokkutulemise päevast arvates kinnitanud valitsuse liikmeid; pole kahe kuu jooksul volikogu esimehe, vallavanema või linnapea ametist vabastamisest arvates valinud uut volikogu esimeest, vallavanemat või linnapead või pole nelja kuu jooksul vallavanema või linnapea vabastamisest arvates kinnitanud valitsuse liikmeid; pole kahe kuu jooksul vallavanemale, linnapeale või valitsusele umbusalduse avaldamise päevast arvates valinud uut vallavanemat või linnapead ja pole nelja kuu jooksul umbusalduse avaldamise päevast arvates kinnitanud valitsuse liikmeid; rikub kohaliku omavalitsuse üksuse finantsjuhtimise seaduse § 46 lõiget 2. (2) Kui volikogu osutub tegutsemisvõimetuks, loetakse kõigi tema liikmete volitused ennetähtaegselt lõppenuks ning nende asemele astuvad asendusliikmed käesoleva seaduse §-s 20 sätestatud korras. Sellisel juhul kutsub volikogu istungi kokku ja seda juhatab kuni volikogu esimehe valimiseni valla või linna valimiskomisjoni esimees või tema asendaja. (3) Kui volikogu liikmete arv langeb alla volikogu koosseisu häälteenamuse saavutamiseks vajaliku arvu vähem kui kuus kuud enne kohaliku omavalitsuse volikogude korralisi valimisi, otsustab käesoleva seaduse § 22 1. lõike punktides 12 ja 13 ning 2. lõikes nimetatud küsimusi valitsus.",true,inForce,2016-07-01,,estleg:KOKS_Par_52_v121062016003
estleg:KOKS_Par_52_Lg_1,estleg:KOKS_Map,§ 52.,1,"(1) Volikogu on tegutsemisvõimetu, kui ta: ei ole vastu võtnud valla või linna eelarvet kolme kuu jooksul eelarveaasta algusest arvates; pole kuue kuu jooksul haldusterritoriaalse korralduse muutmise tulemusena moodustunud kohaliku omavalitsuse üksuse volikogu valimiste tulemuste väljakuulutamise päevast arvates kehtestanud ühinemise tulemusena moodustunud valla või linna põhimäärust; pole kahe kuu jooksul uue koosseisu esimese istungi kokkutulemise päevast arvates valinud volikogu esimeest ja vallavanemat või linnapead või pole nelja kuu jooksul uue koosseisu esimese istungi kokkutulemise päevast arvates kinnitanud valitsuse liikmeid; pole kahe kuu jooksul volikogu esimehe, vallavanema või linnapea ametist vabastamisest arvates valinud uut volikogu esimeest, vallavanemat või linnapead või pole nelja kuu jooksul vallavanema või linnapea vabastamisest arvates kinnitanud valitsuse liikmeid; pole kahe kuu jooksul vallavanemale, linnapeale või valitsusele umbusalduse avaldamise päevast arvates valinud uut vallavanemat või linnapead ja pole nelja kuu jooksul umbusalduse avaldamise päevast arvates kinnitanud valitsuse liikmeid; rikub kohaliku omavalitsuse üksuse finantsjuhtimise seaduse § 46 lõiget 2.",true,inForce,2016-07-01,,estleg:KOKS_Par_52_v121062016003
estleg:KOKS_Par_52_Lg_2,estleg:KOKS_Map,§ 52.,2,"(2) Kui volikogu osutub tegutsemisvõimetuks, loetakse kõigi tema liikmete volitused ennetähtaegselt lõppenuks ning nende asemele astuvad asendusliikmed käesoleva seaduse §-s 20 sätestatud korras. Sellisel juhul kutsub volikogu istungi kokku ja seda juhatab kuni volikogu esimehe valimiseni valla või linna valimiskomisjoni esimees või tema asendaja.",true,inForce,2016-07-01,,estleg:KOKS_Par_52_v121062016003
estleg:KOKS_Par_52_Lg_3,estleg:KOKS_Map,§ 52.,3,"(3) Kui volikogu liikmete arv langeb alla volikogu koosseisu häälteenamuse saavutamiseks vajaliku arvu vähem kui kuus kuud enne kohaliku omavalitsuse volikogude korralisi valimisi, otsustab käesoleva seaduse § 22 1. lõike punktides 12 ja 13 ning 2. lõikes nimetatud küsimusi valitsus.",true,inForce,2016-07-01,,estleg:KOKS_Par_52_v121062016003
estleg:KOKS_Par_53,estleg:KOKS_Map,§ 53.,,Kehtetu -,true,inForce,2011-07-01,,estleg:KOKS_Par_53_v118032011005
estleg:KOKS_Par_53_1,estleg:KOKS_Map,§ 53¹.,,"(1) Kohalik omavalitsus võib moodustada valla- või linnavalitsuse korrakaitseüksuse (edaspidi korrakaitseüksus) või nimetada ametisse korrakaitsega tegeleva ametniku (edaspidi korrakaitseametnik), kelle põhiülesanne on osaleda avaliku korra tagamisel ja teostada valla- või linnavolikogu poolt vastuvõetud eeskirjade täitmise üle järelevalvet kohaliku omavalitsuse määratud tööpiirkonnas. (2) Korrakaitseüksuse ja korrakaitseametniku tegevust finantseeritakse kohaliku omavalitsuse eelarvest.",true,inForce,2006-07-08,,estleg:KOKS_Par_53_1_v1042862
estleg:KOKS_Par_53_1_Lg_1,estleg:KOKS_Map,§ 53¹.,1,"(1) Kohalik omavalitsus võib moodustada valla- või linnavalitsuse korrakaitseüksuse (edaspidi korrakaitseüksus) või nimetada ametisse korrakaitsega tegeleva ametniku (edaspidi korrakaitseametnik), kelle põhiülesanne on osaleda avaliku korra tagamisel ja teostada valla- või linnavolikogu poolt vastuvõetud eeskirjade täitmise üle järelevalvet kohaliku omavalitsuse määratud tööpiirkonnas.",true,inForce,2006-07-08,,estleg:KOKS_Par_53_1_v1042862
estleg:KOKS_Par_53_1_Lg_2,estleg:KOKS_Map,§ 53¹.,2,(2) Korrakaitseüksuse ja korrakaitseametniku tegevust finantseeritakse kohaliku omavalitsuse eelarvest.,true,inForce,2006-07-08,,estleg:KOKS_Par_53_1_v1042862
estleg:KOKS_Par_53_2,estleg:KOKS_Map,§ 53².,,"(1) Korrakaitseüksuse moodustamise ja lõpetamise või korrakaitseametniku ametikoha loomise ja koondamise otsustab valla- või linnavolikogu. (2) Korrakaitseüksuse alluvus, tööpiirkond ja täpsemad ülesanded sätestatakse valla- või linnavolikogu poolt kinnitatavas põhimääruses. Korrakaitseametniku ametikoha moodustamisel valla- või linnavalitsuses sätestatakse korrakaitseametniku alluvus, tööpiirkond ja täpsemad ülesanded korrakaitseametniku ametijuhendis. (3) Korrakaitseametnikule laieneb avaliku teenistuse seadus.",true,inForce,2008-12-17,,estleg:KOKS_Par_53_2_v13092924
estleg:KOKS_Par_53_2_Lg_1,estleg:KOKS_Map,§ 53².,1,(1) Korrakaitseüksuse moodustamise ja lõpetamise või korrakaitseametniku ametikoha loomise ja koondamise otsustab valla- või linnavolikogu.,true,inForce,2008-12-17,,estleg:KOKS_Par_53_2_v13092924
estleg:KOKS_Par_53_2_Lg_2,estleg:KOKS_Map,§ 53².,2,"(2) Korrakaitseüksuse alluvus, tööpiirkond ja täpsemad ülesanded sätestatakse valla- või linnavolikogu poolt kinnitatavas põhimääruses. Korrakaitseametniku ametikoha moodustamisel valla- või linnavalitsuses sätestatakse korrakaitseametniku alluvus, tööpiirkond ja täpsemad ülesanded korrakaitseametniku ametijuhendis.",true,inForce,2008-12-17,,estleg:KOKS_Par_53_2_v13092924
estleg:KOKS_Par_53_2_Lg_3,estleg:KOKS_Map,§ 53².,3,(3) Korrakaitseametnikule laieneb avaliku teenistuse seadus.,true,inForce,2008-12-17,,estleg:KOKS_Par_53_2_v13092924
estleg:KOKS_Par_53_3,estleg:KOKS_Map,§ 53³.,,"(1) Korrakaitseüksus ja korrakaitseametnik teevad oma ülesannete täitmisel koostööd teiste kohalike omavalitsuste asutuste, riigiorganite, Politsei- ja Piirivalveamet, eraõiguslike juriidiliste isikute ja kodanikega ning nende ühendustega. (2) Politsei- ja Piirivalveamet osutab valla- või linnavalitsusega sõlmitava lepingu alusel abi korrakaitseüksuse ja korrakaitseametniku väljaõppel ja täienduskoolitusel.",true,inForce,2012-01-01,,estleg:KOKS_Par_53_3_v130122011056
estleg:KOKS_Par_53_3_Lg_1,estleg:KOKS_Map,§ 53³.,1,"(1) Korrakaitseüksus ja korrakaitseametnik teevad oma ülesannete täitmisel koostööd teiste kohalike omavalitsuste asutuste, riigiorganite, Politsei- ja Piirivalveamet, eraõiguslike juriidiliste isikute ja kodanikega ning nende ühendustega.",true,inForce,2012-01-01,,estleg:KOKS_Par_53_3_v130122011056
estleg:KOKS_Par_53_3_Lg_2,estleg:KOKS_Map,§ 53³.,2,(2) Politsei- ja Piirivalveamet osutab valla- või linnavalitsusega sõlmitava lepingu alusel abi korrakaitseüksuse ja korrakaitseametniku väljaõppel ja täienduskoolitusel.,true,inForce,2012-01-01,,estleg:KOKS_Par_53_3_v130122011056
estleg:KOKS_Par_53_4,estleg:KOKS_Map,§ 53⁴.,,Kehtetu -,true,inForce,2011-07-01,,estleg:KOKS_Par_53_4_v118032011005
estleg:KOKS_Par_53_5,estleg:KOKS_Map,§ 53⁵.,,"(1) Korrakaitseametnikud kannavad kohaliku omavalitsuse sümboolikaga vormiriietust või muid neid eristavaid ametitunnuseid, mis erinevad selgelt politsei omadest. (2) Korrakaitseametniku vormiriietuse ja muud ametitunnused kehtestab määrusega.",true,inForce,2014-07-01,,estleg:KOKS_Par_53_5_v114032014052
estleg:KOKS_Par_53_5_Lg_1,estleg:KOKS_Map,§ 53⁵.,1,"(1) Korrakaitseametnikud kannavad kohaliku omavalitsuse sümboolikaga vormiriietust või muid neid eristavaid ametitunnuseid, mis erinevad selgelt politsei omadest.",true,inForce,2014-07-01,,estleg:KOKS_Par_53_5_v114032014052
estleg:KOKS_Par_53_5_Lg_2,estleg:KOKS_Map,§ 53⁵.,2,(2) Korrakaitseametniku vormiriietuse ja muud ametitunnused kehtestab määrusega.,true,inForce,2014-07-01,,estleg:KOKS_Par_53_5_v114032014052
estleg:KOKS_Par_54,estleg:KOKS_Map,§ 54.,,"(1) Omavalitsusteenistust valla ja linna ametiasutustes reguleerib avaliku teenistuse seadus, töölepingu seadus ja käesolev seadus. (2) Kohaliku omavalitsuse üksuse ametiasutuse ametnikud ja töötajad peavad valdama eesti keelt keeleseaduses ja keeleseaduse alusel antud õigusaktis sätestatud ulatuses.",true,inForce,2015-03-22,,estleg:KOKS_Par_54_v112032015023
estleg:KOKS_Par_54_1,estleg:KOKS_Map,§ 54¹.,,"(1) Palgalisel ametikohal töötavale volikogu esimehele või tema asetäitjale, vallavanemale või linnapeale ja volikogu poolt ametisse nimetatud valitsuse liikmele võib volikogu otsusega maksta ametist vabastamisel hüvitust kuni kolme kuu ametipalga ulatuses, kui ta on töötanud kaks kuni kaheksa aastat, ja kuni kuue kuu ametipalga ulatuses, kui ta on töötanud vastaval ametikohal rohkem kui kaheksa aastat ning vabastamine toimub: seoses volituste tähtajalise lõppemisega; tema enda algatusel seoses terviseseisundiga, mis ei võimalda püsivalt oma teenistuskohustusi täita; seoses umbusalduse avaldamisega. (2) Käesoleva paragrahvi 1. lõikes sätestatud hüvitust ei maksta, kui volikogu poolt ametisse valitud või nimetatud isik: vabastatakse ametist tema enda algatusel, v.a käesoleva paragrahvi 1. lõike punktis 2 toodud juhul; valitakse või nimetatakse volikogu poolt ametisse uueks tähtajaks. (3) Palgalisel ametikohal töötavale vallavanemale või linnapeale makstakse ametist vabastamisel seoses volituste tähtajalise lõppemisega volikogu otsusega hüvitist kohaliku omavalitsuse volikogu valimiste tulemuste väljakuulutamise päevale eelnenud kahe aasta vastava ametikoha kuu keskmise ametipalga kuuekordses ulatuses, kui ta vabastatakse ametist volikogude algatusel toimuva valdade või linnade haldusterritoriaalse korralduse muudatuse jõustumise tulemusena uue valitsuse ametisse nimetamisega ning vallavanem või linnapea on ametis olnud vähemalt ühe aasta enne ühinemise käigus moodustunud uue kohaliku omavalitsuse üksuse volikogu valimiste tulemuste väljakuulutamise päeva. (3¹) Volikogu esimehele, kellele volikogu on määranud töötasu või hüvituse käesoleva seaduse § 22 lõike 1 punkti 21 alusel, makstakse seoses volikogu esimehe volituste tähtajalise lõppemisega volikogu otsusega hüvitist kohaliku omavalitsuse volikogu valimiste tulemuste väljakuulutamise päevale eelnenud kahe aasta kuu keskmise töötasu või hüvituse kuuekordses ulatuses, kui volikogu esimehe volitused lõpevad volikogud",true,inForce,2016-07-01,,estleg:KOKS_Par_54_1_v121062016003
estleg:KOKS_Par_54_1_Lg_1,estleg:KOKS_Map,§ 54¹.,1,"(1) Palgalisel ametikohal töötavale volikogu esimehele või tema asetäitjale, vallavanemale või linnapeale ja volikogu poolt ametisse nimetatud valitsuse liikmele võib volikogu otsusega maksta ametist vabastamisel hüvitust kuni kolme kuu ametipalga ulatuses, kui ta on töötanud kaks kuni kaheksa aastat, ja kuni kuue kuu ametipalga ulatuses, kui ta on töötanud vastaval ametikohal rohkem kui kaheksa aastat ning vabastamine toimub: seoses volituste tähtajalise lõppemisega; tema enda algatusel seoses terviseseisundiga, mis ei võimalda püsivalt oma teenistuskohustusi täita; seoses umbusalduse avaldamisega.",true,inForce,2016-07-01,,estleg:KOKS_Par_54_1_v121062016003
estleg:KOKS_Par_54_1_Lg_2,estleg:KOKS_Map,§ 54¹.,2,"(2) Käesoleva paragrahvi 1. lõikes sätestatud hüvitust ei maksta, kui volikogu poolt ametisse valitud või nimetatud isik: vabastatakse ametist tema enda algatusel, v.a käesoleva paragrahvi 1. lõike punktis 2 toodud juhul; valitakse või nimetatakse volikogu poolt ametisse uueks tähtajaks.",true,inForce,2016-07-01,,estleg:KOKS_Par_54_1_v121062016003
estleg:KOKS_Par_54_1_Lg_3,estleg:KOKS_Map,§ 54¹.,3,"(3) Palgalisel ametikohal töötavale vallavanemale või linnapeale makstakse ametist vabastamisel seoses volituste tähtajalise lõppemisega volikogu otsusega hüvitist kohaliku omavalitsuse volikogu valimiste tulemuste väljakuulutamise päevale eelnenud kahe aasta vastava ametikoha kuu keskmise ametipalga kuuekordses ulatuses, kui ta vabastatakse ametist volikogude algatusel toimuva valdade või linnade haldusterritoriaalse korralduse muudatuse jõustumise tulemusena uue valitsuse ametisse nimetamisega ning vallavanem või linnapea on ametis olnud vähemalt ühe aasta enne ühinemise käigus moodustunud uue kohaliku omavalitsuse üksuse volikogu valimiste tulemuste väljakuulutamise päeva.",true,inForce,2016-07-01,,estleg:KOKS_Par_54_1_v121062016003
estleg:KOKS_Par_54_1_Lg_3_1,estleg:KOKS_Map,§ 54¹.,3¹,"(3¹) Volikogu esimehele, kellele volikogu on määranud töötasu või hüvituse käesoleva seaduse § 22 lõike 1 punkti 21 alusel, makstakse seoses volikogu esimehe volituste tähtajalise lõppemisega volikogu otsusega hüvitist kohaliku omavalitsuse volikogu valimiste tulemuste väljakuulutamise päevale eelnenud kahe aasta kuu keskmise töötasu või hüvituse kuuekordses ulatuses, kui volikogu esimehe volitused lõpevad volikogude algatusel toimuva valdade või linnade haldusterritoriaalse korralduse muutmise käigus kohaliku omavalitsuse üksuse volikogu valimiste tulemuste väljakuulutamisega ning ta on volikogu esimehena töötanud vähemalt ühe aasta enne ühinemise käigus moodustunud uue kohaliku omavalitsuse üksuse volikogu valimiste tulemuste väljakuulutamise päeva.",true,inForce,2016-07-01,,estleg:KOKS_Par_54_1_v121062016003
estleg:KOKS_Par_54_1_Lg_4,estleg:KOKS_Map,§ 54¹.,4,"(4) Käesoleva paragrahvi lõigetes 3 ja 31 sätestatud hüvitist ei maksta, kui volikogu valib vallavanema, linnapea või volikogu esimehe uueks tähtajaks.",true,inForce,2016-07-01,,estleg:KOKS_Par_54_1_v121062016003
estleg:KOKS_Par_54_1_Lg_5,estleg:KOKS_Map,§ 54¹.,5,"(5) Käesoleva paragrahvi lõikes 3 või 31 sätestatud juhul ei maksta vallavanemale, linnapeale ega volikogu esimehele käesoleva paragrahvi lõike 1 punktis 1 nimetatud hüvitust.",true,inForce,2016-07-01,,estleg:KOKS_Par_54_1_v121062016003
estleg:KOKS_Par_54_2,estleg:KOKS_Map,§ 54².,,"(1) Puuduvat ametnikku võib asendada, või juhul, kui ametiasutuse töö oleks ametniku puudumise tõttu takistatud ja asendaja ametisse nimetamine ei ole võimalik või otstarbekas, anda puuduva ametniku ülesanded teisele ametnikule või selles ametiasutuses töölepingu alusel töötavale isikule, kes vastab ametnikule ja asendataval ametikohal esitatavatele nõuetele. Töötaja poolt ametniku asendamine on lubatud vaid juhul, kui ametiasutuses ei ole võimalik määrata ametnikust asendajat. (2) Käesoleva paragrahvi 1. lõikes nimetatud töötajast asendaja nimetatakse asendamise ajaks ametnikuna teenistusse avaliku teenistuse seaduse § 23 lõike 2 punkti 1 alusel. (3) Käesoleva paragrahvi 1. lõikes nimetatud ametniku asendamine töötajast asendaja poolt ei tohi kesta üle viie kuu kalendriaastas. (4) Puuduva ametniku ülesannete täitmisest võib keelduda isik, kes on rase või kasvatab alla kolmeaastast või puudega alaealist last. (5) Käesoleva paragrahvi 1. lõikes nimetatud töötajast asendajale võib maksta lisatasu proportsionaalselt talle pandud asendatava teenistusülesannetega. (6) Käesoleva paragrahvi 1. lõikes nimetatud asendajale kohaldub avaliku teenistuse seadusest tulenev streigikeeld ning ametniku tegevuspiirangud asendamise ajal.",true,inForce,2013-04-01,,estleg:KOKS_Par_54_2_v126032013006
estleg:KOKS_Par_54_2_Lg_1,estleg:KOKS_Map,§ 54².,1,"(1) Puuduvat ametnikku võib asendada, või juhul, kui ametiasutuse töö oleks ametniku puudumise tõttu takistatud ja asendaja ametisse nimetamine ei ole võimalik või otstarbekas, anda puuduva ametniku ülesanded teisele ametnikule või selles ametiasutuses töölepingu alusel töötavale isikule, kes vastab ametnikule ja asendataval ametikohal esitatavatele nõuetele. Töötaja poolt ametniku asendamine on lubatud vaid juhul, kui ametiasutuses ei ole võimalik määrata ametnikust asendajat.",true,inForce,2013-04-01,,estleg:KOKS_Par_54_2_v126032013006
estleg:KOKS_Par_54_2_Lg_2,estleg:KOKS_Map,§ 54².,2,(2) Käesoleva paragrahvi 1. lõikes nimetatud töötajast asendaja nimetatakse asendamise ajaks ametnikuna teenistusse avaliku teenistuse seaduse § 23 lõike 2 punkti 1 alusel.,true,inForce,2013-04-01,,estleg:KOKS_Par_54_2_v126032013006
estleg:KOKS_Par_54_2_Lg_3,estleg:KOKS_Map,§ 54².,3,(3) Käesoleva paragrahvi 1. lõikes nimetatud ametniku asendamine töötajast asendaja poolt ei tohi kesta üle viie kuu kalendriaastas.,true,inForce,2013-04-01,,estleg:KOKS_Par_54_2_v126032013006
estleg:KOKS_Par_54_2_Lg_4,estleg:KOKS_Map,§ 54².,4,"(4) Puuduva ametniku ülesannete täitmisest võib keelduda isik, kes on rase või kasvatab alla kolmeaastast või puudega alaealist last.",true,inForce,2013-04-01,,estleg:KOKS_Par_54_2_v126032013006
estleg:KOKS_Par_54_2_Lg_5,estleg:KOKS_Map,§ 54².,5,(5) Käesoleva paragrahvi 1. lõikes nimetatud töötajast asendajale võib maksta lisatasu proportsionaalselt talle pandud asendatava teenistusülesannetega.,true,inForce,2013-04-01,,estleg:KOKS_Par_54_2_v126032013006
estleg:KOKS_Par_54_2_Lg_6,estleg:KOKS_Map,§ 54².,6,(6) Käesoleva paragrahvi 1. lõikes nimetatud asendajale kohaldub avaliku teenistuse seadusest tulenev streigikeeld ning ametniku tegevuspiirangud asendamise ajal.,true,inForce,2013-04-01,,estleg:KOKS_Par_54_2_v126032013006
estleg:KOKS_Par_54_3,estleg:KOKS_Map,§ 54³.,,"Kui valla või linna ametiasutuses töötava ametniku või töötaja ametist vabastamine toimub seoses haldusterritoriaalse korralduse muutmisest tuleneva ameti- või töökoha koondamisega, võib ametnikule või töötajale volikogu otsusega maksta ametist vabastamisel hüvitist või preemiat pikaajalise ja eeskujuliku teenistus- või tööülesannete täitmise eest kuni kolme kuu ametipalga ulatuses, kui ta on töötanud valla või linna ametiasutuses ametniku või töötajana kaks kuni kaheksa aastat, ja kuni kuue kuu ametipalga ulatuses, kui ta on töötanud ametniku või töötajana rohkem kui kaheksa aastat.",true,inForce,2017-07-05,,estleg:KOKS_Par_54_3_v104072017019
estleg:KOKS_Par_54_3_Lg_1,estleg:KOKS_Map,§ 54³.,,"Kui valla või linna ametiasutuses töötava ametniku või töötaja ametist vabastamine toimub seoses haldusterritoriaalse korralduse muutmisest tuleneva ameti- või töökoha koondamisega, võib ametnikule või töötajale volikogu otsusega maksta ametist vabastamisel hüvitist või preemiat pikaajalise ja eeskujuliku teenistus- või tööülesannete täitmise eest kuni kolme kuu ametipalga ulatuses, kui ta on töötanud valla või linna ametiasutuses ametniku või töötajana kaks kuni kaheksa aastat, ja kuni kuue kuu ametipalga ulatuses, kui ta on töötanud ametniku või töötajana rohkem kui kaheksa aastat.",true,inForce,2017-07-05,,estleg:KOKS_Par_54_3_v104072017019
estleg:KOKS_Par_54_Lg_1,estleg:KOKS_Map,§ 54.,1,"(1) Omavalitsusteenistust valla ja linna ametiasutustes reguleerib avaliku teenistuse seadus, töölepingu seadus ja käesolev seadus.",true,inForce,2015-03-22,,estleg:KOKS_Par_54_v112032015023
estleg:KOKS_Par_54_Lg_2,estleg:KOKS_Map,§ 54.,2,(2) Kohaliku omavalitsuse üksuse ametiasutuse ametnikud ja töötajad peavad valdama eesti keelt keeleseaduses ja keeleseaduse alusel antud õigusaktis sätestatud ulatuses.,true,inForce,2015-03-22,,estleg:KOKS_Par_54_v112032015023
estleg:KOKS_Par_55,estleg:KOKS_Map,§ 55.,,"(1) Valla- või linnasekretäri nimetab ametisse ja vabastab ametist seaduses sätestatud korras vallavanem või linnapea. (2) Valla- või linnasekretäriks võib nimetada vähemalt 21-aastase Eesti kodaniku: kes on omandanud õiguse õppesuunal vähemalt riiklikult tunnustatud magistrikraadi, sellele vastava kvalifikatsiooni Eesti Vabariigi haridusseaduse § 28 lõike 22 tähenduses või sellele vastava välisriigi kvalifikatsiooni; kes on omandanud õiguse õppesuunal vähemalt riiklikult tunnustatud bakalaureusekraadi, sellele vastava kvalifikatsiooni Eesti Vabariigi haridusseaduse § 28 lõike 22 tähenduses või sellele vastava välisriigi kvalifikatsiooni ning kes on töötanud avaliku teenistuse seaduse § 2 tähenduses riigi või kohaliku omavalitsuse ametiasutuses vähemalt kaks aastat või; kellele on Vabariigi Valitsuse moodustatud valla- ja linnasekretäride kutsekomisjoni poolt enne 2011. aasta 1. märtsi väljastatud valla- ja linnasekretäride kutsenõuetele vastavuse tunnistus ja kes on töötanud avaliku teenistuse seaduse § 2 tähenduses riigi või kohaliku omavalitsuse ametiasutuses vähemalt kaks aastat, kuid kes ei vasta käesoleva lõike punktides 1 ja 2 sätestatud haridusnõuetele. (3) Valla- või linnasekretär ei kuulu valitsuse koosseisu, kuid ta võtab sõnaõigusega osa valitsuse istungitest. (4) Valla- või linnasekretär: juhib valla- või linnakantseleid ning esitab vallavanemale või linnapeale ettepanekuid valla- või linnakantselei ülesannete, struktuuri ja teenistujate koosseisu kohta; annab kaasallkirja valitsuse määrustele ja korraldustele; korraldab valitsuse õigusaktide avaldamist ja töö avalikustamist; korraldab volikogu õigusaktide avaldamist ja töö avalikustamist; kehtetu - esindab valda või linna kohtus või volitab selleks teisi isikuid; hoiab valla või linna vapipitsatit; osaleb valitsuse istungi dokumentide ettevalmistamisel ja korraldab istungite protokollimist; annab valla- või linnakantselei sisemise töö korraldamiseks käskkirju; registreerib kriminaalmenetluse seadustiku",true,inForce,2018-01-01,,estleg:KOKS_Par_55_v104072017022
estleg:KOKS_Par_55_Lg_1,estleg:KOKS_Map,§ 55.,1,(1) Valla- või linnasekretäri nimetab ametisse ja vabastab ametist seaduses sätestatud korras vallavanem või linnapea.,true,inForce,2018-01-01,,estleg:KOKS_Par_55_v104072017022
estleg:KOKS_Par_55_Lg_2,estleg:KOKS_Map,§ 55.,2,"(2) Valla- või linnasekretäriks võib nimetada vähemalt 21-aastase Eesti kodaniku: kes on omandanud õiguse õppesuunal vähemalt riiklikult tunnustatud magistrikraadi, sellele vastava kvalifikatsiooni Eesti Vabariigi haridusseaduse § 28 lõike 22 tähenduses või sellele vastava välisriigi kvalifikatsiooni; kes on omandanud õiguse õppesuunal vähemalt riiklikult tunnustatud bakalaureusekraadi, sellele vastava kvalifikatsiooni Eesti Vabariigi haridusseaduse § 28 lõike 22 tähenduses või sellele vastava välisriigi kvalifikatsiooni ning kes on töötanud avaliku teenistuse seaduse § 2 tähenduses riigi või kohaliku omavalitsuse ametiasutuses vähemalt kaks aastat või; kellele on Vabariigi Valitsuse moodustatud valla- ja linnasekretäride kutsekomisjoni poolt enne 2011. aasta 1. märtsi väljastatud valla- ja linnasekretäride kutsenõuetele vastavuse tunnistus ja kes on töötanud avaliku teenistuse seaduse § 2 tähenduses riigi või kohaliku omavalitsuse ametiasutuses vähemalt kaks aastat, kuid kes ei vasta käesoleva lõike punktides 1 ja 2 sätestatud haridusnõuetele.",true,inForce,2018-01-01,,estleg:KOKS_Par_55_v104072017022
estleg:KOKS_Par_55_Lg_3,estleg:KOKS_Map,§ 55.,3,"(3) Valla- või linnasekretär ei kuulu valitsuse koosseisu, kuid ta võtab sõnaõigusega osa valitsuse istungitest.",true,inForce,2018-01-01,,estleg:KOKS_Par_55_v104072017022
estleg:KOKS_Par_55_Lg_4,estleg:KOKS_Map,§ 55.,4,"(4) Valla- või linnasekretär: juhib valla- või linnakantseleid ning esitab vallavanemale või linnapeale ettepanekuid valla- või linnakantselei ülesannete, struktuuri ja teenistujate koosseisu kohta; annab kaasallkirja valitsuse määrustele ja korraldustele; korraldab valitsuse õigusaktide avaldamist ja töö avalikustamist; korraldab volikogu õigusaktide avaldamist ja töö avalikustamist; kehtetu - esindab valda või linna kohtus või volitab selleks teisi isikuid; hoiab valla või linna vapipitsatit; osaleb valitsuse istungi dokumentide ettevalmistamisel ja korraldab istungite protokollimist; annab valla- või linnakantselei sisemise töö korraldamiseks käskkirju; registreerib kriminaalmenetluse seadustiku §-s 141 sätestatud juhul eeluurimiskohtuniku määruse või kohtumääruse alusel vallavanema või linnapea teenistussuhte peatumise määruse selle saamisele järgnevast tööpäevast; kehtetu - korraldab valimisi või rahvahääletusi vallas või linnas Euroopa Parlamendi valimise seaduses, kohaliku omavalitsuse volikogu valimise seaduses, Riigikogu valimise seaduses või rahvahääletuse seaduses sätestatud korras; täidab teisi seaduses, valla või linna põhimääruses ja kohaliku omavalitsuse üksuse õigusaktis valla- või linnasekretärile sätestatud ülesandeid.",true,inForce,2018-01-01,,estleg:KOKS_Par_55_v104072017022
estleg:KOKS_Par_55_Lg_5,estleg:KOKS_Map,§ 55.,5,(5) Valla- või linnasekretäri äraolekul asendab teda vallavanema või linnapea käskkirjaga määratud isik. Valla- või linnasekretäri asendajal on kõik valla- või linnasekretäri õigused ja kohustused ning ta peab vastama käesoleva paragrahvi lõikes 2 sätestatud vanuse ja kodakondsuse nõudele ning ühele lõike 2 punktides 1–3 valla- või linnasekretäri ametisse nimetamiseks esitatud tingimusele.,true,inForce,2018-01-01,,estleg:KOKS_Par_55_v104072017022
estleg:KOKS_Par_55_Lg_6,estleg:KOKS_Map,§ 55.,6,"(6) Kui valla- või linnasekretär kandideerib Euroopa Parlamendi, kohaliku omavalitsuse volikogu või Riigikogu valimistel, asub nendel valimistel volitatud esindajaks või tal ei ole muul põhjusel võimalik täita valimiste korraldaja ülesandeid, nimetab vallavanem või linnapea käskkirjaga valla- või linnasekretäri asendaja käesoleva paragrahvi lõike 4 punktis 93 sätestatud ülesannete täitmiseks.",true,inForce,2018-01-01,,estleg:KOKS_Par_55_v104072017022
estleg:KOKS_Par_56,estleg:KOKS_Map,§ 56.,,"(1) Osavald või linnaosa on valla või linna maa-alal ja koosseisus volikogu kinnitatud osavalla või linnaosa põhimääruse alusel tegutsev üksus, mille eesmärk on kohaliku initsiatiivi ja identiteedi hoidmine, kohaliku omavalitsuse üksuse elanike kaasamine kohaliku elu küsimuste otsustamisse ning piirkondlike huvide esindamine valla või linna ülesannete täitmisel. (2) Osavalla või linnaosa elanike esinduskoguna moodustatakse osavallas või linnaosas osavalla või linnaosa põhimäärusega osavalla- või linnaosakogu, kelle liikmed valitakse demokraatlikkuse põhimõttel nimetatud põhimääruses sätestatud korras. (3) Osavalla- või linnaosakogu valib osavalla- või linnaosakogu esimehe. (4) Osavalla- või linnaosakogu pädevuses on seisukoha võtmine ja ettepanekute tegemine kõigis osavalla või linnaosa territooriumil omavalitsuse toimimist või kohalikku elukorraldust puudutavates küsimustes. (5) Osavalla- või linnaosakogu pädevuses on omavalitsuse esindamine ning otsuste langetamine osavalla või linnaosa territooriumi puudutavates küsimustes talle seadusega, valla või linna põhimäärusega, osavalla või linnaosa põhimäärusega või volikogu otsusega antud valdkondades ning pädevuste piires.",true,inForce,2016-07-01,,estleg:KOKS_Par_56_v121062016003
estleg:KOKS_Par_56_Lg_1,estleg:KOKS_Map,§ 56.,1,"(1) Osavald või linnaosa on valla või linna maa-alal ja koosseisus volikogu kinnitatud osavalla või linnaosa põhimääruse alusel tegutsev üksus, mille eesmärk on kohaliku initsiatiivi ja identiteedi hoidmine, kohaliku omavalitsuse üksuse elanike kaasamine kohaliku elu küsimuste otsustamisse ning piirkondlike huvide esindamine valla või linna ülesannete täitmisel.",true,inForce,2016-07-01,,estleg:KOKS_Par_56_v121062016003
estleg:KOKS_Par_56_Lg_2,estleg:KOKS_Map,§ 56.,2,"(2) Osavalla või linnaosa elanike esinduskoguna moodustatakse osavallas või linnaosas osavalla või linnaosa põhimäärusega osavalla- või linnaosakogu, kelle liikmed valitakse demokraatlikkuse põhimõttel nimetatud põhimääruses sätestatud korras.",true,inForce,2016-07-01,,estleg:KOKS_Par_56_v121062016003
estleg:KOKS_Par_56_Lg_3,estleg:KOKS_Map,§ 56.,3,(3) Osavalla- või linnaosakogu valib osavalla- või linnaosakogu esimehe.,true,inForce,2016-07-01,,estleg:KOKS_Par_56_v121062016003
estleg:KOKS_Par_56_Lg_4,estleg:KOKS_Map,§ 56.,4,(4) Osavalla- või linnaosakogu pädevuses on seisukoha võtmine ja ettepanekute tegemine kõigis osavalla või linnaosa territooriumil omavalitsuse toimimist või kohalikku elukorraldust puudutavates küsimustes.,true,inForce,2016-07-01,,estleg:KOKS_Par_56_v121062016003
estleg:KOKS_Par_56_Lg_5,estleg:KOKS_Map,§ 56.,5,"(5) Osavalla- või linnaosakogu pädevuses on omavalitsuse esindamine ning otsuste langetamine osavalla või linnaosa territooriumi puudutavates küsimustes talle seadusega, valla või linna põhimäärusega, osavalla või linnaosa põhimäärusega või volikogu otsusega antud valdkondades ning pädevuste piires.",true,inForce,2016-07-01,,estleg:KOKS_Par_56_v121062016003
estleg:KOKS_Par_57,estleg:KOKS_Map,§ 57.,,"(1) Osavalla või linnaosa moodustamise võivad algatada: üks neljandik volikogu liikmetest; taotluse korras vähemalt üks protsent hääleõiguslikest valla- või linnaelanikest, kuid mitte vähem kui viis hääleõiguslikku valla- või linnaelanikku; valla- või linnavalitsus. (1¹) Osavalla või linnaosa võib moodustada kohaliku omavalitsuse üksuste haldusterritoriaalse korralduse muutmisel, kui see on ühinemislepinguga kokku lepitud. Ühinemislepinguga moodustatud osavald või linnaosa alustab tegevust kohaliku omavalitsuse volikogu valimiste tulemuste jõustumise päevast. (2) Osavalla või linnaosa põhimääruses sätestatakse: osavalla või linnaosa piiride kirjeldus; osavalla- või linnaosakogu kui osavalla või linnaosa elanike esinduskogu moodustamise kord ning osavalla- või linnaosakogu esimehe valimise kord; osavalla või linnaosa valitsuse moodustamise kord, kui moodustatakse osavalla või linnaosa valitsus; osavalla või linnaosa vanema ametisse nimetamise kord, kui osavallas või linnaosas moodustatakse osavalla või linnaosa vanema ametikoht, kusjuures vanema volituste tähtaeg ei tohi ületada selle valla- või linnavalitsuse volituste tähtaega; osavalla- või linnaosakogu, osavalla- või linnaosakogu esimehe, osavalla või linnaosa valitsuse ja osavalla või linnaosa vanema volitused ning nende teostamiseks vajalikud valla või linna eelarvelised vahendid; osavalla- või linnaosakogu, osavalla- või linnaosakogu esimehe, osavalla või linnaosa vanema ja osavalla või linnaosa valitsuse tegevuse järelevalve ning osavalla või linnaosa likvideerimise alused ja kord. (3) Taotluse alusel otsustab volikogu osavalla või linnaosa moodustamise või lükkab taotluse tagasi. Vajaduse korral võib volikogu korraldada nimetatud küsimuses elanike küsitluse. (4) Osavalla- või linnaosakogul ega selle esimehel ja osavalla või linnaosa valitsusel ega vanemal ei ole õigustloova akti andmise õigust. (4¹) Osavalla- või linnaosakogu võib oma volituste piires ja ülesannete täitmiseks üksikaktina vastu võtta otsuseid",true,inForce,2016-07-01,,estleg:KOKS_Par_57_v121062016003
estleg:KOKS_Par_57_1,estleg:KOKS_Map,§ 57¹.,,"(1) Osavalla või linnaosa vanema nimetab ametikohale valla- või linnavalitsus osavalla või linnaosa põhimääruses sätestatud korras, võttes arvesse osavalla- või linnaosakogu arvamuse. (1¹) Osavalla ja linnaosa vanemale laieneb avaliku teenistuse seaduses ametniku kohta sätestatu niivõrd, kuivõrd käesolevas seaduses ei sätestata teisiti. (1²) Osavalla ja linnaosa vanema vaba ametikoha täitmisele ei pea kohaldama avaliku teenistuse seaduse § 16–20. (2) Osavalla või linnaosa vanema vabastab teenistusest valla- või linnavalitsus, kui vallavanema või linnapea hinnangul vallavanema või linnapea ja osavalla või linnaosa vanema koostöö ei laabu, võttes arvesse osavalla- või linnaosakogu arvamuse. (3) Osavalla või linnaosa vanemat ei tohi käesoleva paragrahvi lõikes 2 nimetatud alusel teenistusest vabastada enne kuue kuu möödumist vallavanema või linnapea ja osavalla või linnaosa vanema koos töötamise algusest. (4) Osavalla või linnaosa vanema teenistussuhte viimane päev käesoleva paragrahvi lõikes 2 nimetatud alusel ametist vabastamisel on teenistusest vabastamise teates märgitud päev.",true,inForce,2016-07-01,,estleg:KOKS_Par_57_1_v121062016003
estleg:KOKS_Par_57_1_Lg_1,estleg:KOKS_Map,§ 57¹.,1,"(1) Osavalla või linnaosa vanema nimetab ametikohale valla- või linnavalitsus osavalla või linnaosa põhimääruses sätestatud korras, võttes arvesse osavalla- või linnaosakogu arvamuse.",true,inForce,2016-07-01,,estleg:KOKS_Par_57_1_v121062016003
estleg:KOKS_Par_57_1_Lg_1_1,estleg:KOKS_Map,§ 57¹.,1¹,"(1¹) Osavalla ja linnaosa vanemale laieneb avaliku teenistuse seaduses ametniku kohta sätestatu niivõrd, kuivõrd käesolevas seaduses ei sätestata teisiti.",true,inForce,2016-07-01,,estleg:KOKS_Par_57_1_v121062016003
estleg:KOKS_Par_57_1_Lg_1_2,estleg:KOKS_Map,§ 57¹.,1²,(1²) Osavalla ja linnaosa vanema vaba ametikoha täitmisele ei pea kohaldama avaliku teenistuse seaduse § 16–20.,true,inForce,2016-07-01,,estleg:KOKS_Par_57_1_v121062016003
estleg:KOKS_Par_57_1_Lg_2,estleg:KOKS_Map,§ 57¹.,2,"(2) Osavalla või linnaosa vanema vabastab teenistusest valla- või linnavalitsus, kui vallavanema või linnapea hinnangul vallavanema või linnapea ja osavalla või linnaosa vanema koostöö ei laabu, võttes arvesse osavalla- või linnaosakogu arvamuse.",true,inForce,2016-07-01,,estleg:KOKS_Par_57_1_v121062016003
estleg:KOKS_Par_57_1_Lg_3,estleg:KOKS_Map,§ 57¹.,3,(3) Osavalla või linnaosa vanemat ei tohi käesoleva paragrahvi lõikes 2 nimetatud alusel teenistusest vabastada enne kuue kuu möödumist vallavanema või linnapea ja osavalla või linnaosa vanema koos töötamise algusest.,true,inForce,2016-07-01,,estleg:KOKS_Par_57_1_v121062016003
estleg:KOKS_Par_57_1_Lg_4,estleg:KOKS_Map,§ 57¹.,4,(4) Osavalla või linnaosa vanema teenistussuhte viimane päev käesoleva paragrahvi lõikes 2 nimetatud alusel ametist vabastamisel on teenistusest vabastamise teates märgitud päev.,true,inForce,2016-07-01,,estleg:KOKS_Par_57_1_v121062016003
estleg:KOKS_Par_57_Lg_1,estleg:KOKS_Map,§ 57.,1,"(1) Osavalla või linnaosa moodustamise võivad algatada: üks neljandik volikogu liikmetest; taotluse korras vähemalt üks protsent hääleõiguslikest valla- või linnaelanikest, kuid mitte vähem kui viis hääleõiguslikku valla- või linnaelanikku; valla- või linnavalitsus.",true,inForce,2016-07-01,,estleg:KOKS_Par_57_v121062016003
estleg:KOKS_Par_57_Lg_10,estleg:KOKS_Map,§ 57.,10,"(10) Osavalla- või linnaosakogu algatus esitatakse valla- või linnavalitsusele eelnõuna või küsimuste korral kirjaliku järelepärimisena, mille allkirjastab osavalla- või linnaosakogu esimees. Kui algatatud küsimus kuulub volikogu pädevusse, esitab valitsus selle ühe kuu jooksul volikogule lahendamiseks koos omapoolse seisukohaga.",true,inForce,2016-07-01,,estleg:KOKS_Par_57_v121062016003
estleg:KOKS_Par_57_Lg_11,estleg:KOKS_Map,§ 57.,11,(11) Osavalla- või linnaosakogu esindajal on õigus osaleda algatuse arutelus volikogu või valitsuse vastavas komisjonis ja volikogus või valitsuses sõnaõigusega.,true,inForce,2016-07-01,,estleg:KOKS_Par_57_v121062016003
estleg:KOKS_Par_57_Lg_12,estleg:KOKS_Map,§ 57.,12,"(12) Haldusterritoriaalse korralduse muutmise tulemusena moodustatud osavalda või linnaosa ei või likvideerida enne ühinemislepingu kehtivusaja lõppu, välja arvatud osavalla- või linnaosakogu taotlusel.",true,inForce,2016-07-01,,estleg:KOKS_Par_57_v121062016003
estleg:KOKS_Par_57_Lg_13,estleg:KOKS_Map,§ 57.,13,"(13) Kui haldusterritoriaalse korralduse muutmise tulemusena moodustatud osavalla või linnaosa õigused ja täidetavad ülesanded on kokku lepitud ühinemislepingus, siis tuleb nende muutmisel ühinemislepingu kehtivusaja jooksul lähtuda käesoleva seaduse § 45 lõikes 6 sätestatud volikogu liikmete häälteenamusest.",true,inForce,2016-07-01,,estleg:KOKS_Par_57_v121062016003
estleg:KOKS_Par_57_Lg_1_1,estleg:KOKS_Map,§ 57.,1¹,"(1¹) Osavalla või linnaosa võib moodustada kohaliku omavalitsuse üksuste haldusterritoriaalse korralduse muutmisel, kui see on ühinemislepinguga kokku lepitud. Ühinemislepinguga moodustatud osavald või linnaosa alustab tegevust kohaliku omavalitsuse volikogu valimiste tulemuste jõustumise päevast.",true,inForce,2016-07-01,,estleg:KOKS_Par_57_v121062016003
estleg:KOKS_Par_57_Lg_2,estleg:KOKS_Map,§ 57.,2,"(2) Osavalla või linnaosa põhimääruses sätestatakse: osavalla või linnaosa piiride kirjeldus; osavalla- või linnaosakogu kui osavalla või linnaosa elanike esinduskogu moodustamise kord ning osavalla- või linnaosakogu esimehe valimise kord; osavalla või linnaosa valitsuse moodustamise kord, kui moodustatakse osavalla või linnaosa valitsus; osavalla või linnaosa vanema ametisse nimetamise kord, kui osavallas või linnaosas moodustatakse osavalla või linnaosa vanema ametikoht, kusjuures vanema volituste tähtaeg ei tohi ületada selle valla- või linnavalitsuse volituste tähtaega; osavalla- või linnaosakogu, osavalla- või linnaosakogu esimehe, osavalla või linnaosa valitsuse ja osavalla või linnaosa vanema volitused ning nende teostamiseks vajalikud valla või linna eelarvelised vahendid; osavalla- või linnaosakogu, osavalla- või linnaosakogu esimehe, osavalla või linnaosa vanema ja osavalla või linnaosa valitsuse tegevuse järelevalve ning osavalla või linnaosa likvideerimise alused ja kord.",true,inForce,2016-07-01,,estleg:KOKS_Par_57_v121062016003
estleg:KOKS_Par_57_Lg_3,estleg:KOKS_Map,§ 57.,3,(3) Taotluse alusel otsustab volikogu osavalla või linnaosa moodustamise või lükkab taotluse tagasi. Vajaduse korral võib volikogu korraldada nimetatud küsimuses elanike küsitluse.,true,inForce,2016-07-01,,estleg:KOKS_Par_57_v121062016003
estleg:KOKS_Par_57_Lg_4,estleg:KOKS_Map,§ 57.,4,(4) Osavalla- või linnaosakogul ega selle esimehel ja osavalla või linnaosa valitsusel ega vanemal ei ole õigustloova akti andmise õigust.,true,inForce,2016-07-01,,estleg:KOKS_Par_57_v121062016003
estleg:KOKS_Par_57_Lg_4_1,estleg:KOKS_Map,§ 57.,4¹,(4¹) Osavalla- või linnaosakogu võib oma volituste piires ja ülesannete täitmiseks üksikaktina vastu võtta otsuseid.,true,inForce,2016-07-01,,estleg:KOKS_Par_57_v121062016003
estleg:KOKS_Par_57_Lg_5,estleg:KOKS_Map,§ 57.,5,(5) Osavalla või linnaosa vanem võib oma volituste piires ja ülesannete täitmiseks anda üksikaktina korraldusi ning valitsuse sisemise töö korraldamiseks käskkirju.,true,inForce,2016-07-01,,estleg:KOKS_Par_57_v121062016003
estleg:KOKS_Par_57_Lg_6,estleg:KOKS_Map,§ 57.,6,"(6) Osavalla- või linnaosakogu otsustele ja osavalla või linnaosa vanema korraldustele kohaldatakse käesoleva seaduse § 31 lõigetes 1, 2, 3 ja 5 sätestatud nõudeid. Osavalla- või linnaosakogu otsusele kirjutab alla osavalla- või linnaosakogu esimees. Osavalla või linnaosa vanema korraldusele kirjutab alla osavalla või linnaosa vanem.",true,inForce,2016-07-01,,estleg:KOKS_Par_57_v121062016003
estleg:KOKS_Par_57_Lg_7,estleg:KOKS_Map,§ 57.,7,(7) Osavalla- või linnaosakogu otsuste ja osavalla või linnaosa vanema korralduste üle teostab kontrolli vallavanem või linnapea valla või linna põhimääruses sätestatud korras.,true,inForce,2016-07-01,,estleg:KOKS_Par_57_v121062016003
estleg:KOKS_Par_57_Lg_8,estleg:KOKS_Map,§ 57.,8,(8) Kehtetu -,true,inForce,2016-07-01,,estleg:KOKS_Par_57_v121062016003
estleg:KOKS_Par_57_Lg_9,estleg:KOKS_Map,§ 57.,9,"(9) Osavalla- või linnaosakogul on õigus teha kohaliku elu küsimustes valla- või linnavolikogule või valla- või linnavalitsusele küsimuste aruteluks ja õigusaktide vastuvõtmiseks, muutmiseks või kehtetuks tunnistamiseks algatusi, mis võetakse arutusele kahe kuu jooksul algatuse esitamisest arvates.",true,inForce,2016-07-01,,estleg:KOKS_Par_57_v121062016003
estleg:KOKS_Par_58,estleg:KOKS_Map,§ 58.,,"(1) Alevi, aleviku või küla koosolekul võidakse valida alevi-, aleviku- või külavanem. (2) Linna kui asustusüksuse linnapea, alevi-, aleviku- või külavanem võib osaleda valla- või linnavolikogu istungil sõnaõigusega. (3) Volikogu võib võtta vastu linna kui asustusüksuse linnapea, alevi-, aleviku- ja külavanema statuudi, milles määratakse asustusüksuse linnapea, alevi-, aleviku- ja külavanema valimise kord, kandidaadile esitatavad nõuded, nimetatute õigused ja kohustused ning volituste kestuse periood. Linna kui asustusüksuse linnapea, alevi-, aleviku- või külavanema volituste kestus ei ole piiratud volikogu volituste kestusega. (4) Valla- või linnavalitsuse ülesannete täitmine linna kui asustusüksuse linnapea, alevi-, aleviku- või külavanema poolt sätestatakse lepinguga.",true,inForce,2016-07-01,,estleg:KOKS_Par_58_v121062016003
estleg:KOKS_Par_58_Lg_1,estleg:KOKS_Map,§ 58.,1,"(1) Alevi, aleviku või küla koosolekul võidakse valida alevi-, aleviku- või külavanem.",true,inForce,2016-07-01,,estleg:KOKS_Par_58_v121062016003
estleg:KOKS_Par_58_Lg_2,estleg:KOKS_Map,§ 58.,2,"(2) Linna kui asustusüksuse linnapea, alevi-, aleviku- või külavanem võib osaleda valla- või linnavolikogu istungil sõnaõigusega.",true,inForce,2016-07-01,,estleg:KOKS_Par_58_v121062016003
estleg:KOKS_Par_58_Lg_3,estleg:KOKS_Map,§ 58.,3,"(3) Volikogu võib võtta vastu linna kui asustusüksuse linnapea, alevi-, aleviku- ja külavanema statuudi, milles määratakse asustusüksuse linnapea, alevi-, aleviku- ja külavanema valimise kord, kandidaadile esitatavad nõuded, nimetatute õigused ja kohustused ning volituste kestuse periood. Linna kui asustusüksuse linnapea, alevi-, aleviku- või külavanema volituste kestus ei ole piiratud volikogu volituste kestusega.",true,inForce,2016-07-01,,estleg:KOKS_Par_58_v121062016003
estleg:KOKS_Par_58_Lg_4,estleg:KOKS_Map,§ 58.,4,"(4) Valla- või linnavalitsuse ülesannete täitmine linna kui asustusüksuse linnapea, alevi-, aleviku- või külavanema poolt sätestatakse lepinguga.",true,inForce,2016-07-01,,estleg:KOKS_Par_58_v121062016003
estleg:KOKS_Par_59,estleg:KOKS_Map,§ 59,,§ 59,true,inForce,,,
estleg:KOKS_Par_5_Lg_1,estleg:KOKS_Map,§ 5.,1,(1) Vallal ja linnal on käesolevast seadusest ja eelarve- ning maksuseadustest lähtuv iseseisev eelarve.,true,inForce,2002-06-01,,estleg:KOKS_Par_5_v22250
estleg:KOKS_Par_5_Lg_2,estleg:KOKS_Map,§ 5.,2,(2) Volikogul on seaduse alusel õigus kehtestada makse ja panna peale koormisi.,true,inForce,2002-06-01,,estleg:KOKS_Par_5_v22250
estleg:KOKS_Par_6,estleg:KOKS_Map,§ 6.,,"(1) Omavalitsusüksuse ülesanne on korraldada vallas või linnas sotsiaalteenuste osutamist, sotsiaaltoetuste ja muu sotsiaalabi andmist, eakate hoolekannet, kultuuri-, spordi- ja noorsootööd, elamu- ja kommunaalmajandust, veevarustust ja kanalisatsiooni, heakorda, jäätmehooldust, ruumilist planeerimist, valla- või linnasisest ühistransporti ning valla või linna teede ehitamist ja korrashoidu, kui need ülesanded ei ole seadusega antud kellegi teise täita. (2) Omavalitsusüksuse ülesanne on korraldada antud vallas või linnas lastehoidude, lasteaedade, põhikoolide, gümnaasiumide ja huvikoolide, raamatukogude, rahvamajade, muuseumide, spordibaaside, turva- ja hooldekodude, tervishoiuasutuste ning teiste kohalike asutuste ülalpidamist, juhul kui need on omavalitsusüksuse omanduses. Nimetatud asutuste osas võidakse seadusega ette näha teatud kulude katmist kas riigieelarvest või muudest allikatest. (2¹) Kõrgendatud kaitsevalmiduse, sõjaseisukorra, mobilisatsiooni ja demobilisatsiooni ajal korraldab omavalitsusüksus lisaks käesoleva paragrahvi 1. ja 2. lõikes sätestatud ülesannetele sõjategevuses kannatada saanud isikute ja sõjaväelise auastmega sõjaaja ametikoha ülesandeid täitma asunud isikute perekondade sotsiaalhoolekannet ning aitab kaasa isikute evakueerimisele ja evakueeritute majutamisele, toitlustamisele ning arstiabi andmisele. (3) Lisaks käesoleva paragrahvi 1.–21. lõikes sätestatud ülesannetele otsustab ja korraldab omavalitsusüksus neid kohaliku elu küsimusi: mis on talle pandud teiste seadustega; mis ei ole seadusega antud kellegi teise otsustada ja korraldada. (4) Omavalitsusüksus täidab riiklikke kohustusi: mis on talle pandud seadusega; mis tulenevad selleks volitatud riigiorgani ja antud volikogu vahelisest lepingust. (5) Käesoleva paragrahvi 4. lõike punkti 1 alusel kohalikule omavalitsusele pandud kohustustega seotud kulud kaetakse riigieelarvest.",true,inForce,2025-09-01,,estleg:KOKS_Par_6_v109012025005
estleg:KOKS_Par_61,estleg:KOKS_Map,§ 61,,§ 61,true,inForce,2010-11-26,,estleg:KOKS_Par_61_v116112010006
estleg:KOKS_Par_62,estleg:KOKS_Map,§ 62.,,"(1) Vallad ja linnad võivad ühiste huvide väljendamiseks, esindamiseks ja kaitsmiseks ning ühiste ülesannete täitmiseks: tegutseda ühiselt; anda sellekohased volitused mõnele vallale või linnale; moodustada kohaliku omavalitsuse üksuste liite ja muid ühendusi. (2) Käesoleva paragrahvi lõikes 1 nimetatud koostöö korral võivad vallad ja linnad ühiste ülesannete täitmiseks halduslepingu alusel otsustada moodustada ühisameti või -asutuse.",true,inForce,2018-01-01,,estleg:KOKS_Par_62_v104072017022
estleg:KOKS_Par_62_1,estleg:KOKS_Map,§ 62¹.,,"(1) Omavalitsusüksused võivad moodustada käesoleva seaduse alusel valdade ja linnade koostöös ülesannete täitmiseks ühisameteid valla või linna ühiste ametiasutustena ning ühisasutusi valla või linna ametiasutuste ühiste hallatavate asutustena. (2) Ühisametile kohaldatakse selle moodustamise halduslepinguga kindlaks määratud või asukohajärgse valla või linna ametiasutusele kohalduvat ning ühisasutusele ametiasutuse hallatava asutuse kohta kohalduvat regulatsiooni, kui seadustes või ühisameti või -asutuse moodustamise halduslepingus ei ole sätestatud teisiti. (3) Ühisameti ametnikud ja töötajad on selle kohaliku omavalitsuse üksuse ametiasutuse struktuuris ja teenistuskohtade koosseisus, kelle koosseisus on ühisamet moodustatud. (4) Ühisasutuse töötajad on selle kohaliku omavalitsuse üksuse hallatava asutuse struktuuris ja koosseisus, kelle koosseisus on ühisasutus moodustatud. (5) Ühisameti ametnikud ja töötajad ning ühisasutuse töötajad täidavad ülesandeid selle kohaliku omavalitsuse üksuse nimel, kes on halduslepinguga volitanud ühisameti või -asutuse ülesannet täitma. (6) Valla või linna ühisamet ja -asutus registreeritakse riigi- ja kohaliku omavalitsuse asutuste riiklikus registris valla või linna ametiasutusena või ühise ametiasutuse hallatava asutusena selle kohaliku omavalitsuse üksuse koosseisus, kelle koosseisus on ühisamet või -asutus moodustatud.",true,inForce,2018-01-01,,estleg:KOKS_Par_62_1_v104072017022
estleg:KOKS_Par_62_1_Lg_1,estleg:KOKS_Map,§ 62¹.,1,(1) Omavalitsusüksused võivad moodustada käesoleva seaduse alusel valdade ja linnade koostöös ülesannete täitmiseks ühisameteid valla või linna ühiste ametiasutustena ning ühisasutusi valla või linna ametiasutuste ühiste hallatavate asutustena.,true,inForce,2018-01-01,,estleg:KOKS_Par_62_1_v104072017022
estleg:KOKS_Par_62_1_Lg_2,estleg:KOKS_Map,§ 62¹.,2,"(2) Ühisametile kohaldatakse selle moodustamise halduslepinguga kindlaks määratud või asukohajärgse valla või linna ametiasutusele kohalduvat ning ühisasutusele ametiasutuse hallatava asutuse kohta kohalduvat regulatsiooni, kui seadustes või ühisameti või -asutuse moodustamise halduslepingus ei ole sätestatud teisiti.",true,inForce,2018-01-01,,estleg:KOKS_Par_62_1_v104072017022
estleg:KOKS_Par_62_1_Lg_3,estleg:KOKS_Map,§ 62¹.,3,"(3) Ühisameti ametnikud ja töötajad on selle kohaliku omavalitsuse üksuse ametiasutuse struktuuris ja teenistuskohtade koosseisus, kelle koosseisus on ühisamet moodustatud.",true,inForce,2018-01-01,,estleg:KOKS_Par_62_1_v104072017022
estleg:KOKS_Par_62_1_Lg_4,estleg:KOKS_Map,§ 62¹.,4,"(4) Ühisasutuse töötajad on selle kohaliku omavalitsuse üksuse hallatava asutuse struktuuris ja koosseisus, kelle koosseisus on ühisasutus moodustatud.",true,inForce,2018-01-01,,estleg:KOKS_Par_62_1_v104072017022
estleg:KOKS_Par_62_1_Lg_5,estleg:KOKS_Map,§ 62¹.,5,"(5) Ühisameti ametnikud ja töötajad ning ühisasutuse töötajad täidavad ülesandeid selle kohaliku omavalitsuse üksuse nimel, kes on halduslepinguga volitanud ühisameti või -asutuse ülesannet täitma.",true,inForce,2018-01-01,,estleg:KOKS_Par_62_1_v104072017022
estleg:KOKS_Par_62_1_Lg_6,estleg:KOKS_Map,§ 62¹.,6,"(6) Valla või linna ühisamet ja -asutus registreeritakse riigi- ja kohaliku omavalitsuse asutuste riiklikus registris valla või linna ametiasutusena või ühise ametiasutuse hallatava asutusena selle kohaliku omavalitsuse üksuse koosseisus, kelle koosseisus on ühisamet või -asutus moodustatud.",true,inForce,2018-01-01,,estleg:KOKS_Par_62_1_v104072017022
estleg:KOKS_Par_62_2,estleg:KOKS_Map,§ 62².,,"(1) Ühisameti või -asutuse moodustamine otsustatakse koostöös osalevate kohaliku omavalitsuse üksuste valla- ja linnavolikogude volitusel valla- ja linnavalitsuste vahel sõlmitud halduslepinguga ning moodustatakse volikogude kehtestatud ühisameti või -asutuse põhimäärusega. (2) Ühisameti ja -asutuse moodustamise halduslepingus määratakse kindlaks: ühisameti või -asutuse tegevuses osalevad kohaliku omavalitsuse üksused (edaspidi lepingupooled); kohaliku omavalitsuse üksus, kelle koosseisus ühisamet või -asutus moodustatakse; ülesanded, mida volitatakse täitma ühisamet või -asutus; halduslepingu sõlmimise ja muutmise kord; lepingupoolte õigused ja kohustused ühisameti või -asutuse juhtimisel, rahastamisel ning ülesande täitmise üle järelevalve korraldamisel; uute lepingupoolte ühisasutusse või -ametisse vastuvõtmise ning liikmesuse lõppemise tingimused ja kord; ühisameti või -asutuse tegevuse lõpetamise alused; seadustest tulenevad haldusülesande täitmise korraldamiseks olulised või lepingupoolte hinnangul muud vajalikud tingimused. (3) Kõik ühisameti või -asutuse tegevuses osalevate omavalitsusüksuste valla- või linnavolikogud kinnitavad ühisameti või -asutuse põhimääruse, milles sätestatakse ühisameti või -asutuse: nimetus, asukoht, tegevusvaldkond, õiguslik seisund ja teeninduspiirkond ning määratakse pitsat ja asjaomaste kohaliku omavalitsuse üksuste sümbolite kasutamise kord; põhitegevus, tegevuse eesmärgid ja ülesanded; ühisameti haldusaktide andmise kord; ametnike ja töötajate õigused ning kohustused; nõukogu moodustamise ja nõukogu esimehe valimise kord ning nõukogu õigused, kohustused ja töökord; juhi ametisse nimetamise ja ametist vabastamise kord ning juhi õigused ja kohustused; struktuur ning vajaduse korral struktuuriüksuste õigused ja kohustused; finantseerimine ning eelarve koostamise ja kinnitamise kord; majandamine, asjaajamine, aruandlus ja täitmiseks antud ülesande üle järelevalve tegemise kord; ümberkorraldamise ja tegevuse lõpetamise kord, sealhul",true,inForce,2018-01-01,,estleg:KOKS_Par_62_2_v104072017022
estleg:KOKS_Par_62_2_Lg_1,estleg:KOKS_Map,§ 62².,1,(1) Ühisameti või -asutuse moodustamine otsustatakse koostöös osalevate kohaliku omavalitsuse üksuste valla- ja linnavolikogude volitusel valla- ja linnavalitsuste vahel sõlmitud halduslepinguga ning moodustatakse volikogude kehtestatud ühisameti või -asutuse põhimäärusega.,true,inForce,2018-01-01,,estleg:KOKS_Par_62_2_v104072017022
estleg:KOKS_Par_62_2_Lg_2,estleg:KOKS_Map,§ 62².,2,"(2) Ühisameti ja -asutuse moodustamise halduslepingus määratakse kindlaks: ühisameti või -asutuse tegevuses osalevad kohaliku omavalitsuse üksused (edaspidi lepingupooled); kohaliku omavalitsuse üksus, kelle koosseisus ühisamet või -asutus moodustatakse; ülesanded, mida volitatakse täitma ühisamet või -asutus; halduslepingu sõlmimise ja muutmise kord; lepingupoolte õigused ja kohustused ühisameti või -asutuse juhtimisel, rahastamisel ning ülesande täitmise üle järelevalve korraldamisel; uute lepingupoolte ühisasutusse või -ametisse vastuvõtmise ning liikmesuse lõppemise tingimused ja kord; ühisameti või -asutuse tegevuse lõpetamise alused; seadustest tulenevad haldusülesande täitmise korraldamiseks olulised või lepingupoolte hinnangul muud vajalikud tingimused.",true,inForce,2018-01-01,,estleg:KOKS_Par_62_2_v104072017022
estleg:KOKS_Par_62_2_Lg_3,estleg:KOKS_Map,§ 62².,3,"(3) Kõik ühisameti või -asutuse tegevuses osalevate omavalitsusüksuste valla- või linnavolikogud kinnitavad ühisameti või -asutuse põhimääruse, milles sätestatakse ühisameti või -asutuse: nimetus, asukoht, tegevusvaldkond, õiguslik seisund ja teeninduspiirkond ning määratakse pitsat ja asjaomaste kohaliku omavalitsuse üksuste sümbolite kasutamise kord; põhitegevus, tegevuse eesmärgid ja ülesanded; ühisameti haldusaktide andmise kord; ametnike ja töötajate õigused ning kohustused; nõukogu moodustamise ja nõukogu esimehe valimise kord ning nõukogu õigused, kohustused ja töökord; juhi ametisse nimetamise ja ametist vabastamise kord ning juhi õigused ja kohustused; struktuur ning vajaduse korral struktuuriüksuste õigused ja kohustused; finantseerimine ning eelarve koostamise ja kinnitamise kord; majandamine, asjaajamine, aruandlus ja täitmiseks antud ülesande üle järelevalve tegemise kord; ümberkorraldamise ja tegevuse lõpetamise kord, sealhulgas halduslepingu lõpetamisest etteteatamise tähtaeg, kui haldusleping ja ühisameti või -asutuse tegevuses osalemine lõpetatakse ühepoolselt.",true,inForce,2018-01-01,,estleg:KOKS_Par_62_2_v104072017022
estleg:KOKS_Par_62_2_Lg_4,estleg:KOKS_Map,§ 62².,4,"(4) Teenistuslikku järelevalvet ühisameti ja -asutuse tegevuse üle korraldab käesoleva seaduse §-s 661 sätestatud korras ning sisekontrollisüsteemi rakendab käesoleva seaduse §-s 481 sätestatud korras selle kohaliku omavalitsuse üksuse valitsus, kelle nimel ühisamet või -asutus ja selle ametnik ülesannet täitis.",true,inForce,2018-01-01,,estleg:KOKS_Par_62_2_v104072017022
estleg:KOKS_Par_62_2_Lg_5,estleg:KOKS_Map,§ 62².,5,"(5) Ühisameti või -asutuse liikmesuse lõpetamine toimub alates eelarveaasta algusest. Liikmesuse lõpetamise soovist tuleb teisele lepingupoolele kirjalikult ette teatada vähemalt lepingu lõpetamisele eelneva aasta 1. aprilliks, kui halduslepingus pole ette nähtud pikemat halduslepingu ülesütlemise tähtaega.",true,inForce,2018-01-01,,estleg:KOKS_Par_62_2_v104072017022
estleg:KOKS_Par_62_2_Lg_6,estleg:KOKS_Map,§ 62².,6,"(6) Ühisameti või -asutuse liikmesus lõpeb automaatselt ühisameti või -asutuse tegevuses osaleva sellise kohaliku omavalitsuse üksuse puhul, arvestamata käesoleva paragrahvi lõikes 5 nimetatud tähtaegu, kes on lepingut oluliselt rikkunud ja ei ole rikkumist halduslepingus määratud täiendava mõistliku tähtaja jooksul kõrvaldanud. Lepingu oluliseks rikkumiseks loetakse eelkõige lepingust tulenevate põhikohustuste täitmata jätmist, sealhulgas seda, kui lepingupool ei ole osalenud ühisameti või -asutuse tegevuse rahastamises halduslepingus või selle lisas sätestatud mahus või kui lepingupool on korduvalt jätnud täitmata järelevalvet tegeva isiku ettekirjutuse ja ei ole rikkumist täiendava mõistliku tähtaja jooksul kõrvaldanud.",true,inForce,2018-01-01,,estleg:KOKS_Par_62_2_v104072017022
estleg:KOKS_Par_62_2_Lg_7,estleg:KOKS_Map,§ 62².,7,(7) Ühisametis töötavale ametnikule kohaldatakse avaliku teenistuse seadust ning valla- ja linnaametnikule esitatavaid nõudeid.,true,inForce,2018-01-01,,estleg:KOKS_Par_62_2_v104072017022
estleg:KOKS_Par_62_2_Lg_8,estleg:KOKS_Map,§ 62².,8,(8) Ühisameti või -asutuse tegevust finantseeritakse koostöös osalevate kohaliku omavalitsuse üksuste eelarvetest. Ühisameti ja -asutuse kaudu täidetavate täpsemate ülesannete ja rahastamise mahus lepitakse igal aastal eraldi kokku käesoleva paragrahvi lõikes 2 nimetatud halduslepingu lisaga.,true,inForce,2018-01-01,,estleg:KOKS_Par_62_2_v104072017022
estleg:KOKS_Par_62_3,estleg:KOKS_Map,§ 62³.,,"(1) Ühisameti või -asutuse strateegiliseks juhtimiseks ja tegevuse koordineerimiseks moodustatakse asjaomaste kohalike omavalitsuste volikogude esindajatest ning ekspertidest alaline nõukogu (edaspidi nõukogu). (2) Nõukogu koosneb esimehest, aseesimehest ja liikmetest. Nõukogu liikmed nimetavad valla- või linnavalitsused ühisameti või -asutuse põhimääruses sätestatud korras. Nõukogu koosseisu kinnitab selle valla või linna volikogu, kelle koosseisus ühisamet või -asutus on moodustatud, kooskõlastatult kõigi ühisameti või -asutuse tegevuses osalevate kohaliku omavalitsuse üksustega. (3) Nõukogu pädevuses on: ühisameti või -asutuse eelarve ja tegevuskava kinnitamine ning muutmine; ühisameti või -asutuse eelarve täitmise aruande kinnitamine; ühisameti või -asutuse halduslepinguga ülesannet täitma volitanud volikogule ettepaneku tegemine revisjoni läbiviimiseks käesoleva seaduse §-s 48 sätestatud korras. (4) Nõukogu pädevuses on lisaks käesoleva paragrahvi lõikes 3 sätestatule teha ettepanekuid ühisameti või -asutuse tegevuses osalevatele kohaliku omavalitsuse üksustele: ühisameti või -asutuse moodustamise halduslepingu muutmiseks ning põhimääruse, struktuuri ja töökorralduse kinnitamiseks ning muutmiseks; ühisameti juhi ametisse nimetamiseks ja ametist vabastamiseks ning ühisasutuse juhi ametisse kinnitamiseks ja ametist vabastamiseks; ühisameti või -asutuse osutatavate teenuste rahastamise suurendamiseks; ühisameti või -asutuse osutatavate teenuste kvaliteedi ja efektiivsuse parandamiseks; ühisameti või -asutuse ja selle tegevuses osalevate kohaliku omavalitsuse üksuste vahelise tööjaotuse parandamiseks; ühisameti või -asutuse tegevuse muutmiseks ning liikmete lisamiseks ja väljaarvamiseks. (5) Nõukogu töövorm on koosolek. Koosoleku kutsub kokku vastavalt vajadusele nõukogu esimees või aseesimees. Koosolek on otsustusvõimeline, kui sellest võtab osa üle poole nõukogu koosseisust. Nõukogu koosolek protokollitakse. (6) Nõukogul on õigus saada ühisametilt või -asutuselt ",true,inForce,2018-01-01,,estleg:KOKS_Par_62_3_v104072017022
estleg:KOKS_Par_62_3_Lg_1,estleg:KOKS_Map,§ 62³.,1,(1) Ühisameti või -asutuse strateegiliseks juhtimiseks ja tegevuse koordineerimiseks moodustatakse asjaomaste kohalike omavalitsuste volikogude esindajatest ning ekspertidest alaline nõukogu (edaspidi nõukogu).,true,inForce,2018-01-01,,estleg:KOKS_Par_62_3_v104072017022
estleg:KOKS_Par_62_3_Lg_2,estleg:KOKS_Map,§ 62³.,2,"(2) Nõukogu koosneb esimehest, aseesimehest ja liikmetest. Nõukogu liikmed nimetavad valla- või linnavalitsused ühisameti või -asutuse põhimääruses sätestatud korras. Nõukogu koosseisu kinnitab selle valla või linna volikogu, kelle koosseisus ühisamet või -asutus on moodustatud, kooskõlastatult kõigi ühisameti või -asutuse tegevuses osalevate kohaliku omavalitsuse üksustega.",true,inForce,2018-01-01,,estleg:KOKS_Par_62_3_v104072017022
estleg:KOKS_Par_62_3_Lg_3,estleg:KOKS_Map,§ 62³.,3,(3) Nõukogu pädevuses on: ühisameti või -asutuse eelarve ja tegevuskava kinnitamine ning muutmine; ühisameti või -asutuse eelarve täitmise aruande kinnitamine; ühisameti või -asutuse halduslepinguga ülesannet täitma volitanud volikogule ettepaneku tegemine revisjoni läbiviimiseks käesoleva seaduse §-s 48 sätestatud korras.,true,inForce,2018-01-01,,estleg:KOKS_Par_62_3_v104072017022
estleg:KOKS_Par_62_3_Lg_4,estleg:KOKS_Map,§ 62³.,4,"(4) Nõukogu pädevuses on lisaks käesoleva paragrahvi lõikes 3 sätestatule teha ettepanekuid ühisameti või -asutuse tegevuses osalevatele kohaliku omavalitsuse üksustele: ühisameti või -asutuse moodustamise halduslepingu muutmiseks ning põhimääruse, struktuuri ja töökorralduse kinnitamiseks ning muutmiseks; ühisameti juhi ametisse nimetamiseks ja ametist vabastamiseks ning ühisasutuse juhi ametisse kinnitamiseks ja ametist vabastamiseks; ühisameti või -asutuse osutatavate teenuste rahastamise suurendamiseks; ühisameti või -asutuse osutatavate teenuste kvaliteedi ja efektiivsuse parandamiseks; ühisameti või -asutuse ja selle tegevuses osalevate kohaliku omavalitsuse üksuste vahelise tööjaotuse parandamiseks; ühisameti või -asutuse tegevuse muutmiseks ning liikmete lisamiseks ja väljaarvamiseks.",true,inForce,2018-01-01,,estleg:KOKS_Par_62_3_v104072017022
estleg:KOKS_Par_62_3_Lg_5,estleg:KOKS_Map,§ 62³.,5,"(5) Nõukogu töövorm on koosolek. Koosoleku kutsub kokku vastavalt vajadusele nõukogu esimees või aseesimees. Koosolek on otsustusvõimeline, kui sellest võtab osa üle poole nõukogu koosseisust. Nõukogu koosolek protokollitakse.",true,inForce,2018-01-01,,estleg:KOKS_Par_62_3_v104072017022
estleg:KOKS_Par_62_3_Lg_6,estleg:KOKS_Map,§ 62³.,6,(6) Nõukogul on õigus saada ühisametilt või -asutuselt ning selle tegevuses osalevatelt kohaliku omavalitsuse üksustelt tööks vajalikke andmeid ja dokumente.,true,inForce,2018-01-01,,estleg:KOKS_Par_62_3_v104072017022
estleg:KOKS_Par_62_3_Lg_7,estleg:KOKS_Map,§ 62³.,7,(7) Nõukogu muud õigused ja kohustused ning täpne töökord sätestatakse ühisameti või -asutuse põhimääruses.,true,inForce,2018-01-01,,estleg:KOKS_Par_62_3_v104072017022
estleg:KOKS_Par_62_Lg_1,estleg:KOKS_Map,§ 62.,1,"(1) Vallad ja linnad võivad ühiste huvide väljendamiseks, esindamiseks ja kaitsmiseks ning ühiste ülesannete täitmiseks: tegutseda ühiselt; anda sellekohased volitused mõnele vallale või linnale; moodustada kohaliku omavalitsuse üksuste liite ja muid ühendusi.",true,inForce,2018-01-01,,estleg:KOKS_Par_62_v104072017022
estleg:KOKS_Par_62_Lg_2,estleg:KOKS_Map,§ 62.,2,(2) Käesoleva paragrahvi lõikes 1 nimetatud koostöö korral võivad vallad ja linnad ühiste ülesannete täitmiseks halduslepingu alusel otsustada moodustada ühisameti või -asutuse.,true,inForce,2018-01-01,,estleg:KOKS_Par_62_v104072017022
estleg:KOKS_Par_63,estleg:KOKS_Map,§ 63.,,Maakondliku ja üleriigilise kohaliku omavalitsuse üksuste liitude asutamine ja nende tegevus toimub kohaliku omavalitsuse üksuste liitude seaduses ettenähtud korras.,true,inForce,2004-01-01,,estleg:KOKS_Par_63_v693372
estleg:KOKS_Par_63_Lg_1,estleg:KOKS_Map,§ 63.,,Maakondliku ja üleriigilise kohaliku omavalitsuse üksuste liitude asutamine ja nende tegevus toimub kohaliku omavalitsuse üksuste liitude seaduses ettenähtud korras.,true,inForce,2004-01-01,,estleg:KOKS_Par_63_v693372
estleg:KOKS_Par_64,estleg:KOKS_Map,§ 64.,,Kehtetu -,true,inForce,2011-07-01,,estleg:KOKS_Par_64_v118032011005
estleg:KOKS_Par_65,estleg:KOKS_Map,§ 65.,,(1) Kohalike omavalitsusorganite ning riigi valitsusasutuste suhted põhinevad seadusel ja lepingul. (2) Kohalikud omavalitsusorganid ei tohi delegeerida oma ülesandeid ja pädevust ning nende täitmiseks seadusega ettenähtud vahendeid riigi valitsusasutustele. (3) Valla või linna volikogul ja kohaliku omavalitsuse üksuste liidul on õigus esitada Vabariigi Valitsusele ettepanekuid seaduste ning teiste õigusaktide vastuvõtmiseks või muutmiseks. (4) Kohalike võimuorganitega konsulteeritakse õigeaegselt ja sobival viisil kõigi neid otseselt puudutavate küsimuste planeerimise ja otsustamise puhul.,true,inForce,2006-07-08,,estleg:KOKS_Par_65_v1042862
estleg:KOKS_Par_65_Lg_1,estleg:KOKS_Map,§ 65.,1,(1) Kohalike omavalitsusorganite ning riigi valitsusasutuste suhted põhinevad seadusel ja lepingul.,true,inForce,2006-07-08,,estleg:KOKS_Par_65_v1042862
estleg:KOKS_Par_65_Lg_2,estleg:KOKS_Map,§ 65.,2,(2) Kohalikud omavalitsusorganid ei tohi delegeerida oma ülesandeid ja pädevust ning nende täitmiseks seadusega ettenähtud vahendeid riigi valitsusasutustele.,true,inForce,2006-07-08,,estleg:KOKS_Par_65_v1042862
estleg:KOKS_Par_65_Lg_3,estleg:KOKS_Map,§ 65.,3,(3) Valla või linna volikogul ja kohaliku omavalitsuse üksuste liidul on õigus esitada Vabariigi Valitsusele ettepanekuid seaduste ning teiste õigusaktide vastuvõtmiseks või muutmiseks.,true,inForce,2006-07-08,,estleg:KOKS_Par_65_v1042862
estleg:KOKS_Par_65_Lg_4,estleg:KOKS_Map,§ 65.,4,(4) Kohalike võimuorganitega konsulteeritakse õigeaegselt ja sobival viisil kõigi neid otseselt puudutavate küsimuste planeerimise ja otsustamise puhul.,true,inForce,2006-07-08,,estleg:KOKS_Par_65_v1042862
estleg:KOKS_Par_66,estleg:KOKS_Map,§ 66.,,"(1) Justiits- ja Digiministeerium teostab järelevalvet kohaliku omavalitsuse üksuse tegevuse üle seadusega sätestatud korras. , Vabariigi Valitsuse seaduse § 105.19 lõike 12 alusel asendatud sõna „Justiitsministeerium” sõnadega „Justiits- ja Digiministeerium” vastavas käändes (2) Riigikontroll kontrollib kohaliku omavalitsuse üksuse tegevust vastavalt Riigikontrolli seadusele. (3) Järelevalvet valla või linna õigustloovate aktide vastavuse üle Eesti Vabariigi põhiseadusele ja seadustele teostab õiguskantsler.",true,inForce,2025-01-01,,estleg:KOKS_Par_66_v114032025009
estleg:KOKS_Par_66_1,estleg:KOKS_Map,§ 66¹.,,"(1) Teenistuslik järelevalve on valitsuse poolt valla või linna ametiasutuste ja nende ametiisikute ning ametiasutuste hallatavate asutuste ja nende juhtide tegevuse seaduslikkuse ja otstarbekuse üle teostatav kontroll. (2) Teenistusliku järelevalve teostamisel on valitsusel õigus: teha ettekirjutus akti või toimingu puuduste kõrvaldamiseks; peatada toimingu sooritamine või akti kehtivus; tunnistada akt kehtetuks. (3) Teenistusliku järelevalve korras tehtud otsused peavad olema motiveeritud. (4) Valla või linna ametiasutuse ja nende ametiisikute ning ametiasutuse hallatava asutuse juhi akti täitmise ja toimingu võib peatada kuni kümneks tööpäevaks akti või toimingu seaduslikkuse ja otstarbekuse täiendavaks kontrollimiseks või vajalike täiendavate andmete kogumiseks, sealhulgas akti andja või toimingu sooritaja selgituste saamiseks. (5) Akti täitmise või toimingu sooritamise peatamisel teenistusliku järelevalve korras peatub seaduse ning nende alusel ja täitmiseks antud õigusaktidega vastava toimingu sooritamiseks kehtestatud tähtaja kulgemine. (6) Valitsus tunnistab kehtetuks valla või linna ametiasutuste ning nende ametiisikute ja ametiasutuste hallatavate asutuste juhtide akte ja toiminguid, mis ei ole vastavuses Eesti Vabariigi põhiseaduse, seaduste ning nende alusel ja täitmiseks antud õigusaktide ning valla või linna õigusaktidega. (7) Valitsus tunnistab ebaotstarbekuse motiivil kehtetuks valla või linna ametiasutuste ning nende ametiisikute ja ametiasutuste hallatavate asutuste juhtide akte ja toiminguid juhul, kui akt või toiming ilmselt ei vasta kohaliku omavalitsuse põhimõtetele või põhjustab valla- või linnavara ja eelarveliste vahendite ebaratsionaalset kasutamist. (8) Ebaotstarbekuse motiivil ei saa tunnistada kehtetuks akte ja toiminguid, mille andmise tingimused tulenevad seadusest ning nende alusel ja täitmiseks antud õigusaktidest. (9) Käesoleva seaduse alusel ei teostata teenistuslikku järelevalvet valitsusasutuste järelevalveülesandeid täitvate ame",true,inForce,2002-10-24,,estleg:KOKS_Par_66_1_v207026
estleg:KOKS_Par_66_1_Lg_1,estleg:KOKS_Map,§ 66¹.,1,(1) Teenistuslik järelevalve on valitsuse poolt valla või linna ametiasutuste ja nende ametiisikute ning ametiasutuste hallatavate asutuste ja nende juhtide tegevuse seaduslikkuse ja otstarbekuse üle teostatav kontroll.,true,inForce,2002-10-24,,estleg:KOKS_Par_66_1_v207026
estleg:KOKS_Par_66_1_Lg_2,estleg:KOKS_Map,§ 66¹.,2,(2) Teenistusliku järelevalve teostamisel on valitsusel õigus: teha ettekirjutus akti või toimingu puuduste kõrvaldamiseks; peatada toimingu sooritamine või akti kehtivus; tunnistada akt kehtetuks.,true,inForce,2002-10-24,,estleg:KOKS_Par_66_1_v207026
estleg:KOKS_Par_66_1_Lg_3,estleg:KOKS_Map,§ 66¹.,3,(3) Teenistusliku järelevalve korras tehtud otsused peavad olema motiveeritud.,true,inForce,2002-10-24,,estleg:KOKS_Par_66_1_v207026
estleg:KOKS_Par_66_1_Lg_4,estleg:KOKS_Map,§ 66¹.,4,"(4) Valla või linna ametiasutuse ja nende ametiisikute ning ametiasutuse hallatava asutuse juhi akti täitmise ja toimingu võib peatada kuni kümneks tööpäevaks akti või toimingu seaduslikkuse ja otstarbekuse täiendavaks kontrollimiseks või vajalike täiendavate andmete kogumiseks, sealhulgas akti andja või toimingu sooritaja selgituste saamiseks.",true,inForce,2002-10-24,,estleg:KOKS_Par_66_1_v207026
estleg:KOKS_Par_66_1_Lg_5,estleg:KOKS_Map,§ 66¹.,5,(5) Akti täitmise või toimingu sooritamise peatamisel teenistusliku järelevalve korras peatub seaduse ning nende alusel ja täitmiseks antud õigusaktidega vastava toimingu sooritamiseks kehtestatud tähtaja kulgemine.,true,inForce,2002-10-24,,estleg:KOKS_Par_66_1_v207026
estleg:KOKS_Par_66_1_Lg_6,estleg:KOKS_Map,§ 66¹.,6,"(6) Valitsus tunnistab kehtetuks valla või linna ametiasutuste ning nende ametiisikute ja ametiasutuste hallatavate asutuste juhtide akte ja toiminguid, mis ei ole vastavuses Eesti Vabariigi põhiseaduse, seaduste ning nende alusel ja täitmiseks antud õigusaktide ning valla või linna õigusaktidega.",true,inForce,2002-10-24,,estleg:KOKS_Par_66_1_v207026
estleg:KOKS_Par_66_1_Lg_7,estleg:KOKS_Map,§ 66¹.,7,"(7) Valitsus tunnistab ebaotstarbekuse motiivil kehtetuks valla või linna ametiasutuste ning nende ametiisikute ja ametiasutuste hallatavate asutuste juhtide akte ja toiminguid juhul, kui akt või toiming ilmselt ei vasta kohaliku omavalitsuse põhimõtetele või põhjustab valla- või linnavara ja eelarveliste vahendite ebaratsionaalset kasutamist.",true,inForce,2002-10-24,,estleg:KOKS_Par_66_1_v207026
estleg:KOKS_Par_66_1_Lg_8,estleg:KOKS_Map,§ 66¹.,8,"(8) Ebaotstarbekuse motiivil ei saa tunnistada kehtetuks akte ja toiminguid, mille andmise tingimused tulenevad seadusest ning nende alusel ja täitmiseks antud õigusaktidest.",true,inForce,2002-10-24,,estleg:KOKS_Par_66_1_v207026
estleg:KOKS_Par_66_1_Lg_9,estleg:KOKS_Map,§ 66¹.,9,(9) Käesoleva seaduse alusel ei teostata teenistuslikku järelevalvet valitsusasutuste järelevalveülesandeid täitvate ametiisikute aktide ja toimingute üle.,true,inForce,2002-10-24,,estleg:KOKS_Par_66_1_v207026
estleg:KOKS_Par_66_2,estleg:KOKS_Map,§ 66².,,"(1) Käesoleva seaduse § 22 lõike 1 punkti 361 alusel kehtestatud heakorra- ja kaevetööde eeskirjade rikkumise ning § 36 alusel kehtestatud koormise täitmata jätmise eest, kui sellega põhjustati oht inimese elule või tervisele või looduskeskkonnale, –karistatakse rahatrahviga kuni 100 trahviühikut. (2) Sama teo eest, kui selle on toime pannud juriidiline isik, –karistatakse rahatrahviga kuni 1300 eurot.",true,inForce,2015-01-01,,estleg:KOKS_Par_66_2_v112072014079
estleg:KOKS_Par_66_2_Lg_1,estleg:KOKS_Map,§ 66².,1,"(1) Käesoleva seaduse § 22 lõike 1 punkti 361 alusel kehtestatud heakorra- ja kaevetööde eeskirjade rikkumise ning § 36 alusel kehtestatud koormise täitmata jätmise eest, kui sellega põhjustati oht inimese elule või tervisele või looduskeskkonnale, –karistatakse rahatrahviga kuni 100 trahviühikut.",true,inForce,2015-01-01,,estleg:KOKS_Par_66_2_v112072014079
estleg:KOKS_Par_66_2_Lg_2,estleg:KOKS_Map,§ 66².,2,"(2) Sama teo eest, kui selle on toime pannud juriidiline isik, –karistatakse rahatrahviga kuni 1300 eurot.",true,inForce,2015-01-01,,estleg:KOKS_Par_66_2_v112072014079
estleg:KOKS_Par_66_3,estleg:KOKS_Map,§ 66³.,,"Käesoleva seaduse § 22 lõike 1 punkti 362 alusel kehtestatud koerte ja kasside pidamise eeskirjade rikkumise eest, kui see ettevaatamatusest põhjustas varalise kahju või inimesele tervisekahjustuse, –karistatakse rahatrahviga kuni 200 trahviühikut.",true,inForce,2015-01-01,,estleg:KOKS_Par_66_3_v112072014079
estleg:KOKS_Par_66_3_Lg_1,estleg:KOKS_Map,§ 66³.,,"Käesoleva seaduse § 22 lõike 1 punkti 362 alusel kehtestatud koerte ja kasside pidamise eeskirjade rikkumise eest, kui see ettevaatamatusest põhjustas varalise kahju või inimesele tervisekahjustuse, –karistatakse rahatrahviga kuni 200 trahviühikut.",true,inForce,2015-01-01,,estleg:KOKS_Par_66_3_v112072014079
estleg:KOKS_Par_66_4,estleg:KOKS_Map,§ 66⁴.,,(1) Kehtetu - (2) Käesoleva seaduse §-des 662 ja 663 sätestatud väärtegude kohtuväline menetleja on: valla- või linnavalitsus; Politsei- ja Piirivalveamet. (3) Käesoleva seaduse §-s 662 sätestatud väärteo kohtuväline menetleja on Keskkonnaamet.,true,inForce,2021-01-01,,estleg:KOKS_Par_66_4_v110072020097
estleg:KOKS_Par_66_4_Lg_1,estleg:KOKS_Map,§ 66⁴.,1,(1) Kehtetu -,true,inForce,2021-01-01,,estleg:KOKS_Par_66_4_v110072020097
estleg:KOKS_Par_66_4_Lg_2,estleg:KOKS_Map,§ 66⁴.,2,(2) Käesoleva seaduse §-des 662 ja 663 sätestatud väärtegude kohtuväline menetleja on: valla- või linnavalitsus; Politsei- ja Piirivalveamet.,true,inForce,2021-01-01,,estleg:KOKS_Par_66_4_v110072020097
estleg:KOKS_Par_66_4_Lg_3,estleg:KOKS_Map,§ 66⁴.,3,(3) Käesoleva seaduse §-s 662 sätestatud väärteo kohtuväline menetleja on Keskkonnaamet.,true,inForce,2021-01-01,,estleg:KOKS_Par_66_4_v110072020097
estleg:KOKS_Par_66_5,estleg:KOKS_Map,§ 66⁵.,,"Kui hoiatustrahvi või rahatrahvi määranud kohtuväline menetleja on valla- või linnavalitsus, kantakse käesoleva seaduse §-des 662 ja 663 sätestatud väärtegude eest määratud hoiatustrahv ja rahatrahv otsuse teinud kohaliku omavalitsuse eelarvesse.",true,inForce,2011-07-01,,estleg:KOKS_Par_66_5_v118032011005
estleg:KOKS_Par_66_5_Lg_1,estleg:KOKS_Map,§ 66⁵.,,"Kui hoiatustrahvi või rahatrahvi määranud kohtuväline menetleja on valla- või linnavalitsus, kantakse käesoleva seaduse §-des 662 ja 663 sätestatud väärtegude eest määratud hoiatustrahv ja rahatrahv otsuse teinud kohaliku omavalitsuse eelarvesse.",true,inForce,2011-07-01,,estleg:KOKS_Par_66_5_v118032011005
estleg:KOKS_Par_66_Lg_1,estleg:KOKS_Map,§ 66.,1,"(1) Justiits- ja Digiministeerium teostab järelevalvet kohaliku omavalitsuse üksuse tegevuse üle seadusega sätestatud korras. , Vabariigi Valitsuse seaduse § 105.19 lõike 12 alusel asendatud sõna „Justiitsministeerium” sõnadega „Justiits- ja Digiministeerium” vastavas käändes",true,inForce,2025-01-01,,estleg:KOKS_Par_66_v114032025009
estleg:KOKS_Par_66_Lg_2,estleg:KOKS_Map,§ 66.,2,(2) Riigikontroll kontrollib kohaliku omavalitsuse üksuse tegevust vastavalt Riigikontrolli seadusele.,true,inForce,2025-01-01,,estleg:KOKS_Par_66_v114032025009
estleg:KOKS_Par_66_Lg_3,estleg:KOKS_Map,§ 66.,3,(3) Järelevalvet valla või linna õigustloovate aktide vastavuse üle Eesti Vabariigi põhiseadusele ja seadustele teostab õiguskantsler.,true,inForce,2025-01-01,,estleg:KOKS_Par_66_v114032025009
estleg:KOKS_Par_67,estleg:KOKS_Map,§ 67.,,"(1) Käesoleva seaduse Riigi Teatajas avaldamise päevast jõustuvad §-d 1–5, 7, 10, 12–15, 23–26, 31, 33–37, 40–42, 50, 51, 56–58, 62–64 ja 66. Seaduse § 55 2. lõige jõustub alates 1997. aasta 1. jaanuarist. Teised seaduse paragrahvid jõustuvad käesoleva seaduse vastuvõtmisele järgnevate kohalike omavalitsuste volikogude valimiste tulemuste väljakuulutamise päevast. (2) Kui kohaliku omavalitsuse volikogu valimised on jäänud mõnes omavalitsusüksuses toimumata või valimistulemused välja kuulutamata, valitakse käesoleva seaduse § 59 1. lõikes nimetatud maakonna omavalitsusüksuse esindaja maakogusse volikogu eelmise koosseisu poolt.",true,inForce,2011-07-01,,estleg:KOKS_Par_67_v118032011005
estleg:KOKS_Par_67_Lg_1,estleg:KOKS_Map,§ 67.,1,"(1) Käesoleva seaduse Riigi Teatajas avaldamise päevast jõustuvad §-d 1–5, 7, 10, 12–15, 23–26, 31, 33–37, 40–42, 50, 51, 56–58, 62–64 ja 66. Seaduse § 55 2. lõige jõustub alates 1997. aasta 1. jaanuarist. Teised seaduse paragrahvid jõustuvad käesoleva seaduse vastuvõtmisele järgnevate kohalike omavalitsuste volikogude valimiste tulemuste väljakuulutamise päevast.",true,inForce,2011-07-01,,estleg:KOKS_Par_67_v118032011005
estleg:KOKS_Par_67_Lg_2,estleg:KOKS_Map,§ 67.,2,"(2) Kui kohaliku omavalitsuse volikogu valimised on jäänud mõnes omavalitsusüksuses toimumata või valimistulemused välja kuulutamata, valitakse käesoleva seaduse § 59 1. lõikes nimetatud maakonna omavalitsusüksuse esindaja maakogusse volikogu eelmise koosseisu poolt.",true,inForce,2011-07-01,,estleg:KOKS_Par_67_v118032011005
estleg:KOKS_Par_68,estleg:KOKS_Map,§ 68.,,Käesoleva seaduse jõustumisega saavad alevid valla staatuse ja vabariiklikud linnad linna staatuse.,true,inForce,2002-06-01,,estleg:KOKS_Par_68_v22250
estleg:KOKS_Par_68_Lg_1,estleg:KOKS_Map,§ 68.,,Käesoleva seaduse jõustumisega saavad alevid valla staatuse ja vabariiklikud linnad linna staatuse.,true,inForce,2002-06-01,,estleg:KOKS_Par_68_v22250
estleg:KOKS_Par_69,estleg:KOKS_Map,§ 69.,,"Valla-, alevi-, linna- ja maavolikogude käesoleva koosseisu ja nende liikmete volitused lõpevad seaduse jõustumisele järgnevate kohalike omavalitsuste volikogude valimiste tulemuste väljakuulutamise päevast.",true,inForce,2002-06-01,,estleg:KOKS_Par_69_v22250
estleg:KOKS_Par_69_Lg_1,estleg:KOKS_Map,§ 69.,,"Valla-, alevi-, linna- ja maavolikogude käesoleva koosseisu ja nende liikmete volitused lõpevad seaduse jõustumisele järgnevate kohalike omavalitsuste volikogude valimiste tulemuste väljakuulutamise päevast.",true,inForce,2002-06-01,,estleg:KOKS_Par_69_v22250
estleg:KOKS_Par_6_1,estleg:KOKS_Map,§ 6¹.,,"(1) Omavalitsusüksuste ülesanne on ühiselt kavandada maakonna arengut ja suunata selle elluviimist. (2) Käesoleva paragrahvi 1. lõikes nimetatud ülesanne antakse kõigi maakonna kohaliku omavalitsuse üksuste otsustega täitmiseks kohaliku omavalitsuse üksuste maakondlikule või piirkondlikule liidule, koostöökokkuleppe alusel ühele kohaliku omavalitsuse üksusele või mõnele teisele kohaliku omavalitsuse üksuste käesoleva seaduse § 62 1. ja 2. lõikes nimetatud koostööorganile või omavalitsusüksuste või omavalitsusüksuste liidu asutatud mittetulundusühingule või sihtasutusele. Nimetatud mittetulundusühingule või sihtasutusele ülesande täitmiseks volitamisel ei kohaldata halduskoostöö seadust. (3) Kui maakonna kohaliku omavalitsuse üksus ei ole otsustanud, millise koostööorgani kaudu käesoleva paragrahvi 1. lõikes nimetatud ülesannet täita, täidab ülesannet koostööorgan, kelle kaudu on ülesande täitmist soovinud vähemalt kaks kolmandikku maakonna selliste kohaliku omavalitsuse üksuste volikogudest, mille elanike koguarv moodustab vähemalt kaks kolmandikku maakonna elanike koguarvust ning mille hulka peab kuuluma ka maakonnakeskuseks olev kohaliku omavalitsuse üksus. (3¹) Regionaalarengu valdkonna eest vastutav minister võib volitada ministeeriumi valitsemisala vahendite arvelt riigieelarve seaduse § 531 lõike 1 alusel kehtestatud riigisisese regionaalarengu toetusprogrammi elluviimisega seotud haldusülesannet täitma käesoleva paragrahvi lõigete 2 ja 3 kohaselt määratud koostööorgani, kohaldamata halduskoostöö seaduse § 5 lõikeid 2 ja 3 ning § 6 lõikeid 1 ja 2. Niisuguse halduslepingu sõlmimisele, millega volitatakse kohaliku omavalitsuse üksuste koostööorganit riigi haldusülesannet täitma, ei kohaldata halduskoostöö seaduse § 13 lõiget 1. (4) Käesoleva paragrahvi 1. lõikes nimetatud ülesande täitmist toetatakse riigieelarvest. (5) Käesoleva paragrahvi 1. lõikes nimetatud ülesande täitmiseks toetuse eraldamise korra kehtestab määrusega. (6) Käesoleva seaduse alusel moodusta",true,inForce,2018-12-22,,estleg:KOKS_Par_6_1_v112122018014
estleg:KOKS_Par_6_1_Lg_1,estleg:KOKS_Map,§ 6¹.,1,(1) Omavalitsusüksuste ülesanne on ühiselt kavandada maakonna arengut ja suunata selle elluviimist.,true,inForce,2018-12-22,,estleg:KOKS_Par_6_1_v112122018014
estleg:KOKS_Par_6_1_Lg_2,estleg:KOKS_Map,§ 6¹.,2,"(2) Käesoleva paragrahvi 1. lõikes nimetatud ülesanne antakse kõigi maakonna kohaliku omavalitsuse üksuste otsustega täitmiseks kohaliku omavalitsuse üksuste maakondlikule või piirkondlikule liidule, koostöökokkuleppe alusel ühele kohaliku omavalitsuse üksusele või mõnele teisele kohaliku omavalitsuse üksuste käesoleva seaduse § 62 1. ja 2. lõikes nimetatud koostööorganile või omavalitsusüksuste või omavalitsusüksuste liidu asutatud mittetulundusühingule või sihtasutusele. Nimetatud mittetulundusühingule või sihtasutusele ülesande täitmiseks volitamisel ei kohaldata halduskoostöö seadust.",true,inForce,2018-12-22,,estleg:KOKS_Par_6_1_v112122018014
estleg:KOKS_Par_6_1_Lg_3,estleg:KOKS_Map,§ 6¹.,3,"(3) Kui maakonna kohaliku omavalitsuse üksus ei ole otsustanud, millise koostööorgani kaudu käesoleva paragrahvi 1. lõikes nimetatud ülesannet täita, täidab ülesannet koostööorgan, kelle kaudu on ülesande täitmist soovinud vähemalt kaks kolmandikku maakonna selliste kohaliku omavalitsuse üksuste volikogudest, mille elanike koguarv moodustab vähemalt kaks kolmandikku maakonna elanike koguarvust ning mille hulka peab kuuluma ka maakonnakeskuseks olev kohaliku omavalitsuse üksus.",true,inForce,2018-12-22,,estleg:KOKS_Par_6_1_v112122018014
estleg:KOKS_Par_6_1_Lg_3_1,estleg:KOKS_Map,§ 6¹.,3¹,"(3¹) Regionaalarengu valdkonna eest vastutav minister võib volitada ministeeriumi valitsemisala vahendite arvelt riigieelarve seaduse § 531 lõike 1 alusel kehtestatud riigisisese regionaalarengu toetusprogrammi elluviimisega seotud haldusülesannet täitma käesoleva paragrahvi lõigete 2 ja 3 kohaselt määratud koostööorgani, kohaldamata halduskoostöö seaduse § 5 lõikeid 2 ja 3 ning § 6 lõikeid 1 ja 2. Niisuguse halduslepingu sõlmimisele, millega volitatakse kohaliku omavalitsuse üksuste koostööorganit riigi haldusülesannet täitma, ei kohaldata halduskoostöö seaduse § 13 lõiget 1.",true,inForce,2018-12-22,,estleg:KOKS_Par_6_1_v112122018014
estleg:KOKS_Par_6_1_Lg_4,estleg:KOKS_Map,§ 6¹.,4,(4) Käesoleva paragrahvi 1. lõikes nimetatud ülesande täitmist toetatakse riigieelarvest.,true,inForce,2018-12-22,,estleg:KOKS_Par_6_1_v112122018014
estleg:KOKS_Par_6_1_Lg_5,estleg:KOKS_Map,§ 6¹.,5,(5) Käesoleva paragrahvi 1. lõikes nimetatud ülesande täitmiseks toetuse eraldamise korra kehtestab määrusega.,true,inForce,2018-12-22,,estleg:KOKS_Par_6_1_v112122018014
estleg:KOKS_Par_6_1_Lg_6,estleg:KOKS_Map,§ 6¹.,6,(6) Käesoleva seaduse alusel moodustatud valla või linna ühise ametiasutuse (edaspidi ühisamet) ja valla või linna ühise ametiasutuse hallatava asutuse (edaspidi ühisasutus) kaudu kohaliku omavalitsuse ülesande täitmist loetakse ülesande täitmiseks ühisameti või -asutuse moodustanud kohaliku omavalitsuse üksuste poolt.,true,inForce,2018-12-22,,estleg:KOKS_Par_6_1_v112122018014
estleg:KOKS_Par_6_Lg_1,estleg:KOKS_Map,§ 6.,1,"(1) Omavalitsusüksuse ülesanne on korraldada vallas või linnas sotsiaalteenuste osutamist, sotsiaaltoetuste ja muu sotsiaalabi andmist, eakate hoolekannet, kultuuri-, spordi- ja noorsootööd, elamu- ja kommunaalmajandust, veevarustust ja kanalisatsiooni, heakorda, jäätmehooldust, ruumilist planeerimist, valla- või linnasisest ühistransporti ning valla või linna teede ehitamist ja korrashoidu, kui need ülesanded ei ole seadusega antud kellegi teise täita.",true,inForce,2025-09-01,,estleg:KOKS_Par_6_v109012025005
estleg:KOKS_Par_6_Lg_2,estleg:KOKS_Map,§ 6.,2,"(2) Omavalitsusüksuse ülesanne on korraldada antud vallas või linnas lastehoidude, lasteaedade, põhikoolide, gümnaasiumide ja huvikoolide, raamatukogude, rahvamajade, muuseumide, spordibaaside, turva- ja hooldekodude, tervishoiuasutuste ning teiste kohalike asutuste ülalpidamist, juhul kui need on omavalitsusüksuse omanduses. Nimetatud asutuste osas võidakse seadusega ette näha teatud kulude katmist kas riigieelarvest või muudest allikatest.",true,inForce,2025-09-01,,estleg:KOKS_Par_6_v109012025005
estleg:KOKS_Par_6_Lg_2_1,estleg:KOKS_Map,§ 6.,2¹,"(2¹) Kõrgendatud kaitsevalmiduse, sõjaseisukorra, mobilisatsiooni ja demobilisatsiooni ajal korraldab omavalitsusüksus lisaks käesoleva paragrahvi 1. ja 2. lõikes sätestatud ülesannetele sõjategevuses kannatada saanud isikute ja sõjaväelise auastmega sõjaaja ametikoha ülesandeid täitma asunud isikute perekondade sotsiaalhoolekannet ning aitab kaasa isikute evakueerimisele ja evakueeritute majutamisele, toitlustamisele ning arstiabi andmisele.",true,inForce,2025-09-01,,estleg:KOKS_Par_6_v109012025005
estleg:KOKS_Par_6_Lg_3,estleg:KOKS_Map,§ 6.,3,(3) Lisaks käesoleva paragrahvi 1.–21. lõikes sätestatud ülesannetele otsustab ja korraldab omavalitsusüksus neid kohaliku elu küsimusi: mis on talle pandud teiste seadustega; mis ei ole seadusega antud kellegi teise otsustada ja korraldada.,true,inForce,2025-09-01,,estleg:KOKS_Par_6_v109012025005
estleg:KOKS_Par_6_Lg_4,estleg:KOKS_Map,§ 6.,4,(4) Omavalitsusüksus täidab riiklikke kohustusi: mis on talle pandud seadusega; mis tulenevad selleks volitatud riigiorgani ja antud volikogu vahelisest lepingust.,true,inForce,2025-09-01,,estleg:KOKS_Par_6_v109012025005
estleg:KOKS_Par_6_Lg_5,estleg:KOKS_Map,§ 6.,5,(5) Käesoleva paragrahvi 4. lõike punkti 1 alusel kohalikule omavalitsusele pandud kohustustega seotud kulud kaetakse riigieelarvest.,true,inForce,2025-09-01,,estleg:KOKS_Par_6_v109012025005
estleg:KOKS_Par_7,estleg:KOKS_Map,§ 7.,,"(1) Volikogul ja valitsusel on õigus anda üldaktidena määrusi. (2) Volikogul on õigus üksikaktidena vastu võtta otsuseid, valitsusel anda korraldusi. (3) Volikogu ja valitsuse õigusaktid kehtivad antud omavalitsusüksuse haldusterritooriumil. (3¹) Kui kohaliku omavalitsuse üksused on moodustanud ülesannete täitmiseks ühisameti, käsitatakse ühisameti haldusakti selle kohaliku omavalitsuse üksuse haldusaktina, kelle nimel ühisamet akti andis. Ühisameti ülesannete täitmisel ja haldusaktide andmisel kohaldatakse selle kohaliku omavalitsuse üksuse õigusakte, kes on halduslepinguga volitanud ühisameti ülesannet täitma. (4) Volikogu ja valitsuse määruse eelnõule kohaldatakse Vabariigi Valitsuse poolt Vabariigi Valitsuse ja ministri määruse eelnõu kohta kehtestatud normitehnilisi nõudeid erisustega, mis tulenevad kohaliku omavalitsusüksuse õiguslikust seisundist. Volikogu võib kehtestada täpsema korra normitehniliste nõuete rakendamiseks. (5) Volikogu ja valitsuse määrused avaldatakse Riigi Teatajas vastuvõetud algtekstidena ning nende alusel kõiki muudatusi sisaldavate terviktekstidena.",true,inForce,2018-01-01,,estleg:KOKS_Par_7_v104072017022
estleg:KOKS_Par_70,estleg:KOKS_Map,§ 70.,,"Maavolikogude käesoleva koosseisu poolt ametisse kinnitatud maavanemate, abimaavanemate ja maavalitsuse nõunike volitused lõpevad seaduse jõustumisele järgnevate kohalike omavalitsuste volikogude valimiste tulemuste väljakuulutamise päevast.",true,inForce,2002-06-01,,estleg:KOKS_Par_70_v22250
estleg:KOKS_Par_70_1,estleg:KOKS_Map,§ 70¹.,,"Käesoleva seaduse § 55 lõikes 2 sätestatud nõudeid ei kohaldata enne 2011. aasta 1. märtsi ametisse nimetatud valla- või linnasekretäri puhul, kes jätkab 2011. aasta 1. jaanuaril teenistust sama kohaliku omavalitsuse üksuse valla- või linnasekretärina.",true,inForce,2011-03-01,,estleg:KOKS_Par_70_1_v105012011019
estleg:KOKS_Par_70_1_Lg_1,estleg:KOKS_Map,§ 70¹.,,"Käesoleva seaduse § 55 lõikes 2 sätestatud nõudeid ei kohaldata enne 2011. aasta 1. märtsi ametisse nimetatud valla- või linnasekretäri puhul, kes jätkab 2011. aasta 1. jaanuaril teenistust sama kohaliku omavalitsuse üksuse valla- või linnasekretärina.",true,inForce,2011-03-01,,estleg:KOKS_Par_70_1_v105012011019
estleg:KOKS_Par_70_2,estleg:KOKS_Map,§ 70².,,Kehtetu -,true,inForce,2021-07-20,,estleg:KOKS_Par_70_2_v125062021007
estleg:KOKS_Par_70_3,estleg:KOKS_Map,§ 70³.,,"Osavaldade ja linnaosade puhul, mis on moodustatud käesoleva seaduse 8. peatüki alusel, ning osavaldades ja linnaosades nende elanike huvide esindamiseks loodud esinduskogude puhul, mis on moodustatud valla või linna põhimääruse alusel enne 2016. aasta 1. juunit, võib 2017. aasta kohaliku omavalitsuse volikogude valimiste tulemuste väljakuulutamise ajani kohaldada käesoleva seaduse 2016. aasta 1. juunil kehtinud redaktsiooni.",true,inForce,2016-07-01,,estleg:KOKS_Par_70_3_v121062016003
estleg:KOKS_Par_70_3_Lg_1,estleg:KOKS_Map,§ 70³.,,"Osavaldade ja linnaosade puhul, mis on moodustatud käesoleva seaduse 8. peatüki alusel, ning osavaldades ja linnaosades nende elanike huvide esindamiseks loodud esinduskogude puhul, mis on moodustatud valla või linna põhimääruse alusel enne 2016. aasta 1. juunit, võib 2017. aasta kohaliku omavalitsuse volikogude valimiste tulemuste väljakuulutamise ajani kohaldada käesoleva seaduse 2016. aasta 1. juunil kehtinud redaktsiooni.",true,inForce,2016-07-01,,estleg:KOKS_Par_70_3_v121062016003
estleg:KOKS_Par_70_4,estleg:KOKS_Map,§ 70⁴.,,"(1) Kohaliku omavalitsuse üksuste volikogud peavad käesoleva seaduse § 61 lõikes 3 nimetatud koostööorganile maakonna arengu kavandamise ülesande andmise otsustama hiljemalt 2018. aasta 1. veebruaril. (1¹) Kui käesoleva seaduse § 61 lõigete 2 ja 3 kohaselt määratud koostööorgan ei täida enam sama paragrahvi lõikes 3 sätestatud nõudeid või on nimetatud uus koostööorgan, peavad valla- ja linnavalitsused koostööorgani tegevuse lõppemise ja koostööorgani muutmise otsustest andma Regionaal- ja Põllumajandusministeeriumile teada ning edastama ühiselt teatise koos kohaliku omavalitsuse üksuste volikogude vastavate otsustega jooksva aasta 1. augustiks. Uue koostööorgani kaudu saab käesoleva seaduse § 61 lõikes 1 nimetatud ülesandeid täitma hakata järgmise kalendriaasta algusest. (1²) Käesoleva paragrahvi lõikes 11 nimetatud juhul täidab kalendriaasta lõpuni käesoleva seaduse § 61 lõikes 1 nimetatud ülesandeid senine koostööorgan. (1³) Kui valla- või linnavalitsused ei ole koostööorgani muutmise otsusest jooksva aasta 1. augustiks teada andnud, siis täidab käesoleva seaduse § 61 lõikes 1 nimetatud ülesandeid senine koostööorgan järgneva kalendriaasta lõpuni. (2) Kohaliku omavalitsuse üksused peavad käesoleva seaduse § 374 lõikes 1 nimetatud maakonna arengustrateegia vastu võtma hiljemalt 2019. aasta 15. jaanuaril. (3) Kuni käesoleva paragrahvi lõikes 2 nimetatud strateegia jõustumiseni kehtib varem maavanema korraldusega kehtestatud maakonna arengustrateegia.",true,inForce,2023-07-01,,estleg:KOKS_Par_70_4_v130062023028
estleg:KOKS_Par_70_4_Lg_1,estleg:KOKS_Map,§ 70⁴.,1,(1) Kohaliku omavalitsuse üksuste volikogud peavad käesoleva seaduse § 61 lõikes 3 nimetatud koostööorganile maakonna arengu kavandamise ülesande andmise otsustama hiljemalt 2018. aasta 1. veebruaril.,true,inForce,2023-07-01,,estleg:KOKS_Par_70_4_v130062023028
estleg:KOKS_Par_70_4_Lg_1_1,estleg:KOKS_Map,§ 70⁴.,1¹,"(1¹) Kui käesoleva seaduse § 61 lõigete 2 ja 3 kohaselt määratud koostööorgan ei täida enam sama paragrahvi lõikes 3 sätestatud nõudeid või on nimetatud uus koostööorgan, peavad valla- ja linnavalitsused koostööorgani tegevuse lõppemise ja koostööorgani muutmise otsustest andma Regionaal- ja Põllumajandusministeeriumile teada ning edastama ühiselt teatise koos kohaliku omavalitsuse üksuste volikogude vastavate otsustega jooksva aasta 1. augustiks. Uue koostööorgani kaudu saab käesoleva seaduse § 61 lõikes 1 nimetatud ülesandeid täitma hakata järgmise kalendriaasta algusest.",true,inForce,2023-07-01,,estleg:KOKS_Par_70_4_v130062023028
estleg:KOKS_Par_70_4_Lg_1_2,estleg:KOKS_Map,§ 70⁴.,1²,(1²) Käesoleva paragrahvi lõikes 11 nimetatud juhul täidab kalendriaasta lõpuni käesoleva seaduse § 61 lõikes 1 nimetatud ülesandeid senine koostööorgan.,true,inForce,2023-07-01,,estleg:KOKS_Par_70_4_v130062023028
estleg:KOKS_Par_70_4_Lg_1_3,estleg:KOKS_Map,§ 70⁴.,1³,"(1³) Kui valla- või linnavalitsused ei ole koostööorgani muutmise otsusest jooksva aasta 1. augustiks teada andnud, siis täidab käesoleva seaduse § 61 lõikes 1 nimetatud ülesandeid senine koostööorgan järgneva kalendriaasta lõpuni.",true,inForce,2023-07-01,,estleg:KOKS_Par_70_4_v130062023028
estleg:KOKS_Par_70_4_Lg_2,estleg:KOKS_Map,§ 70⁴.,2,(2) Kohaliku omavalitsuse üksused peavad käesoleva seaduse § 374 lõikes 1 nimetatud maakonna arengustrateegia vastu võtma hiljemalt 2019. aasta 15. jaanuaril.,true,inForce,2023-07-01,,estleg:KOKS_Par_70_4_v130062023028
estleg:KOKS_Par_70_4_Lg_3,estleg:KOKS_Map,§ 70⁴.,3,(3) Kuni käesoleva paragrahvi lõikes 2 nimetatud strateegia jõustumiseni kehtib varem maavanema korraldusega kehtestatud maakonna arengustrateegia.,true,inForce,2023-07-01,,estleg:KOKS_Par_70_4_v130062023028
estleg:KOKS_Par_70_5,estleg:KOKS_Map,§ 70⁵.,,Käesoleva seaduse § 48 lõikeid 22 ja 23 kohaldatakse alates 2021. aasta kohaliku omavalitsuse volikogu korraliste valimiste valimistulemuste väljakuulutamise päevast.,true,inForce,2019-02-15,,estleg:KOKS_Par_70_5_v105022019008
estleg:KOKS_Par_70_5_Lg_1,estleg:KOKS_Map,§ 70⁵.,,Käesoleva seaduse § 48 lõikeid 22 ja 23 kohaldatakse alates 2021. aasta kohaliku omavalitsuse volikogu korraliste valimiste valimistulemuste väljakuulutamise päevast.,true,inForce,2019-02-15,,estleg:KOKS_Par_70_5_v105022019008
estleg:KOKS_Par_70_6,estleg:KOKS_Map,§ 70⁶.,,2020. aastal peavad arengukava ja eelarvestrateegia hõlmama vähemalt nelja eelseisvat aastat 1. detsembri seisuga.,true,inForce,2020-07-20,,estleg:KOKS_Par_70_6_v110072020064
estleg:KOKS_Par_70_6_Lg_1,estleg:KOKS_Map,§ 70⁶.,,2020. aastal peavad arengukava ja eelarvestrateegia hõlmama vähemalt nelja eelseisvat aastat 1. detsembri seisuga.,true,inForce,2020-07-20,,estleg:KOKS_Par_70_6_v110072020064
estleg:KOKS_Par_70_7,estleg:KOKS_Map,§ 70⁷.,,"Volikogu liige, kes 2021. aasta 20. juulil töötab sama valla või linna ametiasutuses töölepingu alusel, peab kolme tööpäeva jooksul nimetatud kuupäevast arvates teavitama valla- või linnasekretäri, kas ta soovib osaleda volikogu töös või jätkata töötamist sama valla või linna ametiasutuses töölepingu alusel. Kui isik soovib jätkata töötamist ametiasutuses või ei teata tähtaja jooksul, et ta soovib volikogu töös osaleda, peatatakse tema volikogu liikme volitused.",true,inForce,2021-07-20,,estleg:KOKS_Par_70_7_v125062021007
estleg:KOKS_Par_70_7_Lg_1,estleg:KOKS_Map,§ 70⁷.,,"Volikogu liige, kes 2021. aasta 20. juulil töötab sama valla või linna ametiasutuses töölepingu alusel, peab kolme tööpäeva jooksul nimetatud kuupäevast arvates teavitama valla- või linnasekretäri, kas ta soovib osaleda volikogu töös või jätkata töötamist sama valla või linna ametiasutuses töölepingu alusel. Kui isik soovib jätkata töötamist ametiasutuses või ei teata tähtaja jooksul, et ta soovib volikogu töös osaleda, peatatakse tema volikogu liikme volitused.",true,inForce,2021-07-20,,estleg:KOKS_Par_70_7_v125062021007
estleg:KOKS_Par_70_Lg_1,estleg:KOKS_Map,§ 70.,,"Maavolikogude käesoleva koosseisu poolt ametisse kinnitatud maavanemate, abimaavanemate ja maavalitsuse nõunike volitused lõpevad seaduse jõustumisele järgnevate kohalike omavalitsuste volikogude valimiste tulemuste väljakuulutamise päevast.",true,inForce,2002-06-01,,estleg:KOKS_Par_70_v22250
estleg:KOKS_Par_71,estleg:KOKS_Map,§ 71.,,Omavalitsusüksuste põhimäärused tuleb kinnitada või viia kooskõlla käesoleva seadusega kolme kuu jooksul järgmiste kohalike omavalitsuste volikogude valimiste tulemusena moodustatud volikogude poolt valla- või linnavalitsuse ametisse kinnitamise päevast arvates.,true,inForce,2006-07-08,,estleg:KOKS_Par_71_v1042862
estleg:KOKS_Par_71_Lg_1,estleg:KOKS_Map,§ 71.,,Omavalitsusüksuste põhimäärused tuleb kinnitada või viia kooskõlla käesoleva seadusega kolme kuu jooksul järgmiste kohalike omavalitsuste volikogude valimiste tulemusena moodustatud volikogude poolt valla- või linnavalitsuse ametisse kinnitamise päevast arvates.,true,inForce,2006-07-08,,estleg:KOKS_Par_71_v1042862
estleg:KOKS_Par_72,estleg:KOKS_Map,§ 72.,,Kehtetu -,true,inForce,2011-03-01,,estleg:KOKS_Par_72_v105012011019
estleg:KOKS_Par_72_1,estleg:KOKS_Map,§ 72¹.,,Kehtetu -,true,inForce,2011-07-01,,estleg:KOKS_Par_72_1_v118032011005
estleg:KOKS_Par_72_2,estleg:KOKS_Map,§ 72².,,Volikogu komisjonide esimeeste ja aseesimeeste valimisel ning komisjonide koosseisude kujundamisel kohaldatakse käesoleva seaduse § 47 lõigetes 11–13 sätestatud nõudeid alates 2017. aasta kohaliku omavalitsuse volikogu korraliste valimiste valimistulemuste väljakuulutamise päevast.,true,inForce,2017-10-16,,estleg:KOKS_Par_72_2_v104072017020
estleg:KOKS_Par_72_2_Lg_1,estleg:KOKS_Map,§ 72².,,Volikogu komisjonide esimeeste ja aseesimeeste valimisel ning komisjonide koosseisude kujundamisel kohaldatakse käesoleva seaduse § 47 lõigetes 11–13 sätestatud nõudeid alates 2017. aasta kohaliku omavalitsuse volikogu korraliste valimiste valimistulemuste väljakuulutamise päevast.,true,inForce,2017-10-16,,estleg:KOKS_Par_72_2_v104072017020
estleg:KOKS_Par_72_3,estleg:KOKS_Map,§ 72³.,,Riigikogu liige võib täita valla- või linnavolikogu liikme ülesandeid alates 2017. aasta kohaliku omavalitsuse volikogu korraliste valimiste valimistulemuste väljakuulutamise päevast.,true,inForce,2017-10-16,,estleg:KOKS_Par_72_3_v104072017020
estleg:KOKS_Par_72_3_Lg_1,estleg:KOKS_Map,§ 72³.,,Riigikogu liige võib täita valla- või linnavolikogu liikme ülesandeid alates 2017. aasta kohaliku omavalitsuse volikogu korraliste valimiste valimistulemuste väljakuulutamise päevast.,true,inForce,2017-10-16,,estleg:KOKS_Par_72_3_v104072017020
estleg:KOKS_Par_72_4,estleg:KOKS_Map,§ 72⁴.,,Euroopa Parlamendi liige võib täita valla- või linnavolikogu liikme ülesandeid alates 2021. aasta kohaliku omavalitsuse volikogu korraliste valimiste valimistulemuste väljakuulutamise päevast.,true,inForce,2021-10-18,,estleg:KOKS_Par_72_4_v125062021008
estleg:KOKS_Par_72_4_Lg_1,estleg:KOKS_Map,§ 72⁴.,,Euroopa Parlamendi liige võib täita valla- või linnavolikogu liikme ülesandeid alates 2021. aasta kohaliku omavalitsuse volikogu korraliste valimiste valimistulemuste väljakuulutamise päevast.,true,inForce,2021-10-18,,estleg:KOKS_Par_72_4_v125062021008
estleg:KOKS_Par_73,estleg:KOKS_Map,§ 73.,,[Käesolevast tekstist välja jäetud.],true,inForce,2011-07-01,,estleg:KOKS_Par_73_v118032011005
estleg:KOKS_Par_74,estleg:KOKS_Map,§ 74.,,Vastuolu korral käesoleva seaduse §-s 67 loetletud sätete ja Eesti Nõukogude Sotsialistliku Vabariigi kohaliku omavalitsuse aluste seaduse ning teiste seaduste ja õigusaktide sätete vahel loetakse kehtivateks käesoleva seaduse sätted.,true,inForce,2002-06-01,,estleg:KOKS_Par_74_v22250
estleg:KOKS_Par_74_Lg_1,estleg:KOKS_Map,§ 74.,,Vastuolu korral käesoleva seaduse §-s 67 loetletud sätete ja Eesti Nõukogude Sotsialistliku Vabariigi kohaliku omavalitsuse aluste seaduse ning teiste seaduste ja õigusaktide sätete vahel loetakse kehtivateks käesoleva seaduse sätted.,true,inForce,2002-06-01,,estleg:KOKS_Par_74_v22250
estleg:KOKS_Par_75,estleg:KOKS_Map,§ 75.,,Vabariigi Valitsus esitab ettepanekud seaduste ja teiste õigusaktide kooskõlla viimiseks käesoleva seadusega.,true,inForce,2011-01-01,,estleg:KOKS_Par_75_v117122010033
estleg:KOKS_Par_75_Lg_1,estleg:KOKS_Map,§ 75.,,Vabariigi Valitsus esitab ettepanekud seaduste ja teiste õigusaktide kooskõlla viimiseks käesoleva seadusega.,true,inForce,2011-01-01,,estleg:KOKS_Par_75_v117122010033
estleg:KOKS_Par_7_Lg_1,estleg:KOKS_Map,§ 7.,1,(1) Volikogul ja valitsusel on õigus anda üldaktidena määrusi.,true,inForce,2018-01-01,,estleg:KOKS_Par_7_v104072017022
estleg:KOKS_Par_7_Lg_2,estleg:KOKS_Map,§ 7.,2,"(2) Volikogul on õigus üksikaktidena vastu võtta otsuseid, valitsusel anda korraldusi.",true,inForce,2018-01-01,,estleg:KOKS_Par_7_v104072017022
estleg:KOKS_Par_7_Lg_3,estleg:KOKS_Map,§ 7.,3,(3) Volikogu ja valitsuse õigusaktid kehtivad antud omavalitsusüksuse haldusterritooriumil.,true,inForce,2018-01-01,,estleg:KOKS_Par_7_v104072017022
estleg:KOKS_Par_7_Lg_3_1,estleg:KOKS_Map,§ 7.,3¹,"(3¹) Kui kohaliku omavalitsuse üksused on moodustanud ülesannete täitmiseks ühisameti, käsitatakse ühisameti haldusakti selle kohaliku omavalitsuse üksuse haldusaktina, kelle nimel ühisamet akti andis. Ühisameti ülesannete täitmisel ja haldusaktide andmisel kohaldatakse selle kohaliku omavalitsuse üksuse õigusakte, kes on halduslepinguga volitanud ühisameti ülesannet täitma.",true,inForce,2018-01-01,,estleg:KOKS_Par_7_v104072017022
estleg:KOKS_Par_7_Lg_4,estleg:KOKS_Map,§ 7.,4,"(4) Volikogu ja valitsuse määruse eelnõule kohaldatakse Vabariigi Valitsuse poolt Vabariigi Valitsuse ja ministri määruse eelnõu kohta kehtestatud normitehnilisi nõudeid erisustega, mis tulenevad kohaliku omavalitsusüksuse õiguslikust seisundist. Volikogu võib kehtestada täpsema korra normitehniliste nõuete rakendamiseks.",true,inForce,2018-01-01,,estleg:KOKS_Par_7_v104072017022
estleg:KOKS_Par_7_Lg_5,estleg:KOKS_Map,§ 7.,5,(5) Volikogu ja valitsuse määrused avaldatakse Riigi Teatajas vastuvõetud algtekstidena ning nende alusel kõiki muudatusi sisaldavate terviktekstidena.,true,inForce,2018-01-01,,estleg:KOKS_Par_7_v104072017022
estleg:KOKS_Par_8,estleg:KOKS_Map,§ 8.,,"(1) Valla või linna põhimääruses sätestatakse: volikogu esimehe ja aseesimehe või aseesimeeste valimise kord, volikogu komisjonide moodustamise kord, õigused ja kohustused; valitsuse moodustamise kord, vallavanema või linnapea valimise kord, valitsuse pädevus; valla või linna sümbolid ja nende kasutamise kord; valla või linna ametiasutuste ja ühisametite või -asutuste moodustamise kord; valla või linna arengukava, eelarvestrateegia ja eelarve koostamise ja muutmise ning finantsjuhtimise üldised põhimõtted; valla või linna õigusaktide vastuvõtmise, avalikustamise ja jõustumise täpsem kord. (1¹) Kui kohaliku omavalitsuse üksus kavandab moodustada siseaudiitori kutsetegevuse alaste ülesannete täitmiseks vastava ametikoha või vastava struktuuriüksuse, nähakse põhimääruses ette siseauditeerimise üldine töökorraldus. (2) Valla või linna põhimäärus kehtestatakse volikogu määrusega ning see võib sisaldada lisaks käesoleva paragrahvi 1. lõikes sätestatule ka muid valla või linna tegevust reguleerivaid sätteid.",true,inForce,2018-01-01,,estleg:KOKS_Par_8_v104072017022
estleg:KOKS_Par_8_Lg_1,estleg:KOKS_Map,§ 8.,1,"(1) Valla või linna põhimääruses sätestatakse: volikogu esimehe ja aseesimehe või aseesimeeste valimise kord, volikogu komisjonide moodustamise kord, õigused ja kohustused; valitsuse moodustamise kord, vallavanema või linnapea valimise kord, valitsuse pädevus; valla või linna sümbolid ja nende kasutamise kord; valla või linna ametiasutuste ja ühisametite või -asutuste moodustamise kord; valla või linna arengukava, eelarvestrateegia ja eelarve koostamise ja muutmise ning finantsjuhtimise üldised põhimõtted; valla või linna õigusaktide vastuvõtmise, avalikustamise ja jõustumise täpsem kord.",true,inForce,2018-01-01,,estleg:KOKS_Par_8_v104072017022
estleg:KOKS_Par_8_Lg_1_1,estleg:KOKS_Map,§ 8.,1¹,"(1¹) Kui kohaliku omavalitsuse üksus kavandab moodustada siseaudiitori kutsetegevuse alaste ülesannete täitmiseks vastava ametikoha või vastava struktuuriüksuse, nähakse põhimääruses ette siseauditeerimise üldine töökorraldus.",true,inForce,2018-01-01,,estleg:KOKS_Par_8_v104072017022
estleg:KOKS_Par_8_Lg_2,estleg:KOKS_Map,§ 8.,2,(2) Valla või linna põhimäärus kehtestatakse volikogu määrusega ning see võib sisaldada lisaks käesoleva paragrahvi 1. lõikes sätestatule ka muid valla või linna tegevust reguleerivaid sätteid.,true,inForce,2018-01-01,,estleg:KOKS_Par_8_v104072017022
estleg:KOKS_Par_9,estleg:KOKS_Map,§ 9.,,Kehtetu -,true,inForce,2011-07-01,,estleg:KOKS_Par_9_v118032011005
estleg:Reg_1003313_Par_1,estleg:Reg_1003313_Map,§ 1.,,Asutada Abja Vallavalitsuse hallatav asutus Abja Noortekeskus.,true,inForce,2009-12-25,,
estleg:Reg_1003313_Par_2,estleg:Reg_1003313_Map,§ 2.,,Kinnitada Abja Noortekeskuse põhimäärus (lisatud määrusele).,true,inForce,2009-12-25,,
estleg:Reg_1003313_Par_3,estleg:Reg_1003313_Map,§ 3.,,[Käesolevast tekstist välja jäetud],true,inForce,2009-12-25,,
estleg:Reg_1003313_Par_4,estleg:Reg_1003313_Map,§ 4.,,Määrus jõustub kolmandal päeval peale avalikustamist.,true,inForce,2009-12-25,,
estleg:Reg_1003314_Par_1,estleg:Reg_1003314_Map,§ 1.,,Asutada Abja Vallavalitsuse hallatav asutus Abja Päevakeskus.,true,inForce,2009-12-25,,
estleg:Reg_1003314_Par_2,estleg:Reg_1003314_Map,§ 2.,,Kinnitada Abja Päevakeskuse põhimäärus (lisatud määrusele).,true,inForce,2009-12-25,,
estleg:Reg_1003314_Par_3,estleg:Reg_1003314_Map,§ 3.,,Määrus jõustub kolmandal päeval peale avalikustamist.,true,inForce,2009-12-25,,
estleg:Reg_1003627_Par_1,estleg:Reg_1003627_Map,§ 1.,,Repealed; provision body suppressed (issue #374).,false,repealed,2012-06-01,2026-05-04,
estleg:Reg_1003627_Par_10,estleg:Reg_1003627_Map,§ 10.,,Repealed; provision body suppressed (issue #374).,false,repealed,2012-06-01,2026-05-04,
estleg:Reg_1003627_Par_11,estleg:Reg_1003627_Map,§ 11.,,Repealed; provision body suppressed (issue #374).,false,repealed,2012-06-01,2026-05-04,
estleg:Reg_1003627_Par_12,estleg:Reg_1003627_Map,§ 12.,,Repealed; provision body suppressed (issue #374).,false,repealed,2012-06-01,2026-05-04,
estleg:Reg_1003627_Par_13,estleg:Reg_1003627_Map,§ 13.,,Repealed; provision body suppressed (issue #374).,false,repealed,2012-06-01,2026-05-04,
estleg:Reg_1003627_Par_2,estleg:Reg_1003627_Map,§ 2.,,Repealed; provision body suppressed (issue #374).,false,repealed,2012-06-01,2026-05-04,
estleg:Reg_1003627_Par_3,estleg:Reg_1003627_Map,§ 3.,,Repealed; provision body suppressed (issue #374).,false,repealed,2012-06-01,2026-05-04,
estleg:Reg_1003627_Par_4,estleg:Reg_1003627_Map,§ 4.,,Repealed; provision body suppressed (issue #374).,false,repealed,2012-06-01,2026-05-04,
estleg:Reg_1003627_Par_5,estleg:Reg_1003627_Map,§ 5.,,Repealed; provision body suppressed (issue #374).,false,repealed,2012-06-01,2026-05-04,
estleg:Reg_1003627_Par_6,estleg:Reg_1003627_Map,§ 6.,,Repealed; provision body suppressed (issue #374).,false,repealed,2012-06-01,2026-05-04,
estleg:Reg_1003627_Par_7,estleg:Reg_1003627_Map,§ 7.,,Repealed; provision body suppressed (issue #374).,false,repealed,2012-06-01,2026-05-04,
estleg:Reg_1003627_Par_8,estleg:Reg_1003627_Map,§ 8.,,Repealed; provision body suppressed (issue #374).,false,repealed,2012-06-01,2026-05-04,
estleg:Reg_1003627_Par_9,estleg:Reg_1003627_Map,§ 9.,,Repealed; provision body suppressed (issue #374).,false,repealed,2012-06-01,2026-05-04,
estleg:Reg_1003628_Par_1,estleg:Reg_1003628_Map,§ 1.,,Repealed; provision body suppressed (issue #374).,false,repealed,2012-06-01,2026-05-04,
estleg:Reg_1003628_Par_2,estleg:Reg_1003628_Map,§ 2.,,Repealed; provision body suppressed (issue #374).,false,repealed,2012-06-01,2026-05-04,
estleg:Reg_1003628_Par_3,estleg:Reg_1003628_Map,§ 3.,,Repealed; provision body suppressed (issue #374).,false,repealed,2012-06-01,2026-05-04,
estleg:Reg_1003628_Par_4,estleg:Reg_1003628_Map,§ 4.,,Repealed; provision body suppressed (issue #374).,false,repealed,2012-06-01,2026-05-04,
estleg:Reg_1003633_Par_1,estleg:Reg_1003633_Map,§ 1.,,Repealed; provision body suppressed (issue #374).,false,repealed,2012-06-01,2026-05-04,
estleg:Reg_1003633_Par_10,estleg:Reg_1003633_Map,§ 10.,,Repealed; provision body suppressed (issue #374).,false,repealed,2012-06-01,2026-05-04,
estleg:Reg_1003633_Par_11,estleg:Reg_1003633_Map,§ 11.,,Repealed; provision body suppressed (issue #374).,false,repealed,2012-06-01,2026-05-04,
estleg:Reg_1003633_Par_12,estleg:Reg_1003633_Map,§ 12.,,Repealed; provision body suppressed (issue #374).,false,repealed,2012-06-01,2026-05-04,
estleg:Reg_1003633_Par_2,estleg:Reg_1003633_Map,§ 2.,,Repealed; provision body suppressed (issue #374).,false,repealed,2012-06-01,2026-05-04,
estleg:Reg_1003633_Par_3,estleg:Reg_1003633_Map,§ 3.,,Repealed; provision body suppressed (issue #374).,false,repealed,2012-06-01,2026-05-04,
estleg:Reg_1003633_Par_4,estleg:Reg_1003633_Map,§ 4.,,Repealed; provision body suppressed (issue #374).,false,repealed,2012-06-01,2026-05-04,
estleg:Reg_1003633_Par_5,estleg:Reg_1003633_Map,§ 5.,,Repealed; provision body suppressed (issue #374).,false,repealed,2012-06-01,2026-05-04,
estleg:Reg_1003633_Par_6,estleg:Reg_1003633_Map,§ 6.,,Repealed; provision body suppressed (issue #374).,false,repealed,2012-06-01,2026-05-04,
estleg:Reg_1003633_Par_7,estleg:Reg_1003633_Map,§ 7.,,Repealed; provision body suppressed (issue #374).,false,repealed,2012-06-01,2026-05-04,
estleg:Reg_1003633_Par_8,estleg:Reg_1003633_Map,§ 8.,,Repealed; provision body suppressed (issue #374).,false,repealed,2012-06-01,2026-05-04,
estleg:Reg_1003633_Par_9,estleg:Reg_1003633_Map,§ 9.,,Repealed; provision body suppressed (issue #374).,false,repealed,2012-06-01,2026-05-04,
estleg:Reg_1006236_Par_1,estleg:Reg_1006236_Map,§ 1.,,"1 (1) Abja valla kalmistute eeskiri (edaspidi nimetatud eeskiri) kehtestab Abja valla haldusterritooriumil asuvate Abja kalmistu ja Penuja kalmistu (koos edaspidi nimetatud kalmistud) haldamise ja kasutamise korra. Abja valla kalmistute eeskiri (edaspidi nimetatud eeskiri) kehtestab Abja valla haldusterritooriumil asuvate Abja kalmistu ja Penuja kalmistu (koos edaspidi nimetatud kalmistud) haldamise ja kasutamise korra. 2 (2) Abja kalmistu on tunnistatud kultuurimälestisteks ning kalmistu laiendamisel, haldamisel ja matmiseks sulgemisel tuleb arvestada muinsuskaitseseadusest tulenevaid erisusi. Abja kalmistu on tunnistatud kultuurimälestisteks ning kalmistu laiendamisel, haldamisel ja matmiseks sulgemisel tuleb arvestada muinsuskaitseseadusest tulenevaid erisusi. 3 (3) Käesolevas eeskirjas kasutatakse mõisteid järgmises tähenduses: 1 1) kalmistu – tähistatud ja vajalike ehitistega maa-ala inimeste surnukehade või nende tuha matmiseks ja surnute mälestamiseks; 2 2) hauaplats – kalmistul asuv maa-ala ühe või mitme surnu matmiseks kirstus või tuhaurnis; 3 3) hauakoht – koht hauaplatsil kirstu või urni matmiseks; 4 4) kalmistu haldaja – kalmistu kasutamist korraldav ametiasutus; 5 5) kalmistuvaht – kalmistutöötaja; 6 6) hauaplatsi valdaja – isik, kelle valdusesse on kasutusõiguse alusel hauaplats kalmistu haldaja poolt antud; 7 7) hauarajatis – hauaplatsil paiknev maapinnaga kohtkindlalt ühendatud ehitis (piirdeaed, betoonrant, hauakamber vmt); 8 8) hauatähis – ühte või mitut hauakohta tähistav rist, plaat, sammas, kivi või muu tähis. 9 9) matmisraamat – matmiste registreerimise raamat. Käesolevas eeskirjas kasutatakse mõisteid järgmises tähenduses: kalmistu – tähistatud ja vajalike ehitistega maa-ala inimeste surnukehade või nende tuha matmiseks ja surnute mälestamiseks; hauaplats – kalmistul asuv maa-ala ühe või mitme surnu matmiseks kirstus või tuhaurnis; hauakoht – koht hauaplatsil kirstu või urni matmiseks; kalmistu haldaja – kalmistu kasutamist korraldav ametiasut",true,inForce,2012-11-04,,
estleg:Reg_1006236_Par_10,estleg:Reg_1006236_Map,§ 10.,,1 (1) Kalmistu haldaja on kohustatud jälgima matmisplatside korrashoidu ja võtma hooldamata platsid arvele. Kalmistu haldaja on kohustatud jälgima matmisplatside korrashoidu ja võtma hooldamata platsid arvele. 2 (2) Kalmistu kujunduspõhimõtete eiramisel on kalmistuvahil õigus teha hauaplatsi valdajale hoiatus. Hoiatuses juhitakse hauaplatsi valdaja tähelepanu kujunduspõhimõtete rikkumisele ning antakse matmisplatsi valdajale puuduste kõrvaldamiseks tähtaeg. Kalmistu kujunduspõhimõtete eiramisel on kalmistuvahil õigus teha hauaplatsi valdajale hoiatus. Hoiatuses juhitakse hauaplatsi valdaja tähelepanu kujunduspõhimõtete rikkumisele ning antakse matmisplatsi valdajale puuduste kõrvaldamiseks tähtaeg. 3 (3) Kalmistuvaht on kohustatud hoidma korras kalmistu üldkasutatavad alad. Kalmistuvaht on kohustatud hoidma korras kalmistu üldkasutatavad alad. 4 (4) Kalmistuvahil on õigus muinsuskaitseameti loal eemaldada või määrata eemaldamisele kalmistu ilmet rikkuvad või ohtlikud puud ja põõsad. Kalmistuvahil on õigus muinsuskaitseameti loal eemaldada või määrata eemaldamisele kalmistu ilmet rikkuvad või ohtlikud puud ja põõsad.,true,inForce,2012-11-04,,
estleg:Reg_1006236_Par_11,estleg:Reg_1006236_Map,§ 11.,,"1 (1) Kalmistul on keelatud: 1 1) risustada, rikkuda ja rüüstata hauaplatse ning üldkasutatavat territooriumi, jalutada koeri ja teisi koduloomi; 2 2) omavoliliselt raiuda kasvavaid puid ja põõsaid; 3 3) kasutada mootorsõidukit ilma kalmistuvahi loata; 4 4) prügi mahapanek selleks mitte ettenähtud kohtadesse; 5 5) kalmistu jäätmemahutitesse olmejäätmete paigutamine; 6 6) teha lõket; 7 7) laiendada omavoliliselt hauaplatse; 8 8) oma tegevusega häirida kalmistu rahu (muusika vali mängimine, kisendamine, karjumine) . 9 9) matta loomi. Kalmistul on keelatud: risustada, rikkuda ja rüüstata hauaplatse ning üldkasutatavat territooriumi, jalutada koeri ja teisi koduloomi; omavoliliselt raiuda kasvavaid puid ja põõsaid; kasutada mootorsõidukit ilma kalmistuvahi loata; prügi mahapanek selleks mitte ettenähtud kohtadesse; kalmistu jäätmemahutitesse olmejäätmete paigutamine; teha lõket; laiendada omavoliliselt hauaplatse; oma tegevusega häirida kalmistu rahu (muusika vali mängimine, kisendamine, karjumine) . matta loomi. 2 (2) Matmise korraldamine vastavalt kultuurilistele ja religioossetele tavadele (mis on tavapärasemast valjem) ei ole kalmistu rahu häirimine. Matmise korraldamine vastavalt kultuurilistele ja religioossetele tavadele (mis on tavapärasemast valjem) ei ole kalmistu rahu häirimine.",true,inForce,2012-11-04,,
estleg:Reg_1006236_Par_12,estleg:Reg_1006236_Map,§ 12.,,"Kalmistu haldaja peab tagama kalmistu häirimatu kasutamise ja kalmistul peavad olema: 1 1) matmiseks vajalikud tööriistad; 2 2) infotahvli, kus on märgitud kalmistuvahi tööaeg ja telefoni number, kalmistu eeskiri ning osutatavad teenused ja nende hinnad; 3 3) teede ja parkimisplatside olemasolu ja korrashoiu; 4 4) kalmistujäätmete kogumise mahutite olemasolu. Kalmistu haldaja peab tagama kalmistu häirimatu kasutamise ja kalmistul peavad olema: matmiseks vajalikud tööriistad; infotahvli, kus on märgitud kalmistuvahi tööaeg ja telefoni number, kalmistu eeskiri ning osutatavad teenused ja nende hinnad; teede ja parkimisplatside olemasolu ja korrashoiu; kalmistujäätmete kogumise mahutite olemasolu.",true,inForce,2012-11-04,,
estleg:Reg_1006236_Par_13,estleg:Reg_1006236_Map,§ 13.,,"Kalmistut võib laiendada detailplaneeringu alusel, milles nähakse ette kalmistu jaotus kvartaliteks, hauaplatsidele juurdepääsuteede ja – radade paiknemine, ehitiste asukohad jms. Kalmistut võib laiendada detailplaneeringu alusel, milles nähakse ette kalmistu jaotus kvartaliteks, hauaplatsidele juurdepääsuteede ja – radade paiknemine, ehitiste asukohad jms.",true,inForce,2012-11-04,,
estleg:Reg_1006236_Par_14,estleg:Reg_1006236_Map,§ 14.,,"1 (1) Kalmistu suletakse matmiseks vallavolikogu otsusega. Kalmistu suletakse matmiseks vallavolikogu otsusega. 2 (2) Kalmistu sulgemist käsitlev otsus peab määrama tingimused ja korra suletud kalmistu edasise kasutamise, hooldamise ja kaitse korraldamise kohta. Kalmistu sulgemist käsitlev otsus peab määrama tingimused ja korra suletud kalmistu edasise kasutamise, hooldamise ja kaitse korraldamise kohta.",true,inForce,2012-11-04,,
estleg:Reg_1006236_Par_15,estleg:Reg_1006236_Map,§ 15.,,"Käesoleva eeskirja rikkuja kannab vastutust kohaliku omavalitsuse korralduse seadusega, karistusseadustikuga ja teiste õigusaktidega ettenähtud korras. Käesoleva eeskirja rikkuja kannab vastutust kohaliku omavalitsuse korralduse seadusega, karistusseadustikuga ja teiste õigusaktidega ettenähtud korras.",true,inForce,2012-11-04,,
estleg:Reg_1006236_Par_2,estleg:Reg_1006236_Map,§ 2.,,1 (1) Kalmistuid haldab Abja Vallavalitsus ja kalmistud on määratud avalikuks kasutamiseks. Kalmistuid haldab Abja Vallavalitsus ja kalmistud on määratud avalikuks kasutamiseks. 2 (2) Abja Vallavalitsusel on õigus sõlmida kalmistute haldamisega seotud ülesannete täitmise volitamiseks halduslepinguid. Abja Vallavalitsusel on õigus sõlmida kalmistute haldamisega seotud ülesannete täitmise volitamiseks halduslepinguid.,true,inForce,2012-11-04,,
estleg:Reg_1006236_Par_3,estleg:Reg_1006236_Map,§ 3.,,Käesolevat eeskirja on kohustatud täitma kõik kalmistutel viibijad. Käesolevat eeskirja on kohustatud täitma kõik kalmistutel viibijad.,true,inForce,2012-11-04,,
estleg:Reg_1006236_Par_4,estleg:Reg_1006236_Map,§ 4.,,"Kalmistud on avatud iga päev, kalmistuvahtide kontaktandmed on avaldatud kalmistute teadetetahvlitel ja valla kodulehel www.abja.ee. Kalmistud on avatud iga päev, kalmistuvahtide kontaktandmed on avaldatud kalmistute teadetetahvlitel ja valla kodulehel www.abja.ee.",true,inForce,2012-11-04,,
estleg:Reg_1006236_Par_5,estleg:Reg_1006236_Map,§ 5.,,"1 (1) Hauaplatsi suuruse ja asukoha määrab kalmistuvaht, võttes võimaluse korral arvesse hauaplatsi taotleja ettepanekud. Hauaplatsi suuruse ja asukoha määrab kalmistuvaht, võttes võimaluse korral arvesse hauaplatsi taotleja ettepanekud. 2 (2) Hauaplats eraldatakse vastavalt taotleja soovile ühe- või mitmekohalisena. Hauaplats eraldatakse vastavalt taotleja soovile ühe- või mitmekohalisena. 3 (3) Kalmistuvaht näitab hauaplatsi taotlejale kätte hauaplatsi asukoha ning tähistab kohapeal selle piirid. Kalmistuvaht näitab hauaplatsi taotlejale kätte hauaplatsi asukoha ning tähistab kohapeal selle piirid. 4 (4) Hauaplats eraldatakse taotlejale tähtajatu tasuta kasutusõigusega. Hauaplats eraldatakse taotlejale tähtajatu tasuta kasutusõigusega. 5 (5) Hauaplatsi kasutusõigusest loobumise korral teatab hauaplatsi valdaja sellest kirjalikult kalmistu haldajale. Kasutusõigusest loobumise korral on kalmistu haldajal õigus hauaplatsi vaba osa uuteks matmisteks välja anda. Hauaplatsi kasutusõigusest loobumise korral teatab hauaplatsi valdaja sellest kirjalikult kalmistu haldajale. Kasutusõigusest loobumise korral on kalmistu haldajal õigus hauaplatsi vaba osa uuteks matmisteks välja anda. 6 (6) Hooldamata hauaplatsid: 1 1) hauaplatsi tunnistab hooldamata hauaplatsiks kalmistu haldaja ja kalmistuvaht võtab hooldamata hauaplatsi arvele; 2 2) hooldamata hauaplatsid antakse välja pealematmiseks vastavalt kalmistu seadusele. 3 3) hauaplatsi valdaja võib soovi korral valduse üle anda teisele isikule. Valdaja on kohustatud valduse üleminekust teisele isikule teada andma kalmistuvahile. Hooldamata hauaplatsid: hauaplatsi tunnistab hooldamata hauaplatsiks kalmistu haldaja ja kalmistuvaht võtab hooldamata hauaplatsi arvele; hooldamata hauaplatsid antakse välja pealematmiseks vastavalt kalmistu seadusele. hauaplatsi valdaja võib soovi korral valduse üle anda teisele isikule. Valdaja on kohustatud valduse üleminekust teisele isikule teada andma kalmistuvahile.",true,inForce,2012-11-04,,
estleg:Reg_1006236_Par_6,estleg:Reg_1006236_Map,§ 6.,,"1 (1) Loa matmiseks annab kalmistuvaht maetava isiku surmatõendi alusel, surnult sündinu maetakse arstliku surmateatise alusel. Loa matmiseks annab kalmistuvaht maetava isiku surmatõendi alusel, surnult sündinu maetakse arstliku surmateatise alusel. 2 (2) Kalmistuvaht registreerib matmise kohta matmisraamatus andmed vastavalt kalmistuseaduse § 11 sätestatule. Kalmistuvaht registreerib matmise kohta matmisraamatus andmed vastavalt kalmistuseaduse § 11 sätestatule.",true,inForce,2012-11-04,,
estleg:Reg_1006236_Par_7,estleg:Reg_1006236_Map,§ 7.,,"1 (1) Kõik matmised tuleb registreerida kalmistuvahi juures enne matust. Kõik matmised tuleb registreerida kalmistuvahi juures enne matust. 2 (2) Matta võib kirstuga või tuhastatult urniga. Matta võib kirstuga või tuhastatult urniga. 3 (3) Matmine on lubatud ainult valgel ajal – talvel kella 10-st kuni kella 15-ni ning suvel kella10-st kuni kella 17-ni. Nimetatud nõudest võib erandkorras kalmistu haldaja kirjalikul loal kõrvale kalduda juhul, kui matuse korraldajad soovivad matta lahkunut vastavalt oma religioossetele tavadele, mis ei kattu kohalike põliste matmistavadega. Matmine on lubatud ainult valgel ajal – talvel kella 10-st kuni kella 15-ni ning suvel kella10-st kuni kella 17-ni. Nimetatud nõudest võib erandkorras kalmistu haldaja kirjalikul loal kõrvale kalduda juhul, kui matuse korraldajad soovivad matta lahkunut vastavalt oma religioossetele tavadele, mis ei kattu kohalike põliste matmistavadega. 4 (4) Riiklikel pühadel matmisi üldjuhul ei toimu. Riiklikel pühadel matmisi üldjuhul ei toimu. 5 (5) Kultuuriloolisest tuntud isikute hauaplatsidele pealematmist ei teostata. Kultuuriloolisest tuntud isikute hauaplatsidele pealematmist ei teostata. 6 (6) Matmist takistavate hauakivide ja muude hauarajatiste ajutine kõrvaldamine ja taaspaigaldamine toimub matuse korraldaja kulul. Matmist takistavate hauakivide ja muude hauarajatiste ajutine kõrvaldamine ja taaspaigaldamine toimub matuse korraldaja kulul. 7 (7) Matuse korraldaja korrastab pärast matmist hauaplatsi ja hüvitab matmise käigus teistele haudadele tekitatud võimalikud kahjustused kokkuleppel kalmistu haldajaga või kahjukannatajaga. Matuse korraldaja korrastab pärast matmist hauaplatsi ja hüvitab matmise käigus teistele haudadele tekitatud võimalikud kahjustused kokkuleppel kalmistu haldajaga või kahjukannatajaga. 8 (8) Omasteta surnu matmisplatsid hoiab korras kalmistu haldaja. Kui omasteta surnul on varasem perekonna hauaplats, maetakse ta võimalusel sinna. Omasteta surnu matmisplatsid hoiab korras kalm",true,inForce,2012-11-04,,
estleg:Reg_1006236_Par_8,estleg:Reg_1006236_Map,§ 8.,,"1 (1) Hauaplats on kalmistu osa, mille kujundamisel tuleb järgida kalmistul väljakujunenud kujunduspõhimõtteid ja –nõudeid, et hauaplatsi kujundus ei erineks oluliselt teistest kalmistul olevatest haudadest. Hauaplats on kalmistu osa, mille kujundamisel tuleb järgida kalmistul väljakujunenud kujunduspõhimõtteid ja –nõudeid, et hauaplatsi kujundus ei erineks oluliselt teistest kalmistul olevatest haudadest. 2 (2) Iga hauaplats tähistatakse risti, hauaplaadi, -kivi või muu tähisega, millele on ilmastikukindlalt kantud maetu(te) perekonnanimi ning soovitavalt eesnimi, sünni- ja surmakuupäev. Iga hauaplats tähistatakse risti, hauaplaadi, -kivi või muu tähisega, millele on ilmastikukindlalt kantud maetu(te) perekonnanimi ning soovitavalt eesnimi, sünni- ja surmakuupäev. 3 (3) Hauatähised (hauarist, -kivi, -sammas, -plaat), hauarajatised (äärekivi, valatud betoonrant, istepink, hekk kõrgusega kuni 0,5 m, piirdeaed jms) ja haljastus peavad asuma hauaplatsi piires. Hauatähised (hauarist, -kivi, -sammas, -plaat), hauarajatised (äärekivi, valatud betoonrant, istepink, hekk kõrgusega kuni 0,5 m, piirdeaed jms) ja haljastus peavad asuma hauaplatsi piires. 4 (4) Hauaplatsi kujundamiseks võib kasutada madalhaljastust ja puude kääbusvorme, rahulikke värve. Kõrgema haljastuse (puud ja põõsad kõrgusega üle 2 m) võib rajada vaid kalmistuvahi loal. Hauaplatsile paigaldatud hauatähised ja/või hauarajatised on valdaja omand. Hauaplatsi kujundamiseks võib kasutada madalhaljastust ja puude kääbusvorme, rahulikke värve. Kõrgema haljastuse (puud ja põõsad kõrgusega üle 2 m) võib rajada vaid kalmistuvahi loal. Hauaplatsile paigaldatud hauatähised ja/või hauarajatised on valdaja omand. 5 (5) Hauarajatised peab hauaplatsi valdaja rajama nii, et naabruses uue haua kaevamisel ei tekiks rajatise varisemisohtu. Hauarajatised peab hauaplatsi valdaja rajama nii, et naabruses uue haua kaevamisel ei tekiks rajatise varisemisohtu. 6 (6) Õigus püstitada hauaplatsile hauarajatisi on hauaplatsi valdajal. ",true,inForce,2012-11-04,,
estleg:Reg_1006236_Par_9,estleg:Reg_1006236_Map,§ 9.,,"1 (1) Hauaplatsi hooldamist korraldab hauaplatsi valdaja. Hauaplatsi hooldamist korraldab hauaplatsi valdaja. 2 (2) Hauaplatsi valdaja on kohustatud korrastama hauatähised ja –rajatised, hauaplatsi ja sellega piirnevad teeosad. Hauaplatsi valdaja on kohustatud korrastama hauatähised ja –rajatised, hauaplatsi ja sellega piirnevad teeosad. 3 (3) Hauaplatsi valdajal tuleb plast-, klaas- ja metalljäätmed paigutada selleks ettenähtud konteineritesse. Biolagunevad jäätmed (lehed, oksad, jms) tuleb viia selleks ettenähtud kohta. Hauaplatsi valdajal tuleb plast-, klaas- ja metalljäätmed paigutada selleks ettenähtud konteineritesse. Biolagunevad jäätmed (lehed, oksad, jms) tuleb viia selleks ettenähtud kohta.",true,inForce,2012-11-04,,
estleg:Reg_1007599_Par_1,estleg:Reg_1007599_Map,§ 1.,,Repealed; provision body suppressed (issue #374).,false,repealed,2012-12-02,2026-05-04,
estleg:Reg_1007599_Par_2,estleg:Reg_1007599_Map,§ 2.,,Repealed; provision body suppressed (issue #374).,false,repealed,2012-12-02,2026-05-04,
estleg:Reg_1007602_Par_1,estleg:Reg_1007602_Map,§ 1.,,Repealed; provision body suppressed (issue #374).,false,repealed,2012-12-01,2026-05-04,
estleg:Reg_1007602_Par_2,estleg:Reg_1007602_Map,§ 2.,,Repealed; provision body suppressed (issue #374).,false,repealed,2012-12-01,2026-05-04,
estleg:Reg_1016141_Par_1,estleg:Reg_1016141_Map,§ 1.,,Repealed; provision body suppressed (issue #374).,false,repealed,2013-09-06,2026-05-04,
estleg:Reg_1016141_Par_2,estleg:Reg_1016141_Map,§ 2.,,Repealed; provision body suppressed (issue #374).,false,repealed,2013-09-06,2026-05-04,
estleg:Reg_1016141_Par_3,estleg:Reg_1016141_Map,§ 3.,,Repealed; provision body suppressed (issue #374).,false,repealed,2013-09-06,2026-05-04,
estleg:Reg_1016141_Par_4,estleg:Reg_1016141_Map,§ 4.,,Repealed; provision body suppressed (issue #374).,false,repealed,2013-09-06,2026-05-04,
estleg:Reg_1016141_Par_5,estleg:Reg_1016141_Map,§ 5.,,Repealed; provision body suppressed (issue #374).,false,repealed,2013-09-06,2026-05-04,
estleg:Reg_1016141_Par_6,estleg:Reg_1016141_Map,§ 6.,,Repealed; provision body suppressed (issue #374).,false,repealed,2013-09-06,2026-05-04,
estleg:Reg_1017362_Par_1,estleg:Reg_1017362_Map,§ 1.,,Repealed; provision body suppressed (issue #374).,false,repealed,2013-11-01,2026-05-04,
estleg:Reg_1017362_Par_2,estleg:Reg_1017362_Map,§ 2.,,Repealed; provision body suppressed (issue #374).,false,repealed,2013-11-01,2026-05-04,
estleg:Reg_1017362_Par_3,estleg:Reg_1017362_Map,§ 3.,,Repealed; provision body suppressed (issue #374).,false,repealed,2013-11-01,2026-05-04,
estleg:Reg_1017362_Par_4,estleg:Reg_1017362_Map,§ 4.,,Repealed; provision body suppressed (issue #374).,false,repealed,2013-11-01,2026-05-04,
estleg:Reg_1025479_Par_1,estleg:Reg_1025479_Map,§ 1.,,Asutada Abja Vallavalitsuse hallatav asutus Abja Spordi- ja Tervisekeskus.,true,inForce,2014-09-01,,
estleg:Reg_1025479_Par_2,estleg:Reg_1025479_Map,§ 2.,,Kehtetu -,true,inForce,2014-09-01,,
estleg:Reg_1025479_Par_3,estleg:Reg_1025479_Map,§ 3.,,Määrus jõustub 01. septembril 2014,true,inForce,2014-09-01,,
estleg:Reg_1033307_Par_1,estleg:Reg_1033307_Map,§ 1.,,"Määrusega kehtestatakse töövõime hindamiseks, puude raskusastme, töövõime ulatuse ja vigastuse või haiguse vahelise seose, tööõnnetusest ja kutsehaigusest tingitud töövõime kaotuse, vägivallakuriteo ja tervisekahjustuse vahelise seose ning raske tervisekahjustuse kestuse või eeldusliku kestuse tuvastamiseks ja välislepingute alusel andmete töötlemiseks vajalike tervise infosüsteemi andmete loetelu ja päringute perioodid. RT I 2023-03-29 23 129032023023 2023-04-01 Määrusega kehtestatakse töövõime hindamiseks, puude raskusastme, töövõime ulatuse ja vigastuse või haiguse vahelise seose, tööõnnetusest ja kutsehaigusest tingitud töövõime kaotuse, vägivallakuriteo ja tervisekahjustuse vahelise seose ning raske tervisekahjustuse kestuse või eeldusliku kestuse tuvastamiseks ja välislepingute alusel andmete töötlemiseks vajalike tervise infosüsteemi andmete loetelu ja päringute perioodid.",true,inForce,2023-03-23,,estleg:Reg_1033307_Par_1_v1033307
estleg:Reg_1033307_Par_2,estleg:Reg_1033307_Map,§ 2.,,"1 (1) Eesti Töötukassal on töövõime hindamise taotluse menetlemiseks ja töövõimetoetuse seaduse § 6 lõikes 4 nimetatud nõude täitmiseks õigus kontrollida päringule eelneva viie aasta kohta järgmisi andmeid: 1 1) tervise infosüsteemi andmeid esitanud arsti ees- ja perekonnanimi ja eriala; 2 2) taotluse esitanud inimese viimase visiidi kuupäev; 3 3) tervishoiuteenuse osutamist tõendava dokumendi koostamise ja tervise infosüsteemi laekumise kuupäev. RT I 2018-05-29 8 129052018008 2018-06-01 23 Eesti Töötukassal on töövõime hindamise taotluse menetlemiseks ja töövõimetoetuse seaduse § 6 lõikes 4 nimetatud nõude täitmiseks õigus kontrollida päringule eelneva viie aasta kohta järgmisi andmeid: tervise infosüsteemi andmeid esitanud arsti ees- ja perekonnanimi ja eriala; taotluse esitanud inimese viimase visiidi kuupäev; tervishoiuteenuse osutamist tõendava dokumendi koostamise ja tervise infosüsteemi laekumise kuupäev. 2 (2) Sotsiaalkindlustusametil on puude raskusastme tuvastamise taotluse menetlemiseks õigus kontrollida päringule eelneva viie aasta kohta tervise infosüsteemi andmeid esitanud arsti ees- ja perekonnanime. Sotsiaalkindlustusametil on puude raskusastme tuvastamise taotluse menetlemiseks õigus kontrollida päringule eelneva viie aasta kohta tervise infosüsteemi andmeid esitanud arsti ees- ja perekonnanime. 3 (3) Eesti Töötukassal on töövõime hindamiseks ja välislepingute alusel andmete töötlemiseks ning Sotsiaalkindlustusametil on puude raskusastme, töövõime ulatuse ja vigastuse või haiguse vahelise seose, tööõnnetusest ja kutsehaigusest tingitud töövõime kaotuse, vägivallakuriteo ja tervisekahjustuse vahelise seose ning raske tervisekahjustuse kestuse või eeldusliku kestuse tuvastamiseks ja välislepingute alusel andmete töötlemiseks õigus saada päringule eelneva viie aasta kohta tervise infosüsteemist järgmisi andmeid: RT I 2023-03-29 23 129032023023 2023-04-01 1 1) patsient – nimi ja isikukood; 2 2) diagnoosid – diagnoositud haiguste nimetused ja koodid vast",true,inForce,2023-03-23,,estleg:Reg_1033307_Par_2_v1033307
estleg:Reg_1033307_Par_3,estleg:Reg_1033307_Map,§ 3.,,[Käesolevast tekstist välja jäetud.] [Käesolevast tekstist välja jäetud.],true,inForce,2023-03-23,,estleg:Reg_1033307_Par_3_v1033307
estleg:Reg_1033307_Par_4,estleg:Reg_1033307_Map,§ 4.,,Määrus jõustub 1. juulil 2016. a. Määrus jõustub 1. juulil 2016. a.,true,inForce,2023-03-23,,estleg:Reg_1033307_Par_4_v1033307
estleg:Reg_1035064_Par_1,estleg:Reg_1035064_Map,§ 1.,,Kinnitada Abja-Paluoja soojusmajanduse arengukava aastateks 2016- 2026 vastavalt lisale.,true,inForce,2016-06-05,2026-12-31,
estleg:Reg_1035064_Par_2,estleg:Reg_1035064_Map,§ 2.,,Määrus jõustub kolmandal päeval pärast Riigi Teatajas avaldamist.,true,inForce,2016-06-05,2026-12-31,
estleg:Reg_1039736_Par_1,estleg:Reg_1039736_Map,§ 1.,,Repealed; provision body suppressed (issue #374).,false,repealed,2017-08-26,2026-05-04,
estleg:Reg_1039736_Par_2,estleg:Reg_1039736_Map,§ 2.,,Repealed; provision body suppressed (issue #374).,false,repealed,2017-08-26,2026-05-04,
estleg:Reg_1039736_Par_3,estleg:Reg_1039736_Map,§ 3.,,Repealed; provision body suppressed (issue #374).,false,repealed,2017-08-26,2026-05-04,
estleg:Reg_1039736_Par_4,estleg:Reg_1039736_Map,§ 4.,,Repealed; provision body suppressed (issue #374).,false,repealed,2017-08-26,2026-05-04,
estleg:Reg_1039736_Par_5,estleg:Reg_1039736_Map,§ 5.,,Repealed; provision body suppressed (issue #374).,false,repealed,2017-08-26,2026-05-04,
estleg:Reg_1040287_Par_1,estleg:Reg_1040287_Map,§ 1.,,Asutada Abja Vallavalitsuse hallatav asutus Abja Turg.,true,inForce,2017-10-08,,
estleg:Reg_1040287_Par_2,estleg:Reg_1040287_Map,§ 2.,,Kinnitada Abja Turu põhimäärus (lisatud määrusele).,true,inForce,2017-10-08,,
estleg:Reg_1040287_Par_3,estleg:Reg_1040287_Map,§ 3.,,Määrus jõustub kolmandal päeval peale avalikustamist.,true,inForce,2017-10-08,,
estleg:Reg_1044422_Par_1,estleg:Reg_1044422_Map,§ 1.,,"Määrusega kinnitatakse hooldusvajaduse hindamismetoodika ja toetuse taotluse vormid: 1) Avaldus puudega lapse hooldajale hooldajatoetuse taotlemiseks (lisa 1); 2) Puudega lapse hooldus- ja sotsiaalteenuste ning toetuste hindamisvahend (lisa 2); 3) Avaldus hoolduse seadmiseks, hooldaja määramiseks ja hooldajatoetuse taotlemiseks (lisa 3); 4) Täisealise isiku hooldus- ja sotsiaalteenuste vajaduse hindamisvahend (lisa 4).",true,inForce,2018-10-08,,
estleg:Reg_1044422_Par_2,estleg:Reg_1044422_Map,§ 2.,,Määrus jõustub kolmandal päeval pärast Riigi Teatajas avaldamist.,true,inForce,2018-10-08,,
estleg:Reg_1044424_Par_1,estleg:Reg_1044424_Map,§ 1.,,"1 (1) Kastre valla kriisikomisjon (edaspidi komisjon) on Kastre valla haldusterritooriumil alaliselt tegutsev komisjon, mis on moodustatud kriisireguleerimise tegevuste korraldamiseks ja koordineerimiseks Kastre valla territooriumil. Kastre valla kriisikomisjon (edaspidi komisjon) on Kastre valla haldusterritooriumil alaliselt tegutsev komisjon, mis on moodustatud kriisireguleerimise tegevuste korraldamiseks ja koordineerimiseks Kastre valla territooriumil. 2 (2) Komisjoni moodustab Kastre Vallavalitsus, kinnitades komisjoni koosseisu ja kehtestades komisjoni põhimääruse. Komisjoni moodustab Kastre Vallavalitsus, kinnitades komisjoni koosseisu ja kehtestades komisjoni põhimääruse. 3 (3) Komisjon juhindub oma tegevuses kriisireguleerimise valdkonda reguleerivatest õigusaktidest ja käesolevast põhimäärusest. Komisjon juhindub oma tegevuses kriisireguleerimise valdkonda reguleerivatest õigusaktidest ja käesolevast põhimäärusest. 4 (4) Komisjoni põhimääruse eelnõu kooskõlastatakse Lõuna Päästekeskusega (edaspidi päästekeskus). Komisjoni põhimääruse eelnõu kooskõlastatakse Lõuna Päästekeskusega (edaspidi päästekeskus).",true,inForce,2018-10-08,,
estleg:Reg_1044424_Par_2,estleg:Reg_1044424_Map,§ 2.,,"1 (1) Komisjon: Komisjon: 2 (2) koordineerib vallas kriisireguleerimist; koordineerib vallas kriisireguleerimist; 3 (3) teavitab avalikkust hädaolukorrast Vabariigi Valitsuse kehtestatud alustel ja korras; teavitab avalikkust hädaolukorrast Vabariigi Valitsuse kehtestatud alustel ja korras; 4 (4) abistab vajaduse korral Vabariigi Valitsuse poolt eriolukorra väljakuulutamisel määratud eriolukorra juhti hädaolukorra lahendamise koordineerimisel, teabevahetuse korraldamisel ja täidab eriolukorra juhi antud ülesandeid; abistab vajaduse korral Vabariigi Valitsuse poolt eriolukorra väljakuulutamisel määratud eriolukorra juhti hädaolukorra lahendamise koordineerimisel, teabevahetuse korraldamisel ja täidab eriolukorra juhi antud ülesandeid; 5 (5) abistab vajaduse korral hädaolukorda lahendavaid asutusi teabevahetuse korraldamisel ja hädaolukorra lahendamisel; abistab vajaduse korral hädaolukorda lahendavaid asutusi teabevahetuse korraldamisel ja hädaolukorra lahendamisel; 6 (6) kooskõlastab kohaliku omavalitsuse õppuste kavandid; kooskõlastab kohaliku omavalitsuse õppuste kavandid; 7 (7) kinnitab kooskõlastatult õppuse korraldajaks kavandatud asutusega kohaliku omavalitsuse hädaolukorra lahendamise õppuse aja, õppuse korraldaja ja hädaolukorrad, mille lahendamise protseduure ja võimekusi kontrollitakse; kinnitab kooskõlastatult õppuse korraldajaks kavandatud asutusega kohaliku omavalitsuse hädaolukorra lahendamise õppuse aja, õppuse korraldaja ja hädaolukorrad, mille lahendamise protseduure ja võimekusi kontrollitakse; 8 (8) teeb regionaalsele kriisikomisjonile ja pädevatele asutustele ettepanekuid hädaolukordadeks valmistumise, hädaolukordade lahendamise, elanikkonna turvalisuse tagamise ja elutähtsate teenuste toimepidevuse korraldamise kohta vallas; teeb regionaalsele kriisikomisjonile ja pädevatele asutustele ettepanekuid hädaolukordadeks valmistumise, hädaolukordade lahendamise, elanikkonna turvalisuse tagamise ja elutähtsate teenuste toimepidevuse korraldamise kohta ",true,inForce,2018-10-08,,
estleg:Reg_1044424_Par_3,estleg:Reg_1044424_Map,§ 3.,,"1 (1) Komsjonil on õigus: Komsjonil on õigus: 2 (2) saada komisjoni pädevusse kuuluvates küsimustes Kastre valla asutustelt ning elutähtsa teenuse osutajatelt vajalikku informatsiooni teenuse kohta ning komisjoni tööks vajalikke materjale; saada komisjoni pädevusse kuuluvates küsimustes Kastre valla asutustelt ning elutähtsa teenuse osutajatelt vajalikku informatsiooni teenuse kohta ning komisjoni tööks vajalikke materjale; 3 (3) teha volikogule ettepanekuid hädaolukorra likvideerimiseks vajalike ressursside kasutamiseks; teha volikogule ettepanekuid hädaolukorra likvideerimiseks vajalike ressursside kasutamiseks; 4 (4) teha volikogule ettepanekuid riskianalüüsi tulemuste arvestamiseks omavalitsuse arengukavades; teha volikogule ettepanekuid riskianalüüsi tulemuste arvestamiseks omavalitsuse arengukavades; 5 (5) anda hinnanguid ja teha ettepanekuid valla kriisireguleerimise valdkonda kuuluvate õigusaktide eelnõudesse; anda hinnanguid ja teha ettepanekuid valla kriisireguleerimise valdkonda kuuluvate õigusaktide eelnõudesse; 6 (6) teha volikogule ettepanekuid uuringute läbiviimiseks ja eksperthinnangute tellimiseks; teha volikogule ettepanekuid uuringute läbiviimiseks ja eksperthinnangute tellimiseks; 7 (7) luua töögruppe komisjoni eesmärkide täitmiseks; luua töögruppe komisjoni eesmärkide täitmiseks; 8 (8) saada pädevatelt riigiasutustelt kriisireguleerimisalast nõustamist ja koolitusi; saada pädevatelt riigiasutustelt kriisireguleerimisalast nõustamist ja koolitusi; 9 (9) teha koostööd pädevate riigiasutuste, teiste omavalitsustega ja valla ettevõtjatega. teha koostööd pädevate riigiasutuste, teiste omavalitsustega ja valla ettevõtjatega.",true,inForce,2018-10-08,,
estleg:Reg_1044424_Par_4,estleg:Reg_1044424_Map,§ 4.,,"1 (1) Komisjoni esimees on vallavanem. Komisjoni esimees on vallavanem. 2 (2) Komisjoni aseesimees on komisjoni esimehe puudumisel komisjoni vanim liige. RT IV 2020-12-04 22 404122020022 2020-12-07 7 Komisjoni aseesimees on komisjoni esimehe puudumisel komisjoni vanim liige. 3 (3) Komisjoni koosseisu kinnitab vallavalitsus korraldusega vallavanema ettepanekul. Komisjoni koosseisu kinnitab vallavalitsus korraldusega vallavanema ettepanekul. 4 (4) Kui komisjoni esimehel ei ole võimalik komisjoni tööst osa võtta, asendab teda komisjoni aseesimees või komisjoni esimehe poolt määratud isik. Kui komisjoni esimehel ei ole võimalik komisjoni tööst osa võtta, asendab teda komisjoni aseesimees või komisjoni esimehe poolt määratud isik. 5 (5) Kui komisjoni liikmel ei ole võimalik hädakorra ajal mingil põhjusel ajutiselt komisjoni töös osaleda, siis asendab teda komisjoni esimehe poolt määratud isik. Kui komisjoni liikmel ei ole võimalik hädakorra ajal mingil põhjusel ajutiselt komisjoni töös osaleda, siis asendab teda komisjoni esimehe poolt määratud isik. 6 (6) Komisjoni liikmed on kohustatud teatama enda kontaktandmed (telefoninumbrid tööl, kodus, mobiiltelefon, e-post, kodune aadress) ja koheselt nende andmete muutustest komisjoni esimehele. Komisjoni liikmed on kohustatud teatama enda kontaktandmed (telefoninumbrid tööl, kodus, mobiiltelefon, e-post, kodune aadress) ja koheselt nende andmete muutustest komisjoni esimehele.",true,inForce,2018-10-08,,
estleg:Reg_1044424_Par_5,estleg:Reg_1044424_Map,§ 5.,,"Komisjoni esimees: 1 1) esindab komisjoni kõigi isikute ja asutuste ees; 2 2) kutsub kokku komisjoni koosolekud; 3 3) allkirjastab komisjoni dokumendid; 4 4) kutsub vajaduse korral komisjoni tööst osa võtma isikuid, kes ei kuulu komisjoni koosseisu; 5 5) jälgib komisjoni otsuste täitmist; 6 6) korraldab komisjoni liikmetele kriisireguleerimise alaseid koolitusi. Komisjoni esimees: esindab komisjoni kõigi isikute ja asutuste ees; kutsub kokku komisjoni koosolekud; allkirjastab komisjoni dokumendid; kutsub vajaduse korral komisjoni tööst osa võtma isikuid, kes ei kuulu komisjoni koosseisu; jälgib komisjoni otsuste täitmist; korraldab komisjoni liikmetele kriisireguleerimise alaseid koolitusi.",true,inForce,2018-10-08,,
estleg:Reg_1044424_Par_6,estleg:Reg_1044424_Map,§ 6.,,"1 (1) ) Komisjoni koosoleku kutsub kokku ja koosolekut juhatab komisjoni esimees või tema äraolekul komisjoni aseesimees. ) Komisjoni koosoleku kutsub kokku ja koosolekut juhatab komisjoni esimees või tema äraolekul komisjoni aseesimees. 2 (2) Komisjoni istungid on korralised või erakorralised. Komisjoni istungid on korralised või erakorralised. 3 (3) Komisjoni korralised istungid toimuvad kinnitatud tööplaani kohaselt, kuid mitte harvem kui kaks korda aastas. Komisjoni korralised istungid toimuvad kinnitatud tööplaani kohaselt, kuid mitte harvem kui kaks korda aastas. 4 (4) Komisjoni korralise koosoleku toimumiskoht, päevakord, aeg, eelnõud ja ettevalmistatud materjalid saadetakse komisjoni liikmetele nende e-posti aadressidele hiljemalt viis tööpäeva enne koosoleku toimumise kuupäeva. Komisjoni erakorralise koosoleku kokkukutsumisel võib käesolevas lõikes sätestatud mitte arvestada, kui seda ei võimalda kujunenud olukord. Komisjoni korralise koosoleku toimumiskoht, päevakord, aeg, eelnõud ja ettevalmistatud materjalid saadetakse komisjoni liikmetele nende e-posti aadressidele hiljemalt viis tööpäeva enne koosoleku toimumise kuupäeva. Komisjoni erakorralise koosoleku kokkukutsumisel võib käesolevas lõikes sätestatud mitte arvestada, kui seda ei võimalda kujunenud olukord. 5 (5) Komisjoni erakorralised istungid kutsub kokku komisjoni esimees või tema äraolekul komisjoni aseesimees. Komisjoni erakorralised istungid kutsub kokku komisjoni esimees või tema äraolekul komisjoni aseesimees. 6 (6) Komisjoni liikmel on õigust teha ettepanek komisjoni koosolekule ekspertide, ajakirjanike ja teiste komisjoniväliste isikute kutsumiseks. Komisjoni liikmel on õigust teha ettepanek komisjoni koosolekule ekspertide, ajakirjanike ja teiste komisjoniväliste isikute kutsumiseks. 7 (7) Ekspertide, ajakirjanike ja teiste komisjoniväliste isikute osalemise komisjoni koosolekul otsustab komisjoni esimees Ekspertide, ajakirjanike ja teiste komisjoniväliste isikute osalemise komisjoni koos",true,inForce,2018-10-08,,
estleg:Reg_1044424_Par_7,estleg:Reg_1044424_Map,§ 7.,,"1 (1) Komisjoni teenindab Kastre Vallavalitsuse kantselei, kes: Komisjoni teenindab Kastre Vallavalitsuse kantselei, kes: 2 (2) korraldab komisjoni asjaajamist; korraldab komisjoni asjaajamist; 3 (3) valmistab ette komisjoni istungid; valmistab ette komisjoni istungid; 4 (4) protokollib komisjoni istungid; protokollib komisjoni istungid; 5 (5) säilitab komisjoni istungite protokollid. säilitab komisjoni istungite protokollid.",true,inForce,2018-10-08,,
estleg:Reg_1044424_Par_8,estleg:Reg_1044424_Map,§ 8.,,"1 (1) Põhimääruse kinnitab, muudab ja tunnistab kehtetuks vallavalitsus. Põhimääruse kinnitab, muudab ja tunnistab kehtetuks vallavalitsus. 2 (2) Põhimääruse eelnõu kooskõlastab komisjon Päästeametiga. Põhimääruse eelnõu kooskõlastab komisjon Päästeametiga.",true,inForce,2018-10-08,,
estleg:Reg_1044424_Par_9,estleg:Reg_1044424_Map,§ 9.,,Määrus jõustub kolmandal päeval peale Riigi Teatajas avaldamist. Määrus jõustub kolmandal päeval peale Riigi Teatajas avaldamist.,true,inForce,2018-10-08,,
estleg:Reg_1044571_Par_1,estleg:Reg_1044571_Map,§ 1.,,"1 (1) Määrusega sätestatakse Kastre Vallavalitsuse kui ametiasutuse (edaspidi ametiasutus) ametnike ja töötajate (edaspidi teenistujad) värbamise ja valiku põhimõtted ning korraldus. Määrusega sätestatakse Kastre Vallavalitsuse kui ametiasutuse (edaspidi ametiasutus) ametnike ja töötajate (edaspidi teenistujad) värbamise ja valiku põhimõtted ning korraldus. 2 (2) Värbamise ja valiku eesmärk on tagada parima kvalifikatsiooniga teenistujate teenistusse võtmine. Värbamise ja valiku eesmärk on tagada parima kvalifikatsiooniga teenistujate teenistusse võtmine. 3 (3) Värbamise käigus kutsutakse nõutava hariduse, töökogemuse, teadmiste ja oskustega isikuid kandideerima vabale ameti- või töökohale (edaspidi teenistuskoht). Värbamise käigus kutsutakse nõutava hariduse, töökogemuse, teadmiste ja oskustega isikuid kandideerima vabale ameti- või töökohale (edaspidi teenistuskoht). 4 (4) Valiku käigus valitakse teenistuskohale kandideerijate hulgast sobivaim kandidaat, hinnates kandideerijate vastavust teenistuskoha nõuetele. Valiku käigus valitakse teenistuskohale kandideerijate hulgast sobivaim kandidaat, hinnates kandideerijate vastavust teenistuskoha nõuetele.",true,inForce,2018-10-23,,
estleg:Reg_1044571_Par_10,estleg:Reg_1044571_Map,§ 10.,,"1 (1) Avaliku konkursi luhtunuks tunnistamise otsustab vallavanem. Avaliku konkursi luhtunuks tunnistamise otsustab vallavanem. 2 (2) Konkurss loetakse luhtunuks, kui: 1 1) sellel osalemiseks ei esitatud ühtegi taotlust; 2 2) vallavanem loobus ametikohale asumise ettepaneku tegemisest põhjusel, et ühegi kandidaadi haridus, töökogemus, teadmised ja oskused ei vastanud teenistusülesannete täitmiseks kehtestatud nõuetele määral, mis võimaldaks tal teenistusülesandeid täita parimal võimalikul viisil. Konkurss loetakse luhtunuks, kui: sellel osalemiseks ei esitatud ühtegi taotlust; vallavanem loobus ametikohale asumise ettepaneku tegemisest põhjusel, et ühegi kandidaadi haridus, töökogemus, teadmised ja oskused ei vastanud teenistusülesannete täitmiseks kehtestatud nõuetele määral, mis võimaldaks tal teenistusülesandeid täita parimal võimalikul viisil. 3 (3) Konkursi luhtumise otsustab vallavanem kirjalikult 120 kalendripäeva jooksul pärast konkursil osalemiseks määratud tähtaja möödumist. Konkursi luhtumise otsustab vallavanem kirjalikult 120 kalendripäeva jooksul pärast konkursil osalemiseks määratud tähtaja möödumist. 4 (4) Vallavanem võib 120 kalendripäeva jooksul konkursi luhtumise kohta tehtud otsuse tegemise kuupäevast arvates nimetada teenistuskohale teenistusülesannete täitmiseks kehtestatud nõuetele vastava isiku ilma konkurssi korraldamata, kuulates ära teenistuskoha vahetu juhi või struktuuriüksuse juhi arvamuse. Kui isik osutub katseaja jooksul ebasobivaks, tuleb teenistuskoha täitmiseks korraldada uus konkurss. Vallavanem võib 120 kalendripäeva jooksul konkursi luhtumise kohta tehtud otsuse tegemise kuupäevast arvates nimetada teenistuskohale teenistusülesannete täitmiseks kehtestatud nõuetele vastava isiku ilma konkurssi korraldamata, kuulates ära teenistuskoha vahetu juhi või struktuuriüksuse juhi arvamuse. Kui isik osutub katseaja jooksul ebasobivaks, tuleb teenistuskoha täitmiseks korraldada uus konkurss.",true,inForce,2018-10-23,,
estleg:Reg_1044571_Par_11,estleg:Reg_1044571_Map,§ 11.,,Konkursi lõpptulemustest teavitamise korraldab vallasekretär. Konkursi võitnud isikut ja valituks mitteosutunud kandidaate teavitatakse kirjalikku taasesitamist võimaldavas vormis otsuse tegemise päevale järgneva 14 kalendripäeva jooksul. Konkursi lõpptulemustest teavitamise korraldab vallasekretär. Konkursi võitnud isikut ja valituks mitteosutunud kandidaate teavitatakse kirjalikku taasesitamist võimaldavas vormis otsuse tegemise päevale järgneva 14 kalendripäeva jooksul.,true,inForce,2018-10-23,,
estleg:Reg_1044571_Par_12,estleg:Reg_1044571_Map,§ 12.,,1 (1) Määrusega tunnistatakse kehtetuks Kastre Vallavalitsuse 13. detsember 2017 määrus nr 1 „Teenistujate värbamise ja valiku kord“. Määrusega tunnistatakse kehtetuks Kastre Vallavalitsuse 13. detsember 2017 määrus nr 1 „Teenistujate värbamise ja valiku kord“. 2 (2) Määrus jõustub kolmandal päeval pärast Riigi Teatajas avaldamist. Määrus jõustub kolmandal päeval pärast Riigi Teatajas avaldamist.,true,inForce,2018-10-23,,
estleg:Reg_1044571_Par_2,estleg:Reg_1044571_Map,§ 2.,,"1 (1) Teenistuskoha vabanemisel analüüsib vallavanem koostöös struktuuriüksuse juhiga struktuuriüksuse teenistujate koormust, töökorraldust, kvalifikatsiooni ja arengupotensiaali ning otsustab värbamise ja valiku vajaduse, valiku meetodi ning võimalikud hindamismeetodid. Teenistuskoha vabanemisel analüüsib vallavanem koostöös struktuuriüksuse juhiga struktuuriüksuse teenistujate koormust, töökorraldust, kvalifikatsiooni ja arengupotensiaali ning otsustab värbamise ja valiku vajaduse, valiku meetodi ning võimalikud hindamismeetodid. 2 (2) Värbamise ja valiku praktilise korraldamise eest vastutab vallasekretär. Värbamise ja valiku praktilise korraldamise eest vastutab vallasekretär. 3 (3) Värbamine ja valik põhinevad kandidaatide võrdsel kohtlemisel. Värbamine ja valik põhinevad kandidaatide võrdsel kohtlemisel. 4 (4) Värbamine ja valik viiakse läbi nii, et see ei kahjusta kandidaatide eneseväärikust ega ametiasutuse mainet. Värbamine ja valik viiakse läbi nii, et see ei kahjusta kandidaatide eneseväärikust ega ametiasutuse mainet. 5 (5) Kõik värbamisel ja valikul osalenud isikud on kohustatud hoidma konfidentsiaalsena värbamise ja valiku käigus kandidaadi kohta kogutud teavet. Kõik värbamisel ja valikul osalenud isikud on kohustatud hoidma konfidentsiaalsena värbamise ja valiku käigus kandidaadi kohta kogutud teavet.",true,inForce,2018-10-23,,
estleg:Reg_1044571_Par_3,estleg:Reg_1044571_Map,§ 3.,,"1 (1) Vaba ametikoht täidetakse avaliku konkursi korras. Vaba ametikoht täidetakse avaliku konkursi korras. 2 (2) Vaba töökoha täitmiseks avalikku konkurssi korraldama ei pea. Vaba töökoha täitmise viisi otsustab vallavanem. Vaba töökoha täitmiseks avalikku konkurssi korraldama ei pea. Vaba töökoha täitmise viisi otsustab vallavanem. 3 (3) Ametikoha täitmiseks konkursi avalikust väljakuulutamisest võib loobuda, kui on põhjendatud alus arvata, et vaba ametikoht on otstarbekas täita sisekonkursi korraldamisega, teenistuja tähtajalise üleviimisega või puuduva ametniku ülesannete andmisega teisele teenistujale. Ametikoha täitmiseks konkursi avalikust väljakuulutamisest võib loobuda, kui on põhjendatud alus arvata, et vaba ametikoht on otstarbekas täita sisekonkursi korraldamisega, teenistuja tähtajalise üleviimisega või puuduva ametniku ülesannete andmisega teisele teenistujale. 4 (4) Konkursi liigid on: 1 1) avalik konkurss – ametiasutustest väljapoole suunatud konkurss; 2 2) sisekonkurss – ametiasutuse teenistujatele suunatud konkurss. Konkursi liigid on: avalik konkurss – ametiasutustest väljapoole suunatud konkurss; sisekonkurss – ametiasutuse teenistujatele suunatud konkurss. 5 (5) Avaliku konkursi ja sisekonkursi korraldamisel lähtutakse avaliku teenistuse seadusest ja käesolevast korrast. Avaliku konkursi ja sisekonkursi korraldamisel lähtutakse avaliku teenistuse seadusest ja käesolevast korrast.",true,inForce,2018-10-23,,
estleg:Reg_1044571_Par_4,estleg:Reg_1044571_Map,§ 4.,,"1 (1) Konkursi läbiviimiseks moodustab vallavanem oma käskkirjaga vähemalt kolmeliikmelise komisjoni. Komisjoni esimees on vallavanem. Komisjon otsustab ekspertide kaasamise vajaduse. Konkursi läbiviimiseks moodustab vallavanem oma käskkirjaga vähemalt kolmeliikmelise komisjoni. Komisjoni esimees on vallavanem. Komisjon otsustab ekspertide kaasamise vajaduse. 2 (2) Komisjon kinnitab konkursil osalemiseks esitatavate dokumentide loetelu ja nende esitamise tähtaja, samuti konkursi kontaktisiku. Komisjon kinnitab konkursil osalemiseks esitatavate dokumentide loetelu ja nende esitamise tähtaja, samuti konkursi kontaktisiku.",true,inForce,2018-10-23,,
estleg:Reg_1044571_Par_5,estleg:Reg_1044571_Map,§ 5.,,"1 (1) Konkursikuulutuse (edaspidi kuulutus) avaldab vallavalitsus teenistuskoha ametijuhendi või töökohale kehtestatud nõuete alusel. Kuulutus avaldatakse valla veebilehel ja avaliku teenistuse kesksel veebilehel. Lisaks võib kuulutuse avaldada teistes ajakirjandusväljaanntes ja veebipõhises otsingukanalis. Konkursikuulutuse (edaspidi kuulutus) avaldab vallavalitsus teenistuskoha ametijuhendi või töökohale kehtestatud nõuete alusel. Kuulutus avaldatakse valla veebilehel ja avaliku teenistuse kesksel veebilehel. Lisaks võib kuulutuse avaldada teistes ajakirjandusväljaanntes ja veebipõhises otsingukanalis. 2 (2) Töökoha täitmiseks välja kuulutatud avaliku konkursi kuulutust ei avaldata avaliku teenistuse kesksel veebilehel. Töökoha täitmiseks välja kuulutatud avaliku konkursi kuulutust ei avaldata avaliku teenistuse kesksel veebilehel. 3 (3) Sisekonkursi kuulutus avaldatakse ametiasutuse dokumendiregistris. Teenistuskoha nõuetele vastavaid teenistujaid võib täiendavalt konkursi toimumisest teavitada ja kutsuda neid konkursil kandideerima ka e-posti teel. Sisekonkursi kuulutus avaldatakse ametiasutuse dokumendiregistris. Teenistuskoha nõuetele vastavaid teenistujaid võib täiendavalt konkursi toimumisest teavitada ja kutsuda neid konkursil kandideerima ka e-posti teel. 4 (4) Väljakuulutatud konkursist võib loobuda või konkursi avalikustatud tingimusi muuta ainult põhjendatud juhul, teatades sellest kandidaatidele esimesel võimalusel kirjalikku taasesitamist võimaldavas vormis. Väljakuulutatud konkursist võib loobuda või konkursi avalikustatud tingimusi muuta ainult põhjendatud juhul, teatades sellest kandidaatidele esimesel võimalusel kirjalikku taasesitamist võimaldavas vormis. 5 (5) Sisekonkursil osalevate kandidaatide taotluste esitamise tähtaeg on vähemalt 7 kalendripäeva kuulutuse avaldamise päevast arvates. Sisekonkursil osalevate kandidaatide taotluste esitamise tähtaeg on vähemalt 7 kalendripäeva kuulutuse avaldamise päevast arvates. 6 (6) Avalikul konkursil osa",true,inForce,2018-10-23,,
estleg:Reg_1044571_Par_6,estleg:Reg_1044571_Map,§ 6.,,"1 (1) Vallasekretär koostab koostöös vallavanema ja struktuuriüksuse vahetu juhiga kuulutuse, mis sisaldab: 1 1) ametiasutuse ja teenistuskoha nimetust; 2 2) teenistusülesannete lühikirjeldust; 3 3) kandidaadile esitatavad nõuded; 4 4) konkursil osalemiseks esitatavaid dokumente ja nende esitamise tähtaega; 5 5) osalise koormuse korral koormust; 6 6) määratud ajaks teenistuskohale võtmise puhul teenistustähtaega; 7 7) teenistuskoha asukohta; 8 8) kontaktisiku kontaktandmeid. Vallasekretär koostab koostöös vallavanema ja struktuuriüksuse vahetu juhiga kuulutuse, mis sisaldab: ametiasutuse ja teenistuskoha nimetust; teenistusülesannete lühikirjeldust; kandidaadile esitatavad nõuded; konkursil osalemiseks esitatavaid dokumente ja nende esitamise tähtaega; osalise koormuse korral koormust; määratud ajaks teenistuskohale võtmise puhul teenistustähtaega; teenistuskoha asukohta; kontaktisiku kontaktandmeid. 2 (2) Kuulutuse sõnastus kõikides värbamiskanalites on samane. Kuulutuse sõnastus kõikides värbamiskanalites on samane.",true,inForce,2018-10-23,,
estleg:Reg_1044571_Par_7,estleg:Reg_1044571_Map,§ 7.,,"1 (1) Konkursil saavad osaleda kandidaadid, kes vastavad kuulutuses esitatud nõuetele ja kelle eesti keeles esitatud dokumendid on laekunud konkursi läbiviijale kuulutuses märgitud tähtajaks. Kuulutuses märgitud tähtaja postitempliga dokumendid loetakse tähtajaks esitatuks. Konkursil saavad osaleda kandidaadid, kes vastavad kuulutuses esitatud nõuetele ja kelle eesti keeles esitatud dokumendid on laekunud konkursi läbiviijale kuulutuses märgitud tähtajaks. Kuulutuses märgitud tähtaja postitempliga dokumendid loetakse tähtajaks esitatuks. 2 (2) Kandidaatide esitatud dokumentide esmane kontroll viiakse läbi dokumentide registreerimisel, kontrollides kandidaatide vastavust teenistuskohale ja kuulutuses esitatud nõuetele. Kandidaadid, kes ei vasta nõuetele, jäetakse edasisest valikust kõrvale ja neile saadab vallasekretär e-postiga vastavasisulise teate. Kandidaatide esitatud dokumentide esmane kontroll viiakse läbi dokumentide registreerimisel, kontrollides kandidaatide vastavust teenistuskohale ja kuulutuses esitatud nõuetele. Kandidaadid, kes ei vasta nõuetele, jäetakse edasisest valikust kõrvale ja neile saadab vallasekretär e-postiga vastavasisulise teate. 3 (3) Peale konkursi tähtaja lõppu kutsub komisjoni esimees moodustatud komisjoni kokku hiljemalt seitsme tööpäeva jooksul. Esitatud dokumentide põhjal analüüsib komisjon kandidaatide vastavust värbamisel püstitatud kriteeriumitele ning otsustab kandidaatide vestlusele kutsumise. Peale konkursi tähtaja lõppu kutsub komisjoni esimees moodustatud komisjoni kokku hiljemalt seitsme tööpäeva jooksul. Esitatud dokumentide põhjal analüüsib komisjon kandidaatide vastavust värbamisel püstitatud kriteeriumitele ning otsustab kandidaatide vestlusele kutsumise. 4 (4) Vestluse käigus täpsustatakse kandidaadi dokumentides esitatud teavet, selgitatakse välja tema hoiakud ja motiveeritus ning antakse kandidaadile ülevaade konkreetsetest tööülesannetest, -korraldusest ja –tingimustest. Vajadusel antakse kandidaadile lahendada pra",true,inForce,2018-10-23,,
estleg:Reg_1044571_Par_8,estleg:Reg_1044571_Map,§ 8.,,"1 (1) Kandidaatide hindamismeetodid valitakse lähtuvalt teenistuskoha ülesannetest, vajadusest saada kandidaadi kohta olulist teavet ning eesmärgist hinnata tööülesannete täitmiseks vajalikke teadmisi ja oskusi. Kandidaatide hindamismeetodid valitakse lähtuvalt teenistuskoha ülesannetest, vajadusest saada kandidaadi kohta olulist teavet ning eesmärgist hinnata tööülesannete täitmiseks vajalikke teadmisi ja oskusi. 2 (2) Valiku tegemisel on peamised hindamismeetodid: 1 1) elulookirjelduse ja esitatud dokumentide analüüs; 2 2) vestlus; 3 3) vajaduse korral praktiline ülesanne (proovitöö, essee, käitumisülesanne vms); 4 4) taustauuring. Valiku tegemisel on peamised hindamismeetodid: elulookirjelduse ja esitatud dokumentide analüüs; vestlus; vajaduse korral praktiline ülesanne (proovitöö, essee, käitumisülesanne vms); taustauuring. 3 (3) Valiku tegemisel võetakse arvesse kandidaadi haridust, teadmisi, oskusi, töökogemusi ja konkursi käigus kandidaadi kohta kogutud lisateavet. Valiku tegemisel võetakse arvesse kandidaadi haridust, teadmisi, oskusi, töökogemusi ja konkursi käigus kandidaadi kohta kogutud lisateavet. 4 (4) Kandidaatidest koostatakse kirjalikult vormistatud paremusjärjestus, kui teenistusülesannete täitmiseks vajalikele nõuetele vastab mitu kandidaati. Kandidaatidest koostatakse kirjalikult vormistatud paremusjärjestus, kui teenistusülesannete täitmiseks vajalikele nõuetele vastab mitu kandidaati. 5 (5) Otsuse kandidaadile teenistuskohale asumise ettepaneku tegemiseks teeb vallavanem. Teenistuskohale asumise ettepanek tehakse kandidaadile, kelle haridus, töökogemus, teadmised ja oskused vastavad enim teenistusülesannete täitmiseks kehtestatud nõuetele. Otsuse kandidaadile teenistuskohale asumise ettepaneku tegemiseks teeb vallavanem. Teenistuskohale asumise ettepanek tehakse kandidaadile, kelle haridus, töökogemus, teadmised ja oskused vastavad enim teenistusülesannete täitmiseks kehtestatud nõuetele. 6 (6) Vallavanem võib 150 kalendripäeva jooksul konkursi",true,inForce,2018-10-23,,
estleg:Reg_1044571_Par_9,estleg:Reg_1044571_Map,§ 9.,,"1 (1) Värbamise ja valiku käigus kandidaatidelt kogutud dokumente säilitatakse 150 kalendripäeva valiku lõppotsuse tegemisest, misjärel need hävitatakse, v.a juhul, kui kandidaat annab kirjaliku loa dokumentide säilitamiseks. Värbamise ja valiku käigus kandidaatidelt kogutud dokumente säilitatakse 150 kalendripäeva valiku lõppotsuse tegemisest, misjärel need hävitatakse, v.a juhul, kui kandidaat annab kirjaliku loa dokumentide säilitamiseks. 2 (2) Kandidaadil on õigus saada teavet värbamise ja valiku käigus tema kohta kogutud andmete, sh praktiliste ülesannete tulemuste ning teda puudutatavate otsuste tegemise kohta. Kandidaadil on õigus saada teavet värbamise ja valiku käigus tema kohta kogutud andmete, sh praktiliste ülesannete tulemuste ning teda puudutatavate otsuste tegemise kohta.",true,inForce,2018-10-23,,
estleg:Reg_1044813_Par_1,estleg:Reg_1044813_Map,§ 1.,,Määrusega kehtestatakse koduteenuste pakettide maksumus Kastre vallas. Määrusega kehtestatakse koduteenuste pakettide maksumus Kastre vallas.,true,inForce,2018-11-13,,
estleg:Reg_1044813_Par_2,estleg:Reg_1044813_Map,§ 2.,,1 (1) Koduteenuste pakettide maksumused on järgnevad: 1 1) Pakett nr 1 (teenuseid osutatakse üks kord nädalas kestusega kuni 2 tundi nädalas). Paketi maksumus 15.- eurot kuus. 2 2) Pakett nr 2 (teenuseid osutatakse kaks korda nädalas kestusega kuni 4 tundi nädalas). Paketi maksumus 30.- eurot kuus. 3 3) Pakett nr 3 (teenuseid osutatakse kolm korda nädalas kestusega kuni 6 tundi nädalas). Paketi maksumus 45.- eurot kuus. 4 4) Pakett nr 4 (teenuseid osutatakse neli korda nädalas kestusega kuni 8 tundi nädalas). Paketi maksumus 60.- eurot kuus. 5 5) Pakett nr 5 (teenuseid osutatakse viis korda nädalas kestusega kuni 10 tundi nädalas). Paketi maksumus 75.- eurot kuus. Koduteenuste pakettide maksumused on järgnevad: Pakett nr 1 (teenuseid osutatakse üks kord nädalas kestusega kuni 2 tundi nädalas). Paketi maksumus 15.- eurot kuus. Pakett nr 2 (teenuseid osutatakse kaks korda nädalas kestusega kuni 4 tundi nädalas). Paketi maksumus 30.- eurot kuus. Pakett nr 3 (teenuseid osutatakse kolm korda nädalas kestusega kuni 6 tundi nädalas). Paketi maksumus 45.- eurot kuus. Pakett nr 4 (teenuseid osutatakse neli korda nädalas kestusega kuni 8 tundi nädalas). Paketi maksumus 60.- eurot kuus. Pakett nr 5 (teenuseid osutatakse viis korda nädalas kestusega kuni 10 tundi nädalas). Paketi maksumus 75.- eurot kuus. 2 (2) Koduteenust vajavale isikule ühekordne koduteenus 5.- eurot/h. Koduteenust vajavale isikule ühekordne koduteenus 5.- eurot/h.,true,inForce,2018-11-13,,
estleg:Reg_1044813_Par_3,estleg:Reg_1044813_Map,§ 3.,,Määrus jõustub kolmandal päeval pärast Riigi Teatajas avaldamist. Määrus jõustub kolmandal päeval pärast Riigi Teatajas avaldamist.,true,inForce,2018-11-13,,
estleg:Reg_1044814_Par_1,estleg:Reg_1044814_Map,§ 1.,,Määrusega kinnitatakse koduteenuste osutamisega seotud dokumentide vormid Kastre vallas. Määrusega kinnitatakse koduteenuste osutamisega seotud dokumentide vormid Kastre vallas.,true,inForce,2018-11-13,,
estleg:Reg_1044814_Par_2,estleg:Reg_1044814_Map,§ 2.,,Kinnitada järgmised koduteenuse taotluste vormid: 1 1) Koduteenuste taotluse vorm (lisa 1); 2 2) Koduteenuste osutamise lepingu vorm (lisa 2). Kinnitada järgmised koduteenuse taotluste vormid: Koduteenuste taotluse vorm (lisa 1); Koduteenuste osutamise lepingu vorm (lisa 2).,true,inForce,2018-11-13,,
estleg:Reg_1044814_Par_3,estleg:Reg_1044814_Map,§ 3.,,1 (1) Tunnistada kehtetuks Mäksa Vallavalituse 17.08.2009 määrus nr 3 „Koduteenuse osutamise lepingu ja hindamisinstrumendi vormi kehtestamine“. Tunnistada kehtetuks Mäksa Vallavalituse 17.08.2009 määrus nr 3 „Koduteenuse osutamise lepingu ja hindamisinstrumendi vormi kehtestamine“. 2 (2) Määrus jõustub kolmandal päeval pärast Riigi Teatajas avaldamist. Määrus jõustub kolmandal päeval pärast Riigi Teatajas avaldamist.,true,inForce,2018-11-13,,
estleg:Reg_1047825_Par_1,estleg:Reg_1047825_Map,§ 1.,,"Määrusega kehtestatakse liiga laialdase kasutusega perekonnanimede loetelu, mida ei või isiku soovil uueks perekonnanimeks ilma mõjuva põhjuseta anda (loetelu lisatud).",true,inForce,2025-11-04,,estleg:Reg_1047825_Par_1_v1047825
estleg:Reg_1047825_Par_2,estleg:Reg_1047825_Map,§ 2.,,[Käesolevast tekstist välja jäetud].,true,inForce,2025-11-04,,estleg:Reg_1047825_Par_2_v1047825
estleg:Reg_1048498_Par_1,estleg:Reg_1048498_Map,§ 1.,,"Määrusega kehtestatakse Euroopa Parlamendi ja nõukogu määruse (EL) nr 2019/788 „Euroopa kodanikualgatuse kohta” (ELT L 130/55, 17.5.2019) (edaspidi kodanikualgatuse määrus) artikli 12 lõigetes 1, 4 ja 5 sätestatud toetusavalduste kontrollimise ja tõendamise kord. Määrusega kehtestatakse Euroopa Parlamendi ja nõukogu määruse (EL) nr 2019/788 „Euroopa kodanikualgatuse kohta” (ELT L 130/55, 17.5.2019) (edaspidi kodanikualgatuse määrus) artikli 12 lõigetes 1, 4 ja 5 sätestatud toetusavalduste kontrollimise ja tõendamise kord.",true,inForce,2020-01-01,,estleg:Reg_1048498_Par_1_v1048498
estleg:Reg_1048498_Par_2,estleg:Reg_1048498_Map,§ 2.,,"1 (1) Kui kooskõlas kodanikualgatuse määruse artikliga 12 on allakirjutanutelt toetusavaldused kogutud, esitavad kodanikualgatuse korraldajad need paberil või elektrooniliselt Siseministeeriumile kontrollimiseks ja tõendamiseks vormil, mis on esitatud kodanikualgatuse määruse V lisas. Kui kooskõlas kodanikualgatuse määruse artikliga 12 on allakirjutanutelt toetusavaldused kogutud, esitavad kodanikualgatuse korraldajad need paberil või elektrooniliselt Siseministeeriumile kontrollimiseks ja tõendamiseks vormil, mis on esitatud kodanikualgatuse määruse V lisas. 2 (2) Toetusavaldused esitatakse kodanikualgatuse määruse III lisas esitatud toetusavalduse vormil B. Paberil toetusavaldused, elektrooniliselt allkirjastatud toetusavaldused ja veebipõhise toetusavalduste kogumise süsteemi kaudu kogutud toetusavaldused esitatakse eraldi. Toetusavaldused esitatakse kodanikualgatuse määruse III lisas esitatud toetusavalduse vormil B. Paberil toetusavaldused, elektrooniliselt allkirjastatud toetusavaldused ja veebipõhise toetusavalduste kogumise süsteemi kaudu kogutud toetusavaldused esitatakse eraldi.",true,inForce,2020-01-01,,estleg:Reg_1048498_Par_2_v1048498
estleg:Reg_1048498_Par_3,estleg:Reg_1048498_Map,§ 3.,,"1 (1) Siseministeerium korraldab esitatud toetusavalduste kontrollimise kolme kuu jooksul alates nende kättesaamisest, kaasates toetusavalduste kontrollimisele rahvastikuregistri volitatud töötleja. Siseministeerium korraldab esitatud toetusavalduste kontrollimise kolme kuu jooksul alates nende kättesaamisest, kaasates toetusavalduste kontrollimisele rahvastikuregistri volitatud töötleja. 2 (2) Toetusavalduste kontrollimisel lähtutakse rahvastikuregistri andmetest. Toetusavaldus loetakse kehtivaks, kui isiku toetusavalduses esitatud andmed vastavad tema andmetele rahvastikuregistris. Toetusavalduste kontrollimisel lähtutakse rahvastikuregistri andmetest. Toetusavaldus loetakse kehtivaks, kui isiku toetusavalduses esitatud andmed vastavad tema andmetele rahvastikuregistris. 3 (3) Toetusavalduste kontrollimine põhineb juhuvalimil, mille usaldusnivoo on 95% ja statistilise vea suurus 5%, kuid Siseministeerium võib kontrollida ka iga toetusavaldust. Toetusavalduste kontrollimine põhineb juhuvalimil, mille usaldusnivoo on 95% ja statistilise vea suurus 5%, kuid Siseministeerium võib kontrollida ka iga toetusavaldust. 4 (4) Toetusavaldus on kehtetu, kui toetusavalduse andmise hetkel: 1 1) isik ei olnud Eesti Vabariigi kodanik; 2 2) isik ei olnud vähemalt 16-aastane; 3 3) isiku eesnimi, perekonnanimi ja isikukood või vähemalt üks nendest ei vastanud rahvastikuregistri andmetele. Toetusavaldus on kehtetu, kui toetusavalduse andmise hetkel: isik ei olnud Eesti Vabariigi kodanik; isik ei olnud vähemalt 16-aastane; isiku eesnimi, perekonnanimi ja isikukood või vähemalt üks nendest ei vastanud rahvastikuregistri andmetele.",true,inForce,2020-01-01,,estleg:Reg_1048498_Par_3_v1048498
estleg:Reg_1048498_Par_4,estleg:Reg_1048498_Map,§ 4.,,"Toetusavalduste kontrollimise tulemusel annab Siseministeerium kolme kuu jooksul alates taotluse kättesaamisest korraldajatele kodanikualgatuse määruse artikli 12 lõike 5 alusel VI lisas esitatud näidisele vastava tõendi, millega tõendatakse kehtivate toetusavalduste arvu. Toetusavalduste kontrollimise tulemusel annab Siseministeerium kolme kuu jooksul alates taotluse kättesaamisest korraldajatele kodanikualgatuse määruse artikli 12 lõike 5 alusel VI lisas esitatud näidisele vastava tõendi, millega tõendatakse kehtivate toetusavalduste arvu.",true,inForce,2020-01-01,,estleg:Reg_1048498_Par_4_v1048498
estleg:Reg_1048498_Par_5,estleg:Reg_1048498_Map,§ 5.,,Määrus jõustub 1. jaanuaril 2020. aastal. Määrus jõustub 1. jaanuaril 2020. aastal.,true,inForce,2020-01-01,,estleg:Reg_1048498_Par_5_v1048498
estleg:Reg_1049113_Par_1,estleg:Reg_1049113_Map,§ 1.,,Määrusega kinnitatakse isikliku abistaja teenuse osutamisega seotud dokumentide vormid Kastre vallas. Määrusega kinnitatakse isikliku abistaja teenuse osutamisega seotud dokumentide vormid Kastre vallas.,true,inForce,2020-03-15,,
estleg:Reg_1049113_Par_2,estleg:Reg_1049113_Map,§ 2.,,Kinnitada järgmised isikliku abistaja teenusega seonduvad vormid: 1 1) Isikliku abistaja teenuse taotluse vorm (lisa 1); 2 2) Hindamisvahend täisealisele isikule isikliku abistaja teenuse määramiseks (lisa 2); 3 3) Isikliku abistaja teenuse osutamise lepingu vorm (lisa 3). Kinnitada järgmised isikliku abistaja teenusega seonduvad vormid: Isikliku abistaja teenuse taotluse vorm (lisa 1); Hindamisvahend täisealisele isikule isikliku abistaja teenuse määramiseks (lisa 2); Isikliku abistaja teenuse osutamise lepingu vorm (lisa 3).,true,inForce,2020-03-15,,
estleg:Reg_1049113_Par_3,estleg:Reg_1049113_Map,§ 3.,,Määrus jõustub kolmandal päeval pärast Riigi Teatajas avaldamist. Määrus jõustub kolmandal päeval pärast Riigi Teatajas avaldamist.,true,inForce,2020-03-15,,
estleg:Reg_1049579_Par_1,estleg:Reg_1049579_Map,§ 1.,,"Käesoleva määrusega kehtestatakse koolikohustuslikule isikule, kelle rahvastiku registrijärgne ja tegelik elukoht on Kastre vald, koolikohustuse täitmise tagamiseks rakendatavate meetmete kord. Käesoleva määrusega kehtestatakse koolikohustuslikule isikule, kelle rahvastiku registrijärgne ja tegelik elukoht on Kastre vald, koolikohustuse täitmise tagamiseks rakendatavate meetmete kord.",true,inForce,2020-05-29,,
estleg:Reg_1049579_Par_2,estleg:Reg_1049579_Map,§ 2.,,"1(1)Koolikohustus on kohustus osaleda kooli päevakavas või individuaalses õppekavas ettenähtud õppes, täita õpiülesandeid ning omandada teadmisi ja oskusi oma võimete kohaselt. Koolikohustust ei loeta täidetuks, kui koolikohustuslik isik ei ole kantud ühegi kooli nimekirja või puudub õppest mõjuva põhjuseta. Koolikohustus on kohustus osaleda kooli päevakavas või individuaalses õppekavas ettenähtud õppes, täita õpiülesandeid ning omandada teadmisi ja oskusi oma võimete kohaselt. Koolikohustust ei loeta täidetuks, kui koolikohustuslik isik ei ole kantud ühegi kooli nimekirja või puudub õppest mõjuva põhjuseta. 2(2)Koolikohustuslik on isik (sealhulgas välisriigi kodakondsusega või määratlemata kodakondsusega isik, välja arvatud Eesti Vabariiki akrediteeritud välisriigi või rahvusvahelise organisatsiooni esindaja laps, kelle elukoht on Eestis), kes on saanud enne jooksva aasta 1. oktoobrit seitsmeaastaseks. Isik on koolikohustuslik kuni põhihariduse omandamiseni või 17-aastaseks saamiseni. Koolikohustuslik on isik (sealhulgas välisriigi kodakondsusega või määratlemata kodakondsusega isik, välja arvatud Eesti Vabariiki akrediteeritud välisriigi või rahvusvahelise organisatsiooni esindaja laps, kelle elukoht on Eestis), kes on saanud enne jooksva aasta 1. oktoobrit seitsmeaastaseks. Isik on koolikohustuslik kuni põhihariduse omandamiseni või 17-aastaseks saamiseni. 3(3)Vanem või eestkostja võib taotleda sotsiaalministri määrusega “Koolikohustuse täitmise edasilükkamise tingimused ja kord” kehtestatud tingimustel ja korras kooliväliselt nõustamiskomisjonilt lapse koolikohustuse täitmise edasilükkamist ühe õppeaasta võrra. Vanem või eestkostja võib taotleda sotsiaalministri määrusega “Koolikohustuse täitmise edasilükkamise tingimused ja kord” kehtestatud tingimustel ja korras kooliväliselt nõustamiskomisjonilt lapse koolikohustuse täitmise edasilükkamist ühe õppeaasta võrra. 4(4)Kooliväline nõustamismeeskond soovitab koolikohustust täitma asuda ühe õppeaasta võrra hiljem, k",true,inForce,2020-05-29,,
estleg:Reg_1049579_Par_3,estleg:Reg_1049579_Map,§ 3.,,Koolikohustuse täitmise tagamiseks meetmete rakendamisega vallavalitsuse poolt tegeleb haridusspetsialist koostöös lastekaitsespetsialistiga. Koolikohustuse täitmise tagamiseks meetmete rakendamisega vallavalitsuse poolt tegeleb haridusspetsialist koostöös lastekaitsespetsialistiga.,true,inForce,2020-05-29,,
estleg:Reg_1049579_Par_4,estleg:Reg_1049579_Map,§ 4.,,"1(1)Koolikohustuse täitmise tagamiseks rakendatavate meetmete kord sätestatakse kooli kodukorras (tugi- ja mõjutusmeetmed). Koolikohustuse täitmise tagamiseks rakendatavate meetmete kord sätestatakse kooli kodukorras (tugi- ja mõjutusmeetmed). 2(2)Koolikohustuse täitmata jätmise põhjuste väljaselgitamist ning täitmise tagamiseks põhikooli- ja gümnaasiumiseaduse § 58 lõikes 3 sätestatud meetmete kohaldamist korraldab kool. Koolikohustuse täitmata jätmise põhjuste väljaselgitamist ning täitmise tagamiseks põhikooli- ja gümnaasiumiseaduse § 58 lõikes 3 sätestatud meetmete kohaldamist korraldab kool. 3(3)Andmed õpilaste kohta, kes on ühe õppeveerandi jooksul õppest mõjuva põhjuseta puudunud enam kui 20 protsendist õppetundidest, kantakse hariduse infosüsteemi õpilaste alamregistrisse. Andmed õpilaste kohta, kes on ühe õppeveerandi jooksul õppest mõjuva põhjuseta puudunud enam kui 20 protsendist õppetundidest, kantakse hariduse infosüsteemi õpilaste alamregistrisse. 4(4)Kui kooli poolt rakendatavad meetmed ei avalda mõju või neid meetmeid ei saa rakendada, kuna kool ei saa vanemaga või õpilasega kontakti, pöördub kool järgmiste meetmete rakendamiseks vallavalitsuse ametniku poole. Kui kooli poolt rakendatavad meetmed ei avalda mõju või neid meetmeid ei saa rakendada, kuna kool ei saa vanemaga või õpilasega kontakti, pöördub kool järgmiste meetmete rakendamiseks vallavalitsuse ametniku poole.",true,inForce,2020-05-29,,
estleg:Reg_1049579_Par_5,estleg:Reg_1049579_Map,§ 5.,,"1(1)Kool pöördub vallavalitsuse ametniku poole kirjaliku taotlusega järgmistel juhtudel:11) õpilane on põhjuseta puudunud koolist ühe õppeveerandi jooksul rohkem kui 20% õppetundidest, kui koolis toimuv õppetöö on jaotatud muudel alustel (nt trimestrid), siis andmete esitamiseks tuleb puudumised arvutada, lähtuvalt määrusega kehtestatud veeranditest;22) kooli rakendatavad meetmed ei ole mõju avaldanud või neid ei ole võimalik rakendada põhjusel, et kool ei saa kontakti õpilase ega tema vanema(te)ga (eestkostjaga). Kool pöördub vallavalitsuse ametniku poole kirjaliku taotlusega järgmistel juhtudel: õpilane on põhjuseta puudunud koolist ühe õppeveerandi jooksul rohkem kui 20% õppetundidest, kui koolis toimuv õppetöö on jaotatud muudel alustel (nt trimestrid), siis andmete esitamiseks tuleb puudumised arvutada, lähtuvalt määrusega kehtestatud veeranditest; kooli rakendatavad meetmed ei ole mõju avaldanud või neid ei ole võimalik rakendada põhjusel, et kool ei saa kontakti õpilase ega tema vanema(te)ga (eestkostjaga). 2(2)Kooli poolt esitatud kirjalikus taotluses on esitatud:11) õpilase nimi ja isikukood;22) õpilase elukoha andmed;33) õpilase vanema kontaktandmed;44) kooli poolt rakendatud meetmete loetelu ja kirjeldus (sealhulgas informatsioon õpilase vanemaga suhtlusest);55) väljavõte puudumiste ja hinnete kohta;66) õpilase iseloomustus;77) õpilase individuaalse arengu kaart. Kooli poolt esitatud kirjalikus taotluses on esitatud: õpilase nimi ja isikukood; õpilase elukoha andmed; õpilase vanema kontaktandmed; kooli poolt rakendatud meetmete loetelu ja kirjeldus (sealhulgas informatsioon õpilase vanemaga suhtlusest); väljavõte puudumiste ja hinnete kohta; õpilase iseloomustus; õpilase individuaalse arengu kaart.",true,inForce,2020-05-29,,
estleg:Reg_1049579_Par_6,estleg:Reg_1049579_Map,§ 6.,,"1(1)Kooli poolt esitatud taotluse menetlemine:11) ametnik võtab õpilase vanemaga ühendust telefoni või e-kirja teel ning lepib kokku kohtumise;22) vanema mittereageerimisel kutsele on ametnikul õigus külastada õpilase kodu, kaasates vajadusel korrakaitseametniku. Kooli poolt esitatud taotluse menetlemine: ametnik võtab õpilase vanemaga ühendust telefoni või e-kirja teel ning lepib kokku kohtumise; vanema mittereageerimisel kutsele on ametnikul õigus külastada õpilase kodu, kaasates vajadusel korrakaitseametniku. 2(2)Ametnik koostab vestluse põhjal õpilase ja vanemaga juhtumipõhiselt vastavate meetmete rakendamise kava ja tegevuskava. Ametnik koostab vestluse põhjal õpilase ja vanemaga juhtumipõhiselt vastavate meetmete rakendamise kava ja tegevuskava. 3(3)Ametnik rakendab koolikohustuse täitmise tagamiseks järgmisi meetmeid:11) vestleb õpilase ja vanemaga, selgitades välja koolikohustuse täitmata jätmise põhjused;22) teeb teatavaks rikkumise jätkamise tagajärjed ning vajadusel suunab õpilase täiendava abi saamiseks tugispetsialisti vastuvõtule;33) vajadusel suunab vanema täiendava abi saamiseks tugispetsialisti vastuvõtule või koolitusele, et toetada tingimuste loomist koolikohustuse täitmiseks;44) korraldab vanemale ja õpilasele nõustamist;55) teeb koolile ettepaneku täiendavate koolikorralduslike meetmete rakendamiseks;66) kutsub vajadusel kokku laste- ja perede komisjoni, mille ülesanne on viia läbi vestlused koolikohustust mitte täitva isikuga ning vajadusel lapsevanemaga (hooldaja/eestkostja) ja teha ettepanek vallavalitsusele meetmete rakendamiseks. Komisjoni koosseisu kinnitab vallavalitsus oma korraldusega. Ametnik rakendab koolikohustuse täitmise tagamiseks järgmisi meetmeid: vestleb õpilase ja vanemaga, selgitades välja koolikohustuse täitmata jätmise põhjused; teeb teatavaks rikkumise jätkamise tagajärjed ning vajadusel suunab õpilase täiendava abi saamiseks tugispetsialisti vastuvõtule; vajadusel suunab vanema täiendava abi saamiseks tugispetsialisti vas",true,inForce,2020-05-29,,
estleg:Reg_1049579_Par_7,estleg:Reg_1049579_Map,§ 7.,,"1(1)Vanem kohustub:11) looma koolikohustuslikule õpilasele kodus õppimist soodustavad tingimused ja õppes osalemise eeldused;22) esitama koolile oma kontaktandmed ning teavitama nende muutustest33) tutvuma koolielu reguleerivate aktidega;44) kasutama meetmeid, mida talle pakub kool või elukohajärgne vallavalitsus;55) taotlema vajadusel vallavalitsuselt õigusaktides sätestatud koolikohustuse täitmise tagamise meetmete rakendamist.66) teatama hiljemalt õppest puudumise esimesel õppepäeval kooli õpilase õppest puudumisest ja selle põhjustest. Vanem kohustub: looma koolikohustuslikule õpilasele kodus õppimist soodustavad tingimused ja õppes osalemise eeldused; esitama koolile oma kontaktandmed ning teavitama nende muutustest tutvuma koolielu reguleerivate aktidega; kasutama meetmeid, mida talle pakub kool või elukohajärgne vallavalitsus; taotlema vajadusel vallavalitsuselt õigusaktides sätestatud koolikohustuse täitmise tagamise meetmete rakendamist. teatama hiljemalt õppest puudumise esimesel õppepäeval kooli õpilase õppest puudumisest ja selle põhjustest. 2(2)Vanemal on õigus:11) saada ametnikult teavet ja selgitusi vanema ning õpilase õiguste ja kohustuste kohta;22) saada ametnikult selgitusi õpilase koolikohustuse mittetäitmise kohta;33) saada võimalusel abi vallavalitsuselt lapse koolikohustuse täitmiseks. Vanemal on õigus: saada ametnikult teavet ja selgitusi vanema ning õpilase õiguste ja kohustuste kohta; saada ametnikult selgitusi õpilase koolikohustuse mittetäitmise kohta; saada võimalusel abi vallavalitsuselt lapse koolikohustuse täitmiseks.",true,inForce,2020-05-29,,
estleg:Reg_1049579_Par_8,estleg:Reg_1049579_Map,§ 8.,,Määrust rakendatakse alates 21. mai 2020. a. Määrust rakendatakse alates 21. mai 2020. a.,true,inForce,2020-05-29,,
estleg:Reg_1049606_Par_1,estleg:Reg_1049606_Map,§ 1.,,"1 (1) Määrusega kehtestatakse „Riigi 2020. aasta lisaeelarve seaduses” Siseministeeriumi valitsemisala eelarvest toetuste taotlemise, eraldamise ja kasutamise tingimused ja kord usulistele ühendustele, mittetulundusühingutele ja sihtasutustele. Määrusega kehtestatakse „Riigi 2020. aasta lisaeelarve seaduses” Siseministeeriumi valitsemisala eelarvest toetuste taotlemise, eraldamise ja kasutamise tingimused ja kord usulistele ühendustele, mittetulundusühingutele ja sihtasutustele. 2 (2) Toetuse eesmärk on toetada usuliste ühenduste jätkusuutlikku toimimist ning nende mittetulundusühingute ja sihtasutuste, mille tegevus on kooskõlas usuliste ühenduste põhikirjaliste eesmärkidega, jätkusuutlikku toimimist rehabilitatsiooni, sotsiaalhoolekande ning laste- ja noortetööga seotud tegevustes, leevendades nende majanduslikke raskusi, mille on põhjustanud COVID-19 haigust põhjustava koroonaviiruse levikuga seotud kriis ja selle tõttu kehtestatud eriolukorra mõju, ning tagada pärast eriolukorda vähimate tõrgetega nende sujuv üleminek tavapärase toimimise juurde ja valmisolek uueks kriisiks, arvestades ühiskonna vajadusi ja nende tegevuse kogukondlikku sotsiaalset mõju. RT I 2020-09-26 3 126092020003 2020-10-01 Toetuse eesmärk on toetada usuliste ühenduste jätkusuutlikku toimimist ning nende mittetulundusühingute ja sihtasutuste, mille tegevus on kooskõlas usuliste ühenduste põhikirjaliste eesmärkidega, jätkusuutlikku toimimist rehabilitatsiooni, sotsiaalhoolekande ning laste- ja noortetööga seotud tegevustes, leevendades nende majanduslikke raskusi, mille on põhjustanud COVID-19 haigust põhjustava koroonaviiruse levikuga seotud kriis ja selle tõttu kehtestatud eriolukorra mõju, ning tagada pärast eriolukorda vähimate tõrgetega nende sujuv üleminek tavapärase toimimise juurde ja valmisolek uueks kriisiks, arvestades ühiskonna vajadusi ja nende tegevuse kogukondlikku sotsiaalset mõju. 3 (3) Kui määruse alusel antav toetus on riigiabi või vähese tähtsusega abi, siis järgitakse toe",true,inForce,2020-09-25,,estleg:Reg_1049606_Par_1_v1049606
estleg:Reg_1049606_Par_10,estleg:Reg_1049606_Map,§ 10.,,"Toetuse saaja esitab toetuse kasutamise lõpparuande lepingus määratud tähtpäevaks, mis ei või olla hilisem kui 25.07.2021. RT I 2020-09-26 3 126092020003 2020-10-01 Toetuse saaja esitab toetuse kasutamise lõpparuande lepingus määratud tähtpäevaks, mis ei või olla hilisem kui 25.07.2021.",true,inForce,2020-09-25,,estleg:Reg_1049606_Par_10_v1049606
estleg:Reg_1049606_Par_11,estleg:Reg_1049606_Map,§ 11.,,Kuni 30.06.2020 esitatud taotluste alusel makstud toetustele kohaldatakse käesoleva määruse enne 01.10.2020 kehtinud redaktsiooni. RT I 2020-09-26 3 126092020003 2020-10-01 Kuni 30.06.2020 esitatud taotluste alusel makstud toetustele kohaldatakse käesoleva määruse enne 01.10.2020 kehtinud redaktsiooni.,true,inForce,2020-09-25,,estleg:Reg_1049606_Par_11_v1049606
estleg:Reg_1049606_Par_2,estleg:Reg_1049606_Map,§ 2.,,"1 (1) Käesoleva määruse alusel antav toetus võib kvalifitseeruda vähese tähtsusega abiks VTA määruse artikli 3 tähenduses. Kui toetus kvalifitseerub vähese tähtsusega abiks, ei kohaldata määrust VTA määruse artikli 1 lõikes 1 sätestatud juhtudel. Käesoleva määruse alusel antav toetus võib kvalifitseeruda vähese tähtsusega abiks VTA määruse artikli 3 tähenduses. Kui toetus kvalifitseerub vähese tähtsusega abiks, ei kohaldata määrust VTA määruse artikli 1 lõikes 1 sätestatud juhtudel. 2 (2) Kui toetus loetakse vähese tähtsusega abiks VTA määruse mõistes, kontrollib toetuse andja riigiabi ja vähese tähtsusega abi registrist, et taotletava toetuse andmise korral ei ületaks toetuse taotlejale (edaspidi taotleja) kolme järjestikuse majandusaasta jooksul eraldatud vähese tähtsusega abi koos taotlusvoorust eraldatava toetusega 200 000 eurot. Kui toetus loetakse vähese tähtsusega abiks VTA määruse mõistes, kontrollib toetuse andja riigiabi ja vähese tähtsusega abi registrist, et taotletava toetuse andmise korral ei ületaks toetuse taotlejale (edaspidi taotleja) kolme järjestikuse majandusaasta jooksul eraldatud vähese tähtsusega abi koos taotlusvoorust eraldatava toetusega 200 000 eurot. 3 (3) Vähese tähtsusega abi suuruse arvestamisel loetakse üheks ettevõtjaks sellised isikud, kes on omavahel seotud VTA määruse artikli 2 lõike 2 kohaselt. Lisaks võetakse vähese tähtsusega abi andmisel arvesse VTA määruse artiklis 5 sätestatud erinevateks eesmärkideks antava vähese tähtsusega abi kumuleerimisreegleid. Vähese tähtsusega abi suuruse arvestamisel loetakse üheks ettevõtjaks sellised isikud, kes on omavahel seotud VTA määruse artikli 2 lõike 2 kohaselt. Lisaks võetakse vähese tähtsusega abi andmisel arvesse VTA määruse artiklis 5 sätestatud erinevateks eesmärkideks antava vähese tähtsusega abi kumuleerimisreegleid. 4 (4) Vähese tähtsusega abi andmisel säilitab abi andja toetuse andmisega seonduvaid dokumente kümme aastat taotluse rahuldamise otsuse tegemisest. Vähese tähtsusega ",true,inForce,2020-09-25,,estleg:Reg_1049606_Par_2_v1049606
estleg:Reg_1049606_Par_3,estleg:Reg_1049606_Map,§ 3.,,"1 (1) Toetust võib maksta juriidilisest isikust usulisele ühendusele ja käesoleva määruse § 1 lõikes 2 nimetatud mittetulundusühingule ja sihtasutusele, kes oli eriolukorra kehtestamise ajaks kantud mittetulundusühingute ja sihtasutuste registrisse ja kes vastab järgmistele tingimustele: 1 1) sel ei ole riiklike maksude maksuvõlga, välja arvatud juhul, kui see võlg on ajatatud; 2 2) selle suhtes ei ole algatatud pankroti- või likvideerimismenetlust; 3 3) selle juhtorgani liige ei ole isik, keda on karistatud majandusalase, ametialase, varavastase või avaliku usalduse vastase süüteo eest ja tema karistusandmed ei ole karistusregistrist karistusregistri seaduse kohaselt kustutatud. Toetust võib maksta juriidilisest isikust usulisele ühendusele ja käesoleva määruse § 1 lõikes 2 nimetatud mittetulundusühingule ja sihtasutusele, kes oli eriolukorra kehtestamise ajaks kantud mittetulundusühingute ja sihtasutuste registrisse ja kes vastab järgmistele tingimustele: sel ei ole riiklike maksude maksuvõlga, välja arvatud juhul, kui see võlg on ajatatud; selle suhtes ei ole algatatud pankroti- või likvideerimismenetlust; selle juhtorgani liige ei ole isik, keda on karistatud majandusalase, ametialase, varavastase või avaliku usalduse vastase süüteo eest ja tema karistusandmed ei ole karistusregistrist karistusregistri seaduse kohaselt kustutatud. 2 (2) Kehtetu - RT I 2020-09-26 3 126092020003 2020-10-01 Kehtetu - 3 (3) Toetus antakse olulise sotsiaalse mõjuga kogukondlikuks tegevuseks: 1 1) usulisele ühendusele tema enda, tema asutuse või tema poolt oma põhikirjaliste eesmärkide saavutamiseks asutatud eraüldhariduskooli või juriidilise isiku tegevuseks; 2 2) mittetulundusühingule ja sihtasutusele, mille tegevus, sealhulgas eraüldhariduskooli pidamine, on kooskõlas usulise ühenduse põhikirjaliste eesmärkidega. RT I 2020-09-26 3 126092020003 2020-10-01 Toetus antakse olulise sotsiaalse mõjuga kogukondlikuks tegevuseks: usulisele ühendusele tema enda, tema asutuse või tema poolt o",true,inForce,2020-09-25,,estleg:Reg_1049606_Par_3_v1049606
estleg:Reg_1049606_Par_4,estleg:Reg_1049606_Map,§ 4.,,"Toetust võib kasutada nende kulude katmiseks, mis on tehtud vahemikus 13.03.2020–30.06.2021. RT I 2020-09-26 3 126092020003 2020-10-01 Toetust võib kasutada nende kulude katmiseks, mis on tehtud vahemikus 13.03.2020–30.06.2021.",true,inForce,2020-09-25,,estleg:Reg_1049606_Par_4_v1049606
estleg:Reg_1049606_Par_5,estleg:Reg_1049606_Map,§ 5.,,"1 (1) Abikõlblikud on kulud, mida kasutatakse tegevusteks: 1 1) mis soodustavad kogukonna tugevnemist – eelkõige rehabilitatsiooni, sotsiaalhoolekande ning laste- ja noortetööga seotud jätkusuutlikud tegevused; 2 2) Kehtetu - RT I 2020-09-26 3 126092020003 2020-10-01 3 3) mis võimaldavad taotlejal välja arendada ja parendada infotehnoloogilisi lahendusi osutamaks vaimulike teenuseid – eelkõige interneti vahendusel edastatavad jumalateenistused ja usuosadused; 4 4) mille abil loodav digivõimekuse kasv ja infotehnoloogiliste lahenduste parendamine avaldavad pikaajalist mõju taotleja toimepidevuse tagamiseks mistahes kriisiolukorras. Abikõlblikud on kulud, mida kasutatakse tegevusteks: mis soodustavad kogukonna tugevnemist – eelkõige rehabilitatsiooni, sotsiaalhoolekande ning laste- ja noortetööga seotud jätkusuutlikud tegevused; Kehtetu - mis võimaldavad taotlejal välja arendada ja parendada infotehnoloogilisi lahendusi osutamaks vaimulike teenuseid – eelkõige interneti vahendusel edastatavad jumalateenistused ja usuosadused; mille abil loodav digivõimekuse kasv ja infotehnoloogiliste lahenduste parendamine avaldavad pikaajalist mõju taotleja toimepidevuse tagamiseks mistahes kriisiolukorras. 2 (2) Toetusest võib katta ainult abikõlblikke kulusid, mis on taotluse eelarves lahti kirjutatud, vastavad taotleja tegevusele ning on toetuse eesmärgi saavutamiseks vajalikud ja põhjendatud. Toetusest võib katta ainult abikõlblikke kulusid, mis on taotluse eelarves lahti kirjutatud, vastavad taotleja tegevusele ning on toetuse eesmärgi saavutamiseks vajalikud ja põhjendatud. 3 (3) Abikõlblikud kulud on järgmised: 1 1) taotleja tegevustega seotud digimaterjalide väljaandmisega seotud kulud (sh veebileht); RT I 2020-09-26 3 126092020003 2020-10-01 2 2) taotleja tegevuste elluviimisega seotud kontori üürikulud, side-, transpordi-, kommunaal- ja raamatupidamiskulud vastavalt toetuse saaja juures kehtestatud kulude kalkuleerimise korrale; 3 3) taotleja tegevuste elluviimisega seotud",true,inForce,2020-09-25,,estleg:Reg_1049606_Par_5_v1049606
estleg:Reg_1049606_Par_6,estleg:Reg_1049606_Map,§ 6.,,"1 (1) Toetuse taotlemiseks esitab taotleja Siseministeeriumile vormikohase taotluse. Taotluse vorm tehakse kättesaadavaks Siseministeeriumi veeblilehel. Taotluse esitamise tähtpäev on 25.10.2020. RT I 2020-09-26 3 126092020003 2020-10-01 Toetuse taotlemiseks esitab taotleja Siseministeeriumile vormikohase taotluse. Taotluse vorm tehakse kättesaadavaks Siseministeeriumi veeblilehel. Taotluse esitamise tähtpäev on 25.10.2020. 2 (2) Kehtetu - RT I 2020-09-26 3 126092020003 2020-10-01 Kehtetu - 3 (3) Kehtetu - RT I 2020-09-26 3 126092020003 2020-10-01 Kehtetu - 4 (4) Toetuse saamiseks esitatav kirjalik või digitaalselt allkirjastatud taotlus peab sisaldama vähemalt järgmist teavet: 1 1) toetuse kasutamise eesmärk; 2 2) eesmärgi elluviimiseks kavandatav tegevus; 3 3) eelarve kululiikide kaupa; 4 4) toetuse edasiandmise puhul toetuse jagunemise alused ja kord; 5 5) eeldatav tulemus. Toetuse saamiseks esitatav kirjalik või digitaalselt allkirjastatud taotlus peab sisaldama vähemalt järgmist teavet: toetuse kasutamise eesmärk; eesmärgi elluviimiseks kavandatav tegevus; eelarve kululiikide kaupa; toetuse edasiandmise puhul toetuse jagunemise alused ja kord; eeldatav tulemus. 5 (5) Esitatud eelarves toodud kulud peavad olema põhjendatud, mõistlikud ja tegevuse elluviimiseks ning tulemuse saavutamiseks vajalikud. Esitatud eelarves toodud kulud peavad olema põhjendatud, mõistlikud ja tegevuse elluviimiseks ning tulemuse saavutamiseks vajalikud. 6 (6) Siseministeerium võib nõuda taotlejalt lisainformatsiooni ja -dokumente. Siseministeerium võib nõuda taotlejalt lisainformatsiooni ja -dokumente.",true,inForce,2020-09-25,,estleg:Reg_1049606_Par_6_v1049606
estleg:Reg_1049606_Par_7,estleg:Reg_1049606_Map,§ 7.,,"1 (1) Taotlusi hindab käesoleva määruse § 6 lõikes 1 määratud tähtpäevast arvates 10 tööpäeva jooksul valdkonna eest vastutava ministri moodustatud hindamiskomisjon (edaspidi komisjon). Komisjon võib taotluste hindamise tähtaega pikendada, kui see on tingitud taotluste hulgast või nende hindamise keerukusest, kuid see ei tohi kaasa tuua toetuste andmise eesmärgi kahjustamist. RT I 2020-09-26 3 126092020003 2020-10-01 Taotlusi hindab käesoleva määruse § 6 lõikes 1 määratud tähtpäevast arvates 10 tööpäeva jooksul valdkonna eest vastutava ministri moodustatud hindamiskomisjon (edaspidi komisjon). Komisjon võib taotluste hindamise tähtaega pikendada, kui see on tingitud taotluste hulgast või nende hindamise keerukusest, kuid see ei tohi kaasa tuua toetuste andmise eesmärgi kahjustamist. 2 (2) Taotluse menetlemisel hinnatakse esmalt taotluse nõuetele vastavust ja seejärel suunatakse taotlus sisulisele hindamisele komisjoni. Taotluse menetlemisel hinnatakse esmalt taotluse nõuetele vastavust ja seejärel suunatakse taotlus sisulisele hindamisele komisjoni. 3 (3) Kui taotluses ei ole esitatud kõiki nõutud andmeid ja dokumente või kui taotluses esineb vormilisi puudusi, antakse taotlejale puuduste kõrvaldamiseks viis tööpäeva. Kui taotleja ei kõrvalda puudusi etteantud tähtajaks, jäetakse taotlus sisuliseks hindamiseks esitamata ja läbi vaatamata. Kui taotluses ei ole esitatud kõiki nõutud andmeid ja dokumente või kui taotluses esineb vormilisi puudusi, antakse taotlejale puuduste kõrvaldamiseks viis tööpäeva. Kui taotleja ei kõrvalda puudusi etteantud tähtajaks, jäetakse taotlus sisuliseks hindamiseks esitamata ja läbi vaatamata. 4 (4) Kui taotleja ei vasta käesoleva määruse §-s 3 kehtestatud tingimustele, ei kuulu taotlus edasisele hindamisele ja komisjon teeb valdkonna eest vastutavale ministrile ettepaneku jätta taotlus rahuldamata. Kui taotleja ei vasta käesoleva määruse §-s 3 kehtestatud tingimustele, ei kuulu taotlus edasisele hindamisele ja komisjon teeb valdkonna ee",true,inForce,2020-09-25,,estleg:Reg_1049606_Par_7_v1049606
estleg:Reg_1049606_Par_8,estleg:Reg_1049606_Map,§ 8.,,1 (1) Pärast taotluse rahuldamise või osalise rahuldamise otsust sõlmib Siseministeerium toetuse saajaga riigieelarvelise toetuse kasutamise lepingu (edaspidi leping). Pärast taotluse rahuldamise või osalise rahuldamise otsust sõlmib Siseministeerium toetuse saajaga riigieelarvelise toetuse kasutamise lepingu (edaspidi leping). 2 (2) Lepingu sõlmimise aluseks on valdkonna eest vastutava ministri otsus taotluse rahuldamise või osalise rahuldamise kohta ja toetuse saaja esitatud taotlus. Lepingu sõlmimise aluseks on valdkonna eest vastutava ministri otsus taotluse rahuldamise või osalise rahuldamise kohta ja toetuse saaja esitatud taotlus. 3 (3) Toetus makstakse toetuse saajale välja lepingus määratud tingimustel. Toetus makstakse toetuse saajale välja lepingus määratud tingimustel.,true,inForce,2020-09-25,,estleg:Reg_1049606_Par_8_v1049606
estleg:Reg_1049606_Par_9,estleg:Reg_1049606_Map,§ 9.,,"1 (1) Kui toetus jääb lepingus määratud tähtajaks kasutamata või toetust ei kasutata nõuetekohaselt, on Siseministeeriumil õigus nõuda toetuse tagastamist ulatuses, millises raha ei kasutatud lepingu tingimuste järgi. Kui toetus jääb lepingus määratud tähtajaks kasutamata või toetust ei kasutata nõuetekohaselt, on Siseministeeriumil õigus nõuda toetuse tagastamist ulatuses, millises raha ei kasutatud lepingu tingimuste järgi. 2 (2) Siseministeerium võib välja makstud toetuse osaliselt või täielikult tagasi nõuda kui: 1 1) toetuse saaja on kasutanud toetust mitteabikõlblike kulude hüvitamiseks; 2 2) toetuse saaja on esitanud valeandmeid; 3 3) toetuse saaja on kasutanud toetust teisel otstarbel, kui oli märgitud taotluses; 4 4) toetuse saaja ei esita lõpparuannet; 5 5) muul õigusaktis või lepingus ettenähtud tingimuse esinemise korral. Siseministeerium võib välja makstud toetuse osaliselt või täielikult tagasi nõuda kui: toetuse saaja on kasutanud toetust mitteabikõlblike kulude hüvitamiseks; toetuse saaja on esitanud valeandmeid; toetuse saaja on kasutanud toetust teisel otstarbel, kui oli märgitud taotluses; toetuse saaja ei esita lõpparuannet; muul õigusaktis või lepingus ettenähtud tingimuse esinemise korral. 3 (3) Toetuse tagasinõudmine toimub lepingu kohaselt. Toetuse tagastamise nõuded määratakse lepingu üldtingimustes. Toetuse tagasinõudmine toimub lepingu kohaselt. Toetuse tagastamise nõuded määratakse lepingu üldtingimustes.",true,inForce,2020-09-25,,estleg:Reg_1049606_Par_9_v1049606
estleg:Reg_1050675_Par_1,estleg:Reg_1050675_Map,§ 1.,,Määrusega kehtestatakse Kastre valla territooriumil asuvate vallaomandis olevate munitsipaaleluruumide üürihinnad. Määrusega kehtestatakse Kastre valla territooriumil asuvate vallaomandis olevate munitsipaaleluruumide üürihinnad.,true,inForce,2020-12-04,,
estleg:Reg_1050675_Par_2,estleg:Reg_1050675_Map,§ 2.,,Kehtestada Kastre valla territooriumil asuvate vallaomandis olevate munitsipaaleluruumide üürihinnad alates 01.12.2020 alljärgnevalt: 1 1) mugavusteta eluruumi üüri hind 2.50 eurot m² kohta kuus; 2 2) mugavustega eluruumi üüri hind 3.00 eurot m² kohta kuus. Kehtestada Kastre valla territooriumil asuvate vallaomandis olevate munitsipaaleluruumide üürihinnad alates 01.12.2020 alljärgnevalt: mugavusteta eluruumi üüri hind 2.50 eurot m² kohta kuus; mugavustega eluruumi üüri hind 3.00 eurot m² kohta kuus.,true,inForce,2020-12-04,,
estleg:Reg_1050675_Par_3,estleg:Reg_1050675_Map,§ 3.,,Määrus jõustub kolmandal päeval pärast Riigi Teatajas avaldamist. Määrus jõustub kolmandal päeval pärast Riigi Teatajas avaldamist.,true,inForce,2020-12-04,,
estleg:Reg_1052452_Par_1,estleg:Reg_1052452_Map,§ 1.,,Kastre vallas moodustatakse 3 valimisjaoskonda. Kastre vallas moodustatakse 3 valimisjaoskonda.,true,inForce,2021-08-30,,
estleg:Reg_1052452_Par_2,estleg:Reg_1052452_Map,§ 2.,,"1 (1) Valimisjaoskond nr 1 hääletamisruumid asuvad kõigil eelhääletamise päevadel ja valimispäeval Priiuse seltsimajas (Priiuse seltsimaja, Kurepalu küla, Kastre vald, Tartumaa). Valimisjaoskond nr 1 hääletamisruumid asuvad kõigil eelhääletamise päevadel ja valimispäeval Priiuse seltsimajas (Priiuse seltsimaja, Kurepalu küla, Kastre vald, Tartumaa). 2 (2) Valimisjaoskond nr 2 – hääletamisruumid asuvad teisel ja esimesel päeval enne valimispäeva ning valimispäeval Melliste Algkool-Lasteaias (Aabitsa tee 1, Melliste küla, Kastre vald, Tartumaa). Valimisjaoskond nr 2 – hääletamisruumid asuvad teisel ja esimesel päeval enne valimispäeva ning valimispäeval Melliste Algkool-Lasteaias (Aabitsa tee 1, Melliste küla, Kastre vald, Tartumaa). 3 (3) Valimisjaoskond nr 3 - hääletamisruumid asuvad teisel ja esimesel päeval enne valimispäeva ning valimispäeval Võnnu Kultuurimajas (Tartu tn 24, Võnnu alevik, Kastre vald, Tartumaa). Valimisjaoskond nr 3 - hääletamisruumid asuvad teisel ja esimesel päeval enne valimispäeva ning valimispäeval Võnnu Kultuurimajas (Tartu tn 24, Võnnu alevik, Kastre vald, Tartumaa).",true,inForce,2021-08-30,,
estleg:Reg_1052452_Par_3,estleg:Reg_1052452_Map,§ 3.,,1 (1) Kohaliku omavalitsuse volikogu valimistel ja Riigikogu valimistel korraldab väljaspool elukohajärgset valimisringkonda eelhääletamist valimisjaoskond nr 1. Kohaliku omavalitsuse volikogu valimistel ja Riigikogu valimistel korraldab väljaspool elukohajärgset valimisringkonda eelhääletamist valimisjaoskond nr 1. 2 (2) Valimisjaoskonnad nr 2 ja 3 korraldavad hääletamist asukohas ja ööpäevases hoolekandeasutuses. Valimisjaoskonnad nr 2 ja 3 korraldavad hääletamist asukohas ja ööpäevases hoolekandeasutuses. 3 (3) Euroopa Parlamendi valimistel ja rahvahääletusel korraldavad jaoskonnad nr 2 ja nr 3 hääletamist ööpäevases hoolekandeasutuses. Euroopa Parlamendi valimistel ja rahvahääletusel korraldavad jaoskonnad nr 2 ja nr 3 hääletamist ööpäevases hoolekandeasutuses. 4 (4) Kodus hääletamist korraldavad kõik valimisjaoskonnad. Kodus hääletamist korraldavad kõik valimisjaoskonnad.,true,inForce,2021-08-30,,
estleg:Reg_1052452_Par_4,estleg:Reg_1052452_Map,§ 4.,,1 (1) Määrusega tunnistatakse kehtetuks Kastre Vallavalitsuse 08.01.2017 määrus nr 1 „Valmisjaoskondade moodustamine“. Määrusega tunnistatakse kehtetuks Kastre Vallavalitsuse 08.01.2017 määrus nr 1 „Valmisjaoskondade moodustamine“. 2 (2) Määrus jõustub kolmandal päeval peale Riigi Teatajas avaldamist. Määrus jõustub kolmandal päeval peale Riigi Teatajas avaldamist.,true,inForce,2021-08-30,,
estleg:Reg_1053078_Par_1,estleg:Reg_1053078_Map,§ 1.,,Määrusega kehtestatakse Norra ja Euroopa Majanduspiirkonna perioodi 2014–2021 finantsmehhanismide programmist „Kohalik areng ja vaesuse vähendamine” (edaspidi programm) rahastatava meetme „Laste ja noorte heaolu suurendamine” raames korraldatava avatud taotlusvooru „Taastava õiguse arendamine Eestis II” toetuse andmise tingimused ja kord (edaspidi taotlusvoor). Määrusega kehtestatakse Norra ja Euroopa Majanduspiirkonna perioodi 2014–2021 finantsmehhanismide programmist „Kohalik areng ja vaesuse vähendamine” (edaspidi programm) rahastatava meetme „Laste ja noorte heaolu suurendamine” raames korraldatava avatud taotlusvooru „Taastava õiguse arendamine Eestis II” toetuse andmise tingimused ja kord (edaspidi taotlusvoor).,true,inForce,2021-12-20,2029-07-23,estleg:Reg_1053078_Par_1_v1053078
estleg:Reg_1053078_Par_10,estleg:Reg_1053078_Map,§ 10.,,"1 (1) Projekti abikõlblikud otsesed kulud on kulud, mida toetuse saaja või partner eristab vastavalt oma raamatupidamistavale ja tavapärastele sise-eeskirjadele konkreetsete kuludena, mis on otseselt seotud projekti rakendamisega ja mida saab seetõttu otse projekti kuludena kirjendada. Projekti abikõlblikud otsesed kulud on kulud, mida toetuse saaja või partner eristab vastavalt oma raamatupidamistavale ja tavapärastele sise-eeskirjadele konkreetsete kuludena, mis on otseselt seotud projekti rakendamisega ja mida saab seetõttu otse projekti kuludena kirjendada. 2 (2) Otsesed kulud on abikõlblikud, kui need vastavad järgmistele kriteeriumitele: 1 1) otsesed personalikulud vastavalt lõikele 4. Riigi administratsiooni töötajate personalikulud on abikõlblikud ulatuses, milles need on seotud selliste tegevuste kuludega, mida asjakohane avaliku sektori asutus ei teeks, kui asjaomast projekti ei oleks ette võetud; 2 2) projektis osalevate töötajate reisi- ja päevarahad vastavalt Eesti õigusaktidele või projekti partnerriigi õigusaktidele; 3 3) projekti tulemuste avalikustamise ja teavitustegevustega seotud kulud; 4 4) uue või kasutatud seadme ostmise kulu amortisatsiooni määras projekti abikõlblikkuse perioodi jooksul. Kui toetuse saaja põhjendab, et seade on lahutamatu ja vajalik osa projekti tulemuste saavutamiseks, võib seadme kogu ostuhinna lugeda abikõlblikuks; 5 5) tarbekaubad ja tarvikud; 6 6) muu projekti elluviimisega kaasnev kulu tingimusel, et selle aluseks olev leping on sõlmitud kooskõlas riigihangete seadusega ja määrusega; 7 7) projekti elluviimiseks vajalik muu otsene kulu, mis on seotud projektis kavandatud §-s 6 nimetatud toetatava tegevusega. Otsesed kulud on abikõlblikud, kui need vastavad järgmistele kriteeriumitele: otsesed personalikulud vastavalt lõikele 4. Riigi administratsiooni töötajate personalikulud on abikõlblikud ulatuses, milles need on seotud selliste tegevuste kuludega, mida asjakohane avaliku sektori asutus ei teeks, kui asjaomast projek",true,inForce,2021-12-20,2029-07-23,estleg:Reg_1053078_Par_10_v1053078
estleg:Reg_1053078_Par_11,estleg:Reg_1053078_Map,§ 11.,,"1 (1) Kaudsed kulud on kõik abikõlblikud kulud, mida toetuse saaja või partner ei saa eristada otse projektile omistatavatena, kuid mida saab eristada ja põhjendada tema raamatupidamissüsteemis kuludena, mis tehti otseses seoses projektile omistatavate abikõlblike otsekuludega. Need ei tohi hõlmata abikõlblikke otseseid kulusid. Kaudsed kulud on kõik abikõlblikud kulud, mida toetuse saaja või partner ei saa eristada otse projektile omistatavatena, kuid mida saab eristada ja põhjendada tema raamatupidamissüsteemis kuludena, mis tehti otseses seoses projektile omistatavate abikõlblike otsekuludega. Need ei tohi hõlmata abikõlblikke otseseid kulusid. 2 (2) Projekti kaudseid kulusid arvestatakse kindla määra alusel ja need moodustavad kuni 15% otsestest abikõlblikest personalikuludest. Projekti kaudseid kulusid arvestatakse kindla määra alusel ja need moodustavad kuni 15% otsestest abikõlblikest personalikuludest. 3 (3) Projekti kaudseks kuluks loetakse järgmiste projekti administreerimisega seotud tegevuste kulud: 1 1) raamatupidamine; 2 2) sekretäri- ja personalitöö; 3 3) juriidiline nõustamine; 4 4) vara haldamine; 5 5) infotehnoloogiline tugitegevus; 6 6) muu abistav töö. Projekti kaudseks kuluks loetakse järgmiste projekti administreerimisega seotud tegevuste kulud: raamatupidamine; sekretäri- ja personalitöö; juriidiline nõustamine; vara haldamine; infotehnoloogiline tugitegevus; muu abistav töö. 4 (4) Lisaks lõikes 3 nimetatud kuludele loetakse projekti kaudseteks kuludeks järgmised üldkulud: 1 1) kontoritarvikute ja -mööbli ostmise, rentimise, hooldus- ja remondikulud; 2 2) sideteenuste kulud, sealhulgas telefoni- ja faksiteenusega seotud kuu- ja abonenttasud ning teenuse kasutamisega seotud jooksvad kulud, samuti postikulud ja elektroonilise andmesidega seotud jooksvad kulud; 3 3) infotehnoloogiakulud, sealhulgas tark- ja riistvara, kontoritehnika ostmise ja rentimise ning serverite, võrkude ja kontoritehnika hooldus- ja remondikulud; 4 4) kommunaalkulud, sealh",true,inForce,2021-12-20,2029-07-23,estleg:Reg_1053078_Par_11_v1053078
estleg:Reg_1053078_Par_12,estleg:Reg_1053078_Map,§ 12.,,"Järgmisi kulusid ei käsitata abikõlblikena: 1 1) laenuintress ning võla teenindamise tasud ja viivised; 2 2) finantstehingute tasud ja muud puhtalt finantskulud, välja arvatud kulud seoses rahastajate, riikliku kontaktasutuse või kohaldatava õiguse alusel nõutud kontodega ja kulud projekti elluviimiseks sõlmitud lepinguga kehtestatud finantsteenustele; 3 3) eraldised kahjumi või võimalike tulevaste kohustuste katmiseks; 4 4) valuutakursi muutuste kahjum; 5 5) käibemaks, kui see on võimalik projekti raames tasutuna sisendkäibemaksuna maha arvata või tagasi taotleda või kui käibemaks hüvitatakse muul moel; 6 6) kulud, mis kaetakse muudest allikatest; 7 7) trahvid ja muud rahalised karistused; 8 8) kohtuvaidluste kulud, välja arvatud juhul, kui kohtuvaidlus on lahutamatu ja vajalik projekti tulemuste saavutamiseks; 9 9) teised kulud, mis ei ole vajalikud projekti eesmärgi saavutamiseks. Järgmisi kulusid ei käsitata abikõlblikena: laenuintress ning võla teenindamise tasud ja viivised; finantstehingute tasud ja muud puhtalt finantskulud, välja arvatud kulud seoses rahastajate, riikliku kontaktasutuse või kohaldatava õiguse alusel nõutud kontodega ja kulud projekti elluviimiseks sõlmitud lepinguga kehtestatud finantsteenustele; eraldised kahjumi või võimalike tulevaste kohustuste katmiseks; valuutakursi muutuste kahjum; käibemaks, kui see on võimalik projekti raames tasutuna sisendkäibemaksuna maha arvata või tagasi taotleda või kui käibemaks hüvitatakse muul moel; kulud, mis kaetakse muudest allikatest; trahvid ja muud rahalised karistused; kohtuvaidluste kulud, välja arvatud juhul, kui kohtuvaidlus on lahutamatu ja vajalik projekti tulemuste saavutamiseks; teised kulud, mis ei ole vajalikud projekti eesmärgi saavutamiseks.",true,inForce,2021-12-20,2029-07-23,estleg:Reg_1053078_Par_12_v1053078
estleg:Reg_1053078_Par_13,estleg:Reg_1053078_Map,§ 13.,,"1 (1) Kui määruse §-s 6 nimetatud tegevuste toetamiseks antav abi on käsitatav vähese tähtsusega abina, siis järgitakse Euroopa Komisjoni määruses (EL) nr 1407/2013, milles käsitletakse Euroopa Liidu toimimise lepingu artiklite 107 ja 108 kohaldamist vähese tähtsusega abi suhtes (ELT L 352, 24.12.2013, lk 1–8) (edaspidi VTA määrus), ja konkurentsiseaduse §-s 33 sätestatut. Kui määruse §-s 6 nimetatud tegevuste toetamiseks antav abi on käsitatav vähese tähtsusega abina, siis järgitakse Euroopa Komisjoni määruses (EL) nr 1407/2013, milles käsitletakse Euroopa Liidu toimimise lepingu artiklite 107 ja 108 kohaldamist vähese tähtsusega abi suhtes (ELT L 352, 24.12.2013, lk 1–8) (edaspidi VTA määrus), ja konkurentsiseaduse §-s 33 sätestatut. 2 (2) Vähese tähtsusega abi puhul: 1 1) loetakse vähese tähtsusega abiks ka avaliku sektori vahenditest antav oma- või kaasfinantseering; 2 2) ei tohi abi saajale jooksva majandusaasta ja kahe eelneva majandusaasta jooksul antud vähese tähtsusega abi koos määruse alusel taotletava toetusega ületada 200 000 eurot; 3 3) arvestatakse kontserni kuuluvate või muul viisil omavahel seotud ettevõtjatele abi andmisel üheks ettevõtjaks sellised ettevõtjad, kes on omavahel VTA määruse artikli 2 lõikes 2 sätestatud suhetes; 4 4) võetakse vähese tähtsusega abi andmisel arvesse VTA määruse artikli 5 lõikes 1 sätestatud eesmärkideks antava vähese tähtsusega abi kumuleerimisreegleid. Vähese tähtsusega abi puhul: loetakse vähese tähtsusega abiks ka avaliku sektori vahenditest antav oma- või kaasfinantseering; ei tohi abi saajale jooksva majandusaasta ja kahe eelneva majandusaasta jooksul antud vähese tähtsusega abi koos määruse alusel taotletava toetusega ületada 200 000 eurot; arvestatakse kontserni kuuluvate või muul viisil omavahel seotud ettevõtjatele abi andmisel üheks ettevõtjaks sellised ettevõtjad, kes on omavahel VTA määruse artikli 2 lõikes 2 sätestatud suhetes; võetakse vähese tähtsusega abi andmisel arvesse VTA määruse artikli 5 lõikes 1 s",true,inForce,2021-12-20,2029-07-23,estleg:Reg_1053078_Par_13_v1053078
estleg:Reg_1053078_Par_14,estleg:Reg_1053078_Map,§ 14.,,"1 (1) Taotleja võib olla: 1 1) Eestis registreeritud juriidiline isik, sealhulgas valitsusväline organisatsioon; 2 2) Eestis tegutsev valitsustevaheline organisatsioon. Taotleja võib olla: Eestis registreeritud juriidiline isik, sealhulgas valitsusväline organisatsioon; Eestis tegutsev valitsustevaheline organisatsioon. 2 (2) Taotlejal peab projekti eesmärkide saavutamiseks olema nimetatud projektijuht ning taastava õiguse koolitaja või taastava õiguse meetodi looja või rakendaja. Taotlejal peab projekti eesmärkide saavutamiseks olema nimetatud projektijuht ning taastava õiguse koolitaja või taastava õiguse meetodi looja või rakendaja. 3 (3) Partneriks võib olla: 1 1) juriidiline isik või valitsusväline organisatsioon, kellel on taotlejaga ühine majanduslik või sotsiaalne eesmärk, mis saavutatakse projekti rakendamise teel, ning kes on aktiivselt seotud projekti rakendamisega ja aitab sellele tõhusalt kaasa. Partneriks ei ole projektile teenust osutav isik, kes oma töö eest toetuse saajale arve esitab; 2 2) juriidiline isik või valitsusväline organisatsioon, mille asukohamaa on Eesti, Norra, mõni teine abisaajariik või Venemaa. Abisaajariigid on Bulgaaria, Horvaatia, Küpros, Tšehhi, Ungari, Läti, Leedu, Malta, Poola, Rumeenia, Slovakkia ja Sloveenia. Partneriks võib olla: juriidiline isik või valitsusväline organisatsioon, kellel on taotlejaga ühine majanduslik või sotsiaalne eesmärk, mis saavutatakse projekti rakendamise teel, ning kes on aktiivselt seotud projekti rakendamisega ja aitab sellele tõhusalt kaasa. Partneriks ei ole projektile teenust osutav isik, kes oma töö eest toetuse saajale arve esitab; juriidiline isik või valitsusväline organisatsioon, mille asukohamaa on Eesti, Norra, mõni teine abisaajariik või Venemaa. Abisaajariigid on Bulgaaria, Horvaatia, Küpros, Tšehhi, Ungari, Läti, Leedu, Malta, Poola, Rumeenia, Slovakkia ja Sloveenia. 4 (4) Partner kinnitab enda nõuetele vastavust taotluse lisaks oleva kinnituskirja allkirjastamisega. Partner kinnitab",true,inForce,2021-12-20,2029-07-23,estleg:Reg_1053078_Par_14_v1053078
estleg:Reg_1053078_Par_15,estleg:Reg_1053078_Map,§ 15.,,1 (1) Taotlus peab vastama järgmistele nõuetele: 1 1) taotlus on esitatud struktuuritoetuste e-toetuse keskkonna (edaspidi e-toetuse keskkond) kaudu ja selles etteantud vormil koos lõikes 2 nimetatud dokumentidega; 2 2) taotluse on allkirjastanud taotleja esindusõiguslik isik; 3 3) toetust taotletakse määruse §-s 5 sätestatud eesmärkidel ja §-s 6 nimetatud toetatavatele tegevustele; 4 4) toetatavate tegevuste elluviimiseks taotletava toetuse summa ja selle osakaal abikõlblikest kuludest vastavad määruses sätestatule; 5 5) taotlus sisaldab partneri kaasamisel partneri andmeid ja partneri tehtavaid toetatavaid tegevusi; 6 6) toetatavad tegevused tehakse määruses sätestatud abikõlblikkuse perioodil; 7 7) projekti tegevuse väljundinäitaja sihttasemega panustatakse projekti tulemuse sihttasemesse; 8 8) toetatavate tegevuste elluviimise koht on Eestis või projektipartneri asukohariigis; 9 9) taotluses on kirjeldatud projekti jätkusuutlikkust ja selle tagamisega seotud kulude katmise allikaid; 10 10) muud määruses sätestatud nõuded. Taotlus peab vastama järgmistele nõuetele: taotlus on esitatud struktuuritoetuste e-toetuse keskkonna (edaspidi e-toetuse keskkond) kaudu ja selles etteantud vormil koos lõikes 2 nimetatud dokumentidega; taotluse on allkirjastanud taotleja esindusõiguslik isik; toetust taotletakse määruse §-s 5 sätestatud eesmärkidel ja §-s 6 nimetatud toetatavatele tegevustele; toetatavate tegevuste elluviimiseks taotletava toetuse summa ja selle osakaal abikõlblikest kuludest vastavad määruses sätestatule; taotlus sisaldab partneri kaasamisel partneri andmeid ja partneri tehtavaid toetatavaid tegevusi; toetatavad tegevused tehakse määruses sätestatud abikõlblikkuse perioodil; projekti tegevuse väljundinäitaja sihttasemega panustatakse projekti tulemuse sihttasemesse; toetatavate tegevuste elluviimise koht on Eestis või projektipartneri asukohariigis; taotluses on kirjeldatud projekti jätkusuutlikkust ja selle tagamisega seotud kulude katmise allikaid; muud mä,true,inForce,2021-12-20,2029-07-23,estleg:Reg_1053078_Par_15_v1053078
estleg:Reg_1053078_Par_16,estleg:Reg_1053078_Map,§ 16.,,"1 (1) Programmioperaator esitab rakendusüksusele taotlusvooru avamise tingimused, milles on sätestatud taotlusvooru tähtaeg ja eelarve ning projektile antava toetuse vähim ja suurim summa. Programmioperaator esitab rakendusüksusele taotlusvooru avamise tingimused, milles on sätestatud taotlusvooru tähtaeg ja eelarve ning projektile antava toetuse vähim ja suurim summa. 2 (2) Rakendusüksus teavitab taotluste esitamise tähtajast ja taotlusvooru eelarvest, toetuse andmise tingimustest, kontaktisikust ja toetuse andmise tingimuste infopäevast vähemalt ühes üleriigilise levikuga päevalehes ja oma veebilehel vähemalt viis kalendripäeva enne taotlusvooru avamise päeva. Rakendusüksus teavitab taotluste esitamise tähtajast ja taotlusvooru eelarvest, toetuse andmise tingimustest, kontaktisikust ja toetuse andmise tingimuste infopäevast vähemalt ühes üleriigilise levikuga päevalehes ja oma veebilehel vähemalt viis kalendripäeva enne taotlusvooru avamise päeva. 3 (3) Taotlusvoor peab olema avatud minimaalselt 60 kalendripäeva. Taotlusvoor peab olema avatud minimaalselt 60 kalendripäeva. 4 (4) Taotlusvooru rakendusüksuse kontaktisikust antakse teada taotlusvooru väljakuulutamise teates. Kõigile küsimustele vastatakse hiljemalt viie tööpäeva jooksul. Vastused korduma kippuvatele küsimustele avaldatakse rakendusüksuse kodulehe taotlusvooru leheküljel. Taotlusvooru rakendusüksuse kontaktisikust antakse teada taotlusvooru väljakuulutamise teates. Kõigile küsimustele vastatakse hiljemalt viie tööpäeva jooksul. Vastused korduma kippuvatele küsimustele avaldatakse rakendusüksuse kodulehe taotlusvooru leheküljel.",true,inForce,2021-12-20,2029-07-23,estleg:Reg_1053078_Par_16_v1053078
estleg:Reg_1053078_Par_17,estleg:Reg_1053078_Map,§ 17.,,"1 (1) Taotleja esitab toetuse saamiseks rakendusüksusele taotluse hiljemalt taotlusvooru väljakuulutamise teates sätestatud tähtpäevaks e-toetuse keskkonna kaudu. Taotleja esitab toetuse saamiseks rakendusüksusele taotluse hiljemalt taotlusvooru väljakuulutamise teates sätestatud tähtpäevaks e-toetuse keskkonna kaudu. 2 (2) Taotleja võib taotlusvoorus esitada ühe taotluse. Taotleja võib taotlusvoorus esitada ühe taotluse. 3 (3) Kui e-toetuse keskkonna töös esineb tehniline viga, mis takistab taotluse tähtaegset esitamist, loetakse taotluse esitamise tähtpäevaks järgmine tööpäev pärast vea likvideerimist. Kui e-toetuse keskkonna töös esineb tehniline viga, mis takistab taotluse tähtaegset esitamist, loetakse taotluse esitamise tähtpäevaks järgmine tööpäev pärast vea likvideerimist.",true,inForce,2021-12-20,2029-07-23,estleg:Reg_1053078_Par_17_v1053078
estleg:Reg_1053078_Par_18,estleg:Reg_1053078_Map,§ 18.,,"1 (1) Pärast taotluste esitamise tähtaja möödumist suletakse e-toetuse keskkonnas taotluste esitamise võimalus. Kui taotlus esitatakse pärast taotluste esitamise tähtaja möödumist ja tähtaja ennistamiseks puudub alus, jäetakse taotlus läbi vaatamata ning tagastatakse. Kui e-toetuse keskkonna töös esineb tehniline viga, mis takistab taotluse tähtaegset esitamist, loetakse taotluse esitamise tähtpäevaks järgmine tööpäev pärast vea likvideerimist. Pärast taotluste esitamise tähtaja möödumist suletakse e-toetuse keskkonnas taotluste esitamise võimalus. Kui taotlus esitatakse pärast taotluste esitamise tähtaja möödumist ja tähtaja ennistamiseks puudub alus, jäetakse taotlus läbi vaatamata ning tagastatakse. Kui e-toetuse keskkonna töös esineb tehniline viga, mis takistab taotluse tähtaegset esitamist, loetakse taotluse esitamise tähtpäevaks järgmine tööpäev pärast vea likvideerimist. 2 (2) Rakendusüksus teeb taotlusele esmase abikõlblikkuse nõuetele vastavuse kontrolli kümne tööpäeva jooksul pärast taotluste esitamise tähtaega. Taotluse menetlemise aeg pikeneb taotluses esinevate puuduste kõrvaldamiseks antud tähtaja võrra. Rakendusüksus teeb taotlusele esmase abikõlblikkuse nõuetele vastavuse kontrolli kümne tööpäeva jooksul pärast taotluste esitamise tähtaega. Taotluse menetlemise aeg pikeneb taotluses esinevate puuduste kõrvaldamiseks antud tähtaja võrra. 3 (3) Rakendusüksus võib taotluse menetlemise käigus nõuda taotlejalt selgitusi ja lisadokumente taotluses esitatud andmete kohta või taotluse parandamist. Parandused võivad olla seotud tehniliste eksimustega numbrites, ajakavas, näitajates või abikõlbmatu kuluga projekti eelarves. Viimasel juhul palub rakendusüksus abikõlbmatud kulud välja võtta ja vähendada samaväärselt ka küsitava toetuse suurust. Rakendusüksus viitab konkreetsele peatükile taotluses, mille kohta palutakse selgitusi või lisadokumente. Taotlejale antakse puuduste kõrvaldamiseks aega kuni kümme tööpäeva. Kui puudus kõrvaldatakse, loetakse puudusega ",true,inForce,2021-12-20,2029-07-23,estleg:Reg_1053078_Par_18_v1053078
estleg:Reg_1053078_Par_19,estleg:Reg_1053078_Map,§ 19.,,"1 (1) Rakendusüksus tunnistab taotleja ja partneri vastavaks juhul, kui nad vastavad määruse §-s 14 sätestatud nõuetele. Rakendusüksus tunnistab taotleja ja partneri vastavaks juhul, kui nad vastavad määruse §-s 14 sätestatud nõuetele. 2 (2) Rakendusüksus tunnistab taotluse nõuetele vastavaks juhul, kui ei esine ühtegi alljärgnevatest asjaoludest: 1 1) taotlus ei vasta määruse §-s 15 sätestatud nõuetele ja taotleja ei ole taotluses esinevaid puudusi määratud tähtaja jooksul kõrvaldanud; 2 2) taotlust on muudetud osas, millele rakendusüksus puuduste kõrvaldamisel ei osutanud; 3 3) taotleja ei võimalda tuvastada taotluses esitatud andmete õigsust. Rakendusüksus tunnistab taotluse nõuetele vastavaks juhul, kui ei esine ühtegi alljärgnevatest asjaoludest: taotlus ei vasta määruse §-s 15 sätestatud nõuetele ja taotleja ei ole taotluses esinevaid puudusi määratud tähtaja jooksul kõrvaldanud; taotlust on muudetud osas, millele rakendusüksus puuduste kõrvaldamisel ei osutanud; taotleja ei võimalda tuvastada taotluses esitatud andmete õigsust. 3 (3) Kui taotlejat, partnerit või taotlust ei tunnistata vastavaks, teeb rakendusüksus taotluse rahuldamata jätmise otsuse. Kui taotlejat, partnerit või taotlust ei tunnistata vastavaks, teeb rakendusüksus taotluse rahuldamata jätmise otsuse.",true,inForce,2021-12-20,2029-07-23,estleg:Reg_1053078_Par_19_v1053078
estleg:Reg_1053078_Par_2,estleg:Reg_1053078_Map,§ 2.,,"Käesolevas määruses kasutatakse termineid järgmises tähenduses: 1 1) sihttase – väljundi- või tulemusnäitaja lõppväärtus, mis saavutatakse abikõlblikkuse perioodi lõpuks; 2 2) sotsiaalpartner – ametiühingute või tööandjate esindusorganisatsioon; 3 3) taastav õigus – lähenemine õigusrikkumistele ja konfliktidele viisil, mis võimaldab konflikti tõttu tekkinud kahju heastada. See põhineb lahendusprotsessidel, milles osalevad aktiivselt kõik mõjutatud osapooled ning mille eesmärk on tervendada kõiki osapooli ja luua turvaline kogukond; 4 4) teavituskampaania – tegevused ja erinevas formaadis infomaterjalid, mille eesmärk on suurendada spetsialistide, konkreetsete sihtrühmade või üldsuse teadlikkust taastavast õigusest; 5 5) toetus – toetuse taotluses (edaspidi taotlus) kirjeldatud tegevuste elluviimiseks ja tulemuste saavutamiseks mõeldud sihtotstarbeline kaasrahastus, mis moodustub 85% ulatuses Norra finantsmehhanismi vahenditest ja 15% ulatuses Eesti riigi programmitasandi kaasfinantseeringust; 6 6) toetuse saaja – taotleja, kelle taotlus on saanud rahuldamise otsuse ning kes viib ellu määruse alusel toetatavat projekti; 7 7) tulemus – projekti raames välja töötatud väljundite lühiajaline ja keskmine mõju lõppkasusaajatele; 8 8) valitsusväline organisatsioon – juriidilise isikuna moodustatud mitteärilise eesmärgiga vabatahtlik mittetulundusühing või sihtasutus, mis on sõltumatu kohalikust omavalitsusest ja keskvalitsusest, avaliku sektori asutustest, poliitilistest parteidest ja äriühingutest. Religioosseid institutsioone ja poliitilisi parteisid ei käsitata valitsusväliste organisatsioonidena; 9 9) väljund – projekti raames loodud toode või osutatud teenus. Väljundi saab otseselt seostada elluviidud tegevuse ja selleks tehtud kulutustega. Väljundi saavutamine on toetuse saaja otsese kontrolli all. Käesolevas määruses kasutatakse termineid järgmises tähenduses: sihttase – väljundi- või tulemusnäitaja lõppväärtus, mis saavutatakse abikõlblikkuse perioodi lõpuks; sotsia",true,inForce,2021-12-20,2029-07-23,estleg:Reg_1053078_Par_2_v1053078
estleg:Reg_1053078_Par_20,estleg:Reg_1053078_Map,§ 20.,,"1 (1) Vastavaks tunnistatud taotluste hindamist korraldab rakendusüksus. Vastavaks tunnistatud taotluste hindamist korraldab rakendusüksus. 2 (2) Igat taotlust hindab kaks erapooletut, sõltumatut ja usaldusväärset eksperti. Ekspert ei või olla isik, kes on jõustunud kohtuotsuse alusel süüdi mõistetud ametialases süüteos või karistusseadustiku §-de 209–212, 2172 või 280 alusel ning kelle karistusandmeid ei ole karistusregistri seaduse alusel kustutatud ja arhiivi kantud. Ekspertide valimise korraldab rakendusüksus ja ekspertide nimekirja kinnitab programmioperaator. Igat taotlust hindab kaks erapooletut, sõltumatut ja usaldusväärset eksperti. Ekspert ei või olla isik, kes on jõustunud kohtuotsuse alusel süüdi mõistetud ametialases süüteos või karistusseadustiku §-de 209–212, 2172 või 280 alusel ning kelle karistusandmeid ei ole karistusregistri seaduse alusel kustutatud ja arhiivi kantud. Ekspertide valimise korraldab rakendusüksus ja ekspertide nimekirja kinnitab programmioperaator. 3 (3) Eksperdid peavad eelnevalt kirjalikus vormis kinnitama oma sõltumatust ja erapooletust vastava projekti hindamisel ning menetluse käigus taotleja kohta saadud informatsiooni mitteavaldamist. Kui ekspert on seotud vähemalt ühe taotlusvooru esitatud projekti ettevalmistamisega või toetuse taotlejaga või partneriga, kohustub ta viivitamata teavitama rakendusüksust huvide konfliktist ning taandama ennast taotlusvooru projektide hindamisest. Huvide konflikti korral valib rakendusüksus projekti hindama teise sama valdkonna eksperdi. Eksperdid peavad eelnevalt kirjalikus vormis kinnitama oma sõltumatust ja erapooletust vastava projekti hindamisel ning menetluse käigus taotleja kohta saadud informatsiooni mitteavaldamist. Kui ekspert on seotud vähemalt ühe taotlusvooru esitatud projekti ettevalmistamisega või toetuse taotlejaga või partneriga, kohustub ta viivitamata teavitama rakendusüksust huvide konfliktist ning taandama ennast taotlusvooru projektide hindamisest. Huvide konflikti korra",true,inForce,2021-12-20,2029-07-23,estleg:Reg_1053078_Par_20_v1053078
estleg:Reg_1053078_Par_21,estleg:Reg_1053078_Map,§ 21.,,"1 (1) Taotluse rahuldamise või rahuldamata jätmise otsuse teeb rakendusüksus, lähtudes hindamiskomisjoni ettepanekust, hindamislehest ja määruse § 20 lõikes 11 nimetatud hindamiskomisjoni protokollist. Taotluse rahuldamise või rahuldamata jätmise otsuse teeb rakendusüksus, lähtudes hindamiskomisjoni ettepanekust, hindamislehest ja määruse § 20 lõikes 11 nimetatud hindamiskomisjoni protokollist. 2 (2) Taotluse rahuldamise otsuses täpsustatakse toetuse saaja õigusi ja kohustusi, muu hulgas märgitakse: 1 1) projekti eesmärk, toetatavad tegevused ja nende elluviimise eeldatav ajakava; 2 2) projekti elluviimise tingimused; 3 3) projekti abikõlblikkuse periood; 4 4) projekti eelarve koos toetuse ja omafinantseeringu osakaaluga; 5 5) projekti aruandluse tingimused; 6 6) makse esitamise ja maksete teostamise tingimused; 7 7) teave riigiabi, sealhulgas grupierandiga hõlmatud riigiabi või vähese tähtsusega abi andmise kohta, kui tegemist on sellise abi andmisega; 8 8) projekti elluviimise perioodil projektitegevuste tulemusena teenitav tulu; 9 9) projekti tegevuste väljundinäitajad ja tulemusnäitajad koos sihttasemetega; 10 10) projekti elluviimisele seatud kõrvaltingimused; 11 11) projektiga seotud dokumentide säilitamise lõpptähtaeg. Taotluse rahuldamise otsuses täpsustatakse toetuse saaja õigusi ja kohustusi, muu hulgas märgitakse: projekti eesmärk, toetatavad tegevused ja nende elluviimise eeldatav ajakava; projekti elluviimise tingimused; projekti abikõlblikkuse periood; projekti eelarve koos toetuse ja omafinantseeringu osakaaluga; projekti aruandluse tingimused; makse esitamise ja maksete teostamise tingimused; teave riigiabi, sealhulgas grupierandiga hõlmatud riigiabi või vähese tähtsusega abi andmise kohta, kui tegemist on sellise abi andmisega; projekti elluviimise perioodil projektitegevuste tulemusena teenitav tulu; projekti tegevuste väljundinäitajad ja tulemusnäitajad koos sihttasemetega; projekti elluviimisele seatud kõrvaltingimused; projektiga seotud dokument",true,inForce,2021-12-20,2029-07-23,estleg:Reg_1053078_Par_21_v1053078
estleg:Reg_1053078_Par_22,estleg:Reg_1053078_Map,§ 22.,,"1 (1) Rakendusüksusel on õigus teha taotlejale ettepanek parandada või uuendada taotluses kirjeldatud tegevusi ja eelarvet eeldusel, et taotletava toetuse suurus ega toetuse määr ei suurene, välja arvatud formaalsete eksimuste parandamiseks. Taotlejal on õigus taotlust parandada või uuendada ainult rakendusüksuse viidatud mahus. Rakendusüksusel on õigus teha taotlejale ettepanek parandada või uuendada taotluses kirjeldatud tegevusi ja eelarvet eeldusel, et taotletava toetuse suurus ega toetuse määr ei suurene, välja arvatud formaalsete eksimuste parandamiseks. Taotlejal on õigus taotlust parandada või uuendada ainult rakendusüksuse viidatud mahus. 2 (2) Taotluse võib osaliselt rahuldada järgmistel juhtudel: 1 1) projekti eesmärgid, tulemuste ja väljundite sihttasemed on saavutatavad ka taotluses kirjeldatust väiksema projekti kogumaksumuse summaga; 2 2) toetust on osaliselt taotletud sellistele tegevustele või selliste kulude katteks, mis ei ole abikõlblikud või projekti eesmärkide, tulemuste või väljundite seisukohast põhjendatud. Taotluse võib osaliselt rahuldada järgmistel juhtudel: projekti eesmärgid, tulemuste ja väljundite sihttasemed on saavutatavad ka taotluses kirjeldatust väiksema projekti kogumaksumuse summaga; toetust on osaliselt taotletud sellistele tegevustele või selliste kulude katteks, mis ei ole abikõlblikud või projekti eesmärkide, tulemuste või väljundite seisukohast põhjendatud. 3 (3) Taotluse võib osaliselt rahuldada tingimusel, et taotleja on nõus rakendusüksuse ettepanekuga taotletud toetuse summat vähendada või projektis kavandatud tegevusi muuta. Taotluse võib osaliselt rahuldada tingimusel, et taotleja on nõus rakendusüksuse ettepanekuga taotletud toetuse summat vähendada või projektis kavandatud tegevusi muuta.",true,inForce,2021-12-20,2029-07-23,estleg:Reg_1053078_Par_22_v1053078
estleg:Reg_1053078_Par_23,estleg:Reg_1053078_Map,§ 23.,,"1 (1) Taotluse rahuldamise otsust muudetakse kas rakendusüksuse algatusel või programmioperaatori või toetuse saaja sellekohase kirjaliku avalduse alusel e-toetuse keskkonnas. Taotluse rahuldamise otsust muudetakse kas rakendusüksuse algatusel või programmioperaatori või toetuse saaja sellekohase kirjaliku avalduse alusel e-toetuse keskkonnas. 2 (2) Toetuse saaja võib taotluse rahuldamise otsuse muutmise avaldust esitamata projekti tegevuste eelarve abikõlblike kulude summasid kuni 15% ulatuses projekti abikõlblike kulupeatükkide vahel ümber tõsta tingimusel, et projekti abikõlblike kulude kogumaht ja toetuse osakaal ei muutu. Otseseid personalikulusid ja kaudseid kulusid vaadeldakse ühtse kulupeatükina. Muudatus kooskõlastatakse eelnevalt rakendusüksusega kirjalikku taasesitamist võimaldavas vormis. Toetuse saaja võib taotluse rahuldamise otsuse muutmise avaldust esitamata projekti tegevuste eelarve abikõlblike kulude summasid kuni 15% ulatuses projekti abikõlblike kulupeatükkide vahel ümber tõsta tingimusel, et projekti abikõlblike kulude kogumaht ja toetuse osakaal ei muutu. Otseseid personalikulusid ja kaudseid kulusid vaadeldakse ühtse kulupeatükina. Muudatus kooskõlastatakse eelnevalt rakendusüksusega kirjalikku taasesitamist võimaldavas vormis. 3 (3) Rakendusüksus kontrollib enne otsuse tegemist muudatuste asjakohasust ja vajalikkust, kui soovitakse muuta: 1 1) toetatavat tegevust või selle ulatust või jäetakse tegevus ära või lisatakse täiendav tegevus; 2 2) toetatava tegevusega saavutatavat väljundinäitajat, tulemusnäitajat või nende sihttaset; 3 3) projekti abikõlblike kulude kogumahtu või toetuse osakaalu abikõlblikest kuludest; 4 4) projekti abikõlblikkuse perioodi; 5 5) taotluse rahuldamise otsuses nimetatud muud asjaolu. Rakendusüksus kontrollib enne otsuse tegemist muudatuste asjakohasust ja vajalikkust, kui soovitakse muuta: toetatavat tegevust või selle ulatust või jäetakse tegevus ära või lisatakse täiendav tegevus; toetatava tegevusega saavutatava",true,inForce,2021-12-20,2029-07-23,estleg:Reg_1053078_Par_23_v1053078
estleg:Reg_1053078_Par_24,estleg:Reg_1053078_Map,§ 24.,,"1 (1) Rakendusüksus tunnistab taotluse rahuldamise otsuse osaliselt või täielikult kehtetuks, kui: 1 1) ilmneb asjaolu, mille korral taotlust ei oleks rahuldatud või taotlus oleks rahuldatud osaliselt; 2 2) taotlemisel või projekti elluviimisel on teadlikult esitatud ebaõiget või mittetäielikku teavet või teave on jäetud teadlikult esitamata; 3 3) kõrvaltingimusega taotluse rahuldamise otsuse korral kõrvaltingimus ei saabu või kõrvaltingimust ei suudeta täita; 4 4) toetuse saaja avaldust taotluse rahuldamise otsust muuta ei rahuldata ja toetuse saajal ei ole toetuse kasutamist ettenähtud tingimustel võimalik jätkata; 5 5) toetuse saaja esitab avalduse toetuse kasutamisest loobumise kohta. Rakendusüksus tunnistab taotluse rahuldamise otsuse osaliselt või täielikult kehtetuks, kui: ilmneb asjaolu, mille korral taotlust ei oleks rahuldatud või taotlus oleks rahuldatud osaliselt; taotlemisel või projekti elluviimisel on teadlikult esitatud ebaõiget või mittetäielikku teavet või teave on jäetud teadlikult esitamata; kõrvaltingimusega taotluse rahuldamise otsuse korral kõrvaltingimus ei saabu või kõrvaltingimust ei suudeta täita; toetuse saaja avaldust taotluse rahuldamise otsust muuta ei rahuldata ja toetuse saajal ei ole toetuse kasutamist ettenähtud tingimustel võimalik jätkata; toetuse saaja esitab avalduse toetuse kasutamisest loobumise kohta. 2 (2) Taotluse rahuldamise otsuse täielikult kehtetuks tunnistamisel leping lõpeb. Toetuse saajal tuleb kehtetuks tunnistatud taotluse rahuldamise otsuses nimetatud summa ulatuses saadud toetus tagastada. Taotluse rahuldamise otsuse täielikult kehtetuks tunnistamisel leping lõpeb. Toetuse saajal tuleb kehtetuks tunnistatud taotluse rahuldamise otsuses nimetatud summa ulatuses saadud toetus tagastada.",true,inForce,2021-12-20,2029-07-23,estleg:Reg_1053078_Par_24_v1053078
estleg:Reg_1053078_Par_25,estleg:Reg_1053078_Map,§ 25.,,"1 (1) Toetuse saaja esitab rakendusüksusele projekti elluviimise kohta vahearuaruande vähemalt üks kord aastas vastavalt taotluse rahuldamise otsuses sätestatud tähtaegadele. Taotluse rahuldamise otsuses võib ette näha sagedasema aruande esitamise korra. Toetuse saaja esitab rakendusüksusele projekti elluviimise kohta vahearuaruande vähemalt üks kord aastas vastavalt taotluse rahuldamise otsuses sätestatud tähtaegadele. Taotluse rahuldamise otsuses võib ette näha sagedasema aruande esitamise korra. 2 (2) Kui projekti abikõlblikkuse periood on kuni 18 kuud, esitab toetuse saaja rakendusüksusele ainult projekti lõpparuande. Kui projekti abikõlblikkuse periood on kuni 18 kuud, esitab toetuse saaja rakendusüksusele ainult projekti lõpparuande. 3 (3) Toetuse saaja esitab rakendusüksusele projekti lõpparuande 45 päeva jooksul alates projekti abikõlblikkuse perioodi lõppkuupäevast. Toetuse saaja esitab rakendusüksusele projekti lõpparuande 45 päeva jooksul alates projekti abikõlblikkuse perioodi lõppkuupäevast. 4 (4) Kui projekti vahearuande esitamise tähtpäeva ja lõpparuande prognoositava esitamise vahe on vähem kui kuus kuud, esitatakse ainult projekti lõpparuanne. Kui projekti vahearuande esitamise tähtpäeva ja lõpparuande prognoositava esitamise vahe on vähem kui kuus kuud, esitatakse ainult projekti lõpparuanne. 5 (5) Projekti vahearuanded ja lõpparuanne esitatakse e-toetuse keskkonna kaudu. Projekti vahearuanded ja lõpparuanne esitatakse e-toetuse keskkonna kaudu. 6 (6) Projekti vahe- ja lõpparuandes peab olema kajastatud vähemalt järgmine teave: 1 1) taotluse rahuldamise otsuses sätestatud andmed projekti kohta, sealhulgas projekti nimi, projekti number, toetuse saaja nimi; 2 2) projekti aruandlusperiood kumulatiivselt; 3 3) andmed projekti progressi kohta, sealhulgas tehtud tööd ja tegevused, hanked, tulemuste saavutamine; 4 4) väljundi- ja tulemusnäitajate kumulatiivne täitmine; 5 5) riskihinnang ja projekti muudatused; 6 6) hinnang projekti tulemuslikkusele, ellu",true,inForce,2021-12-20,2029-07-23,estleg:Reg_1053078_Par_25_v1053078
estleg:Reg_1053078_Par_26,estleg:Reg_1053078_Map,§ 26.,,"1 (1) Toetuse maksmisel lähtutakse määrusest ning taotluse rahuldamise otsuses sätestatud maksete tegemise täpsustavatest tingimustest ja korrast. Toetuse maksmisel lähtutakse määrusest ning taotluse rahuldamise otsuses sätestatud maksete tegemise täpsustavatest tingimustest ja korrast. 2 (2) Toetuse maksmise eelduseks on taotluse rahuldamise otsus, rakendusüksuse ja toetuse saaja poolt allkirjastatud leping projekti elluviimiseks, toetuse saaja ja partnerite vahel sõlmitud partnerluslepingud ja kulude abikõlblikkus, sealhulgas kulude aluseks olevate tegevuste abikõlblikkus. Toetuse maksmise eelduseks on taotluse rahuldamise otsus, rakendusüksuse ja toetuse saaja poolt allkirjastatud leping projekti elluviimiseks, toetuse saaja ja partnerite vahel sõlmitud partnerluslepingud ja kulude abikõlblikkus, sealhulgas kulude aluseks olevate tegevuste abikõlblikkus. 3 (3) Toetuse saajal, kellel puudub riikliku sildfinantseerimise taotlemise võimalus, on võimalik taotleda toetuse ettemakset. Projekti esimene toetuse ettemakse võib moodustada kuni 20% projektile eraldatud toetusest. Järgmist toetuse ettemakset on toetuse saajal võimalik taotleda siis, kui 70% eelmisest ettemaksest on kasutatud abikõlblike kulude katteks ja rakendusüksus on kulud heaks kiitnud. Minimaalselt 15% projektile eraldatud toetusest jääb lõppmakseks, mis makstakse toetuse saajale välja ühe kuu jooksul pärast lõpparuande kinnitamist rakendusüksuse poolt. Toetuse saajal, kellel puudub riikliku sildfinantseerimise taotlemise võimalus, on võimalik taotleda toetuse ettemakset. Projekti esimene toetuse ettemakse võib moodustada kuni 20% projektile eraldatud toetusest. Järgmist toetuse ettemakset on toetuse saajal võimalik taotleda siis, kui 70% eelmisest ettemaksest on kasutatud abikõlblike kulude katteks ja rakendusüksus on kulud heaks kiitnud. Minimaalselt 15% projektile eraldatud toetusest jääb lõppmakseks, mis makstakse toetuse saajale välja ühe kuu jooksul pärast lõpparuande kinnitamist rakendusüksuse p",true,inForce,2021-12-20,2029-07-23,estleg:Reg_1053078_Par_26_v1053078
estleg:Reg_1053078_Par_27,estleg:Reg_1053078_Map,§ 27.,,"1 (1) Toetuse saaja tagab projekti eduka elluviimise taotluse rahuldamise otsuses ja lepingus fikseeritud tähtaegade ja tingimuste kohaselt ning: 1 1) kogub ja esitab rakendusüksusele andmeid projekti väljundi- ja tulemusnäitajate kohta, mis on vajalikud projekti tulemuste ja eesmärkide hindamiseks, sealhulgas esitab kirjalikku taasesitamist võimaldavas vormis projekti tegevustesse kaasatud isikute nimed koos allkirjadega; 2 2) ei võta tööle Eestis seadusliku aluseta viibivat isikut; 3 3) peab arvestust projekti kestel projekti tegevustega teenitud tulude kohta; 4 4) järgib projekti raames läbiviidavate ostumenetluste puhul riigihangete seaduse §-s 3 sätestatud hangete korraldamise üldpõhimõtteid, kasutades rahalisi vahendeid säästlikult ja otstarbekalt, saavutades hanke eesmärgi mõistliku hinnaga ning tagades konkurentsi korral erinevate pakkumuste võrdlemise teel parima võimaliku hinna ja kvaliteedi suhte; 5 5) punktis 4 nimetatud juhul teeb kirjalikku taasesitamist võimaldavas vormis ettepaneku vähemalt kolmele erapooletule pakkujale pakkumuse esitamiseks, kui teenuse, asja või ehitustöö eeldatav maksumus ilma käibemaksuta on 5000 eurot või rohkem; 6 6) järgib hangete tegemisel riigihangete seadust, kui ta on hankija riigihangete seaduse § 5 tähenduses; 7 7) annab vajaduse korral rakendusüksusele ja programmioperaatorile jooksvalt infot projekti elluviimise ja tulemuste saavutamise kohta ning võimaldab viivitamata auditit või järelevalvet tegevatel isikutel või asutustel kontrollida projekti elluviimisega seotud dokumente või teha kohapealset kontrolli; 8 8) säilitab toetuse kasutamisega seotud dokumente vähemalt kuni 31.12.2028; 9 9) korraldab vähemalt kaks projekti tegevusi ja tulemusi kajastavat avalikku üritust, näiteks ava- ja lõpuseminar, pressikonverents, uuringututvustus, ning loob projekti kodulehe, mis võib olla organisatsiooni kodulehe alaleht, kus on kajastatud toetuse summa, projekti abikõlblikkuse periood, samuti kõik olulisemad projektiga seotud te",true,inForce,2021-12-20,2029-07-23,estleg:Reg_1053078_Par_27_v1053078
estleg:Reg_1053078_Par_28,estleg:Reg_1053078_Map,§ 28.,,"1 (1) Toetuse saajal ja partneril on õigus saada rakendusüksuselt informatsiooni ja nõuandeid, mis on seotud õigusaktides sätestatud nõuete ja toetuse saaja kohustustega. Toetuse saajal ja partneril on õigus saada rakendusüksuselt informatsiooni ja nõuandeid, mis on seotud õigusaktides sätestatud nõuete ja toetuse saaja kohustustega. 2 (2) Toetuse saajal on õigus esitada taotluse rahuldamise otsuse muutmise taotlus, kui projekti käik seda nõuab. Toetuse saajal on õigus esitada taotluse rahuldamise otsuse muutmise taotlus, kui projekti käik seda nõuab. 3 (3) Toetuse saajal on ärakuulamisõigus ning oma seisukohtade, argumentide ja tõendite esitamise ja puuduste kõrvaldamise õigus enne: 1 1) toetuse saaja suhtes ettekirjutuse tegemist; 2 2) taotluse rahuldamise otsuse kehtetuks tunnistamist või muutmist, välja arvatud juhul, kui toetuse saaja taotlus rahuldatakse täielikult; 3 3) toetuse saaja suhtes finantskorrektsiooni otsuse tegemist. Toetuse saajal on ärakuulamisõigus ning oma seisukohtade, argumentide ja tõendite esitamise ja puuduste kõrvaldamise õigus enne: toetuse saaja suhtes ettekirjutuse tegemist; taotluse rahuldamise otsuse kehtetuks tunnistamist või muutmist, välja arvatud juhul, kui toetuse saaja taotlus rahuldatakse täielikult; toetuse saaja suhtes finantskorrektsiooni otsuse tegemist.",true,inForce,2021-12-20,2029-07-23,estleg:Reg_1053078_Par_28_v1053078
estleg:Reg_1053078_Par_29,estleg:Reg_1053078_Map,§ 29.,,"Rakendusüksus on kohustatud: 1 1) teavitama avalikkust ja võimalikke taotlejaid toetuse saamise võimalusest ja taotlemise korrast; 2 2) menetlema esitatud taotlusi ja otsustama taotluste rahuldamise või rahuldamata jätmise; 3 3) menetlema makseid, sealhulgas võib rakendusüksus maksetaotluse menetlemise peatada, toetuse välja maksta või jätta välja maksmata; 4 4) otsustama taotluse rahuldamise otsuse täielikult või osaliselt kehtetuks tunnistamise; 5 5) tegema finantskorrektsiooni otsuse ja nõudma tagasi aluseta väljamakstud toetuse; 6 6) koguma ja edastama programmioperaatorile toetuse saajatelt saadud väljundi- ja tulemusnäitajate andmeid, mis on vajalikud programmi seireülesannete täitmiseks; 7 7) täitma muid programmioperaatori poolt rakendusüksusele delegeeritud ülesandeid. Rakendusüksus on kohustatud: teavitama avalikkust ja võimalikke taotlejaid toetuse saamise võimalusest ja taotlemise korrast; menetlema esitatud taotlusi ja otsustama taotluste rahuldamise või rahuldamata jätmise; menetlema makseid, sealhulgas võib rakendusüksus maksetaotluse menetlemise peatada, toetuse välja maksta või jätta välja maksmata; otsustama taotluse rahuldamise otsuse täielikult või osaliselt kehtetuks tunnistamise; tegema finantskorrektsiooni otsuse ja nõudma tagasi aluseta väljamakstud toetuse; koguma ja edastama programmioperaatorile toetuse saajatelt saadud väljundi- ja tulemusnäitajate andmeid, mis on vajalikud programmi seireülesannete täitmiseks; täitma muid programmioperaatori poolt rakendusüksusele delegeeritud ülesandeid.",true,inForce,2021-12-20,2029-07-23,estleg:Reg_1053078_Par_29_v1053078
estleg:Reg_1053078_Par_3,estleg:Reg_1053078_Map,§ 3.,,1 (1) Programmi „Kohalik areng ja vaesuse vähendamine” programmioperaatori ülesandeid täidab Sotsiaalministeerium (edaspidi programmioperaator). Programmi „Kohalik areng ja vaesuse vähendamine” programmioperaatori ülesandeid täidab Sotsiaalministeerium (edaspidi programmioperaator). 2 (2) Programmi „Kohalik areng ja vaesuse vähendamine” rakendusüksuse ülesandeid täidab Riigi Tugiteenuste Keskus (edaspidi rakendusüksus). Programmi „Kohalik areng ja vaesuse vähendamine” rakendusüksuse ülesandeid täidab Riigi Tugiteenuste Keskus (edaspidi rakendusüksus).,true,inForce,2021-12-20,2029-07-23,estleg:Reg_1053078_Par_3_v1053078
estleg:Reg_1053078_Par_30,estleg:Reg_1053078_Map,§ 30.,,"Finantskorrektsiooni otsus tehakse ja toetus nõutakse tagasi vastavalt perioodi 2014–2020 struktuuritoetuse seaduse §-le 45 ja Vabariigi Valitsuse 1. septembri 2014. a määruse nr 143 „Perioodi 2014–2020 struktuuritoetusest hüvitatavate kulude abikõlblikuks lugemise, toetuse maksmise ning finantskorrektsioonide tegemise tingimused ja kord” §-dele 21–24. Finantskorrektsiooni otsus tehakse ja toetus nõutakse tagasi vastavalt perioodi 2014–2020 struktuuritoetuse seaduse §-le 45 ja Vabariigi Valitsuse 1. septembri 2014. a määruse nr 143 „Perioodi 2014–2020 struktuuritoetusest hüvitatavate kulude abikõlblikuks lugemise, toetuse maksmise ning finantskorrektsioonide tegemise tingimused ja kord” §-dele 21–24.",true,inForce,2021-12-20,2029-07-23,estleg:Reg_1053078_Par_30_v1053078
estleg:Reg_1053078_Par_4,estleg:Reg_1053078_Map,§ 4.,,Programmioperaatori või rakendusüksuse otsust või toimingut on võimalik vaidlustada haldusmenetluse seaduse §-s 73 või halduskohtumenetluse seadustikus sätestatud tingimustel ja korras. Programmioperaatori või rakendusüksuse otsust või toimingut on võimalik vaidlustada haldusmenetluse seaduse §-s 73 või halduskohtumenetluse seadustikus sätestatud tingimustel ja korras.,true,inForce,2021-12-20,2029-07-23,estleg:Reg_1053078_Par_4_v1053078
estleg:Reg_1053078_Par_5,estleg:Reg_1053078_Map,§ 5.,,"1 (1) Toetuse andmise eesmärk on laiendada taastaval õigusel põhinevate lähenemisviiside ja meetodite kasutamist lastele ja noortele mõeldud asutustes, sotsiaal-, lastekaitse- ja noorsootöös, politseis, prokuratuuris, kohtutes, kriminaalhoolduses ja kinnistes asutustes, sealhulgas vanglas, ning ühiskonnas laiemalt. Taotlusvooru lisaeesmärk on koostööprojektide kaudu toetada kogukondlike koostöömudelite teket, mille raames rakendatakse juhtumipõhiselt taastava õiguse meetodeid. Toetuse andmise eesmärk on laiendada taastaval õigusel põhinevate lähenemisviiside ja meetodite kasutamist lastele ja noortele mõeldud asutustes, sotsiaal-, lastekaitse- ja noorsootöös, politseis, prokuratuuris, kohtutes, kriminaalhoolduses ja kinnistes asutustes, sealhulgas vanglas, ning ühiskonnas laiemalt. Taotlusvooru lisaeesmärk on koostööprojektide kaudu toetada kogukondlike koostöömudelite teket, mille raames rakendatakse juhtumipõhiselt taastava õiguse meetodeid. 2 (2) Toetust antakse projektile, mis panustab vähemalt ühte väljundisse, milleks on: 1 1) taastava õiguse teemaline teavituskampaania; 2 2) uus taastava õiguse algatus kriminaaljustiitssüsteemis, koolis või kogukonnas; 3 3) koolitajate koolitamine taastava õiguse alal. Toetust antakse projektile, mis panustab vähemalt ühte väljundisse, milleks on: taastava õiguse teemaline teavituskampaania; uus taastava õiguse algatus kriminaaljustiitssüsteemis, koolis või kogukonnas; koolitajate koolitamine taastava õiguse alal. 3 (3) Toetuse andmine kannab endas eesmärki, et vastavalt laste enesekohase hälbiva käitumise uuringu (ISRD-4) andmetele väheneks aastaks 2023 elu jooksul õigusrikkumisi toime pannud alaealiste osakaal 18%-lt 16%-le. Toetuse andmine kannab endas eesmärki, et vastavalt laste enesekohase hälbiva käitumise uuringu (ISRD-4) andmetele väheneks aastaks 2023 elu jooksul õigusrikkumisi toime pannud alaealiste osakaal 18%-lt 16%-le.",true,inForce,2021-12-20,2029-07-23,estleg:Reg_1053078_Par_5_v1053078
estleg:Reg_1053078_Par_6,estleg:Reg_1053078_Map,§ 6.,,"Taotlusvooru raames toetatakse järgmisi tegevusi: 1 1) uute taastaval õigusel põhinevate meetodite katsetamine töös alaealiste ja noorte õigusrikkujatega; 2 2) taastaval õigusel põhinevate lähenemisviiside ja meetodite katsetamine erinevates keskkondades, sealhulgas lastele ja noortele mõeldud asutustes, sotsiaal-, lastekaitse- ja noorsootöös, politseis, prokuratuuris, kohtus, kriminaalhoolduses ja kinnises asutuses, sealhulgas vanglas; 3 3) teadlikkuse suurendamise tegevused, sealhulgas infopäevad, infomaterjalid, trükised, video- ja helisalvestised; 4 4) kogukonda kaasavad tegevused taastavast õigusest teadlikkuse, teadmiste ja oskuste parandamisel; 5 5) koolitustegevused, sealhulgas koolitused, seminarid, töötoad, kogemuste vahetamine ja koolitajate koolitused; 6 6) katseprojektide elluviimine eesmärgiga luua taastaval õigusel põhinev kogukond, sealhulgas taastav kool, töökoht, linn; 7 7) õppematerjalide, juhendite, juhiste ja muu sellise valmistamine, koostamine, kujundamine ja trükkimine; 8 8) muud toetavad tegevused, mis aitavad laiendada taastava õiguse kasutamist. Taotlusvooru raames toetatakse järgmisi tegevusi: uute taastaval õigusel põhinevate meetodite katsetamine töös alaealiste ja noorte õigusrikkujatega; taastaval õigusel põhinevate lähenemisviiside ja meetodite katsetamine erinevates keskkondades, sealhulgas lastele ja noortele mõeldud asutustes, sotsiaal-, lastekaitse- ja noorsootöös, politseis, prokuratuuris, kohtus, kriminaalhoolduses ja kinnises asutuses, sealhulgas vanglas; teadlikkuse suurendamise tegevused, sealhulgas infopäevad, infomaterjalid, trükised, video- ja helisalvestised; kogukonda kaasavad tegevused taastavast õigusest teadlikkuse, teadmiste ja oskuste parandamisel; koolitustegevused, sealhulgas koolitused, seminarid, töötoad, kogemuste vahetamine ja koolitajate koolitused; katseprojektide elluviimine eesmärgiga luua taastaval õigusel põhinev kogukond, sealhulgas taastav kool, töökoht, linn; õppematerjalide, juhendite, juhiste ja mu",true,inForce,2021-12-20,2029-07-23,estleg:Reg_1053078_Par_6_v1053078
estleg:Reg_1053078_Par_7,estleg:Reg_1053078_Map,§ 7.,,"1 (1) Projekti abikõlblikkuse periood on taotluse rahuldamise otsuses nimetatud ajavahemik, millal algab ja lõpeb projekti tegevus ning tekib projekti abikõlblik kulu. Projekti tegevused ja kulud muutuvad abikõlblikuks alates taotluse rahuldamise otsuse jõustumisest. Projekti abikõlblikkuse periood on taotluse rahuldamise otsuses nimetatud ajavahemik, millal algab ja lõpeb projekti tegevus ning tekib projekti abikõlblik kulu. Projekti tegevused ja kulud muutuvad abikõlblikuks alates taotluse rahuldamise otsuse jõustumisest. 2 (2) Projekti kestus on maksimaalselt 22 kuud ning kõik projekti tegevused peavad olema lõpetatud ja kulud tekkinud taotluse rahuldamise otsuses näidatud ajaks, kuid hiljemalt 30.04.2024. Projekti kestus on maksimaalselt 22 kuud ning kõik projekti tegevused peavad olema lõpetatud ja kulud tekkinud taotluse rahuldamise otsuses näidatud ajaks, kuid hiljemalt 30.04.2024. 3 (3) Projekti tegevused peavad algama hiljemalt ühe kuu jooksul taotluse rahuldamise otsuse kuupäevast arvates. Projekti tegevused peavad algama hiljemalt ühe kuu jooksul taotluse rahuldamise otsuse kuupäevast arvates.",true,inForce,2021-12-20,2029-07-23,estleg:Reg_1053078_Par_7_v1053078
estleg:Reg_1053078_Par_8,estleg:Reg_1053078_Map,§ 8.,,"1 (1) Toetuse maksimaalne osakaal abikõlblikest kuludest on: 1 1) 100%, kui toetuse saaja on riigi- või kohaliku omavalitsuse asutus; 2 2) 90%, kui toetuse saaja on valitsusväline organisatsioon; 3 3) 85%, kui toetuse saaja on punktides 1 ja 2 nimetamata isik. Toetuse maksimaalne osakaal abikõlblikest kuludest on: 100%, kui toetuse saaja on riigi- või kohaliku omavalitsuse asutus; 90%, kui toetuse saaja on valitsusväline organisatsioon; 85%, kui toetuse saaja on punktides 1 ja 2 nimetamata isik. 2 (2) Omafinantseeringu minimaalne osakaal abikõlblikest kuludest on: 1 1) 10%, kui toetuse saaja on valitsusväline organisatsioon; 2 2) 15%, kui toetuse saaja vastab lõike 1 punktis 3 sätestatule. Omafinantseeringu minimaalne osakaal abikõlblikest kuludest on: 10%, kui toetuse saaja on valitsusväline organisatsioon; 15%, kui toetuse saaja vastab lõike 1 punktis 3 sätestatule. 3 (3) Valitsusvälise organisatsiooni või riikliku sotsiaalpartneri projekti puhul on lubatud omafinantseeringuna kajastada vabatahtlikku tööd mitterahalise panusena kuni 50% ulatuses projekti omafinantseeringust. Valitsusvälise organisatsiooni või riikliku sotsiaalpartneri projekti puhul on lubatud omafinantseeringuna kajastada vabatahtlikku tööd mitterahalise panusena kuni 50% ulatuses projekti omafinantseeringust. 4 (4) Lõikes 3 sätestatud juhul peavad vabatahtliku töö ühikuhinnad vastama Eestis sellise töö eest tavaliselt makstavale töötasule, sealhulgas nõutud riiklikele tööjõumaksetele. Hinnad võivad sõltuvalt piirkonnast, kus tööd tehakse, ja vabatahtliku töö liigist erineda ning seda võidakse programmi rakendamise ajal korrigeerida, et võtta arvesse töötasudes toimunud muutusi. Lõikes 3 sätestatud juhul peavad vabatahtliku töö ühikuhinnad vastama Eestis sellise töö eest tavaliselt makstavale töötasule, sealhulgas nõutud riiklikele tööjõumaksetele. Hinnad võivad sõltuvalt piirkonnast, kus tööd tehakse, ja vabatahtliku töö liigist erineda ning seda võidakse programmi rakendamise ajal korrigeerida,",true,inForce,2021-12-20,2029-07-23,estleg:Reg_1053078_Par_8_v1053078
estleg:Reg_1053078_Par_9,estleg:Reg_1053078_Map,§ 9.,,"1 (1) Kulu on abikõlblik, kui see vastab järgmistele tingimustele: 1 1) kulu on tekkinud taotluse rahuldamise otsuses sätestatud projekti abikõlblikkuse perioodil; 2 2) kulu on seotud projekti eesmärgi, tulemuste ja eelarvega; 3 3) kulu on proportsionaalne ja vajalik projekti rakendamiseks; 4 4) kulu kasutatakse üksnes projekti eesmärgi ja selle oodatud tulemuste saavutamiseks viisil, mis on kooskõlas säästlikkuse, tulemuslikkuse ja tõhususe põhimõtetega; 5 5) kulu on makstud, välja arvatud ühikuhinna arvestuslikul alusel tehtud vabatahtlik töö, mille kulu maksmine ei ole nõutav; 6 6) kulu on eristatav ja kontrollitav, toetuse saaja või partneri raamatupidamisdokumentides kajastuv, määratud kindlaks vastavalt selle riigi kohaldavatele raamatupidamisstandarditele, kus toetuse saaja või partner on asutatud, ning vastavalt heale raamatupidamistavale; 7 7) kulu on kooskõlas Euroopa Liidu ja Eesti õigusega ning vastab maksu- ja sotsiaalvaldkonna õigusaktide nõuetele. Kulu on abikõlblik, kui see vastab järgmistele tingimustele: kulu on tekkinud taotluse rahuldamise otsuses sätestatud projekti abikõlblikkuse perioodil; kulu on seotud projekti eesmärgi, tulemuste ja eelarvega; kulu on proportsionaalne ja vajalik projekti rakendamiseks; kulu kasutatakse üksnes projekti eesmärgi ja selle oodatud tulemuste saavutamiseks viisil, mis on kooskõlas säästlikkuse, tulemuslikkuse ja tõhususe põhimõtetega; kulu on makstud, välja arvatud ühikuhinna arvestuslikul alusel tehtud vabatahtlik töö, mille kulu maksmine ei ole nõutav; kulu on eristatav ja kontrollitav, toetuse saaja või partneri raamatupidamisdokumentides kajastuv, määratud kindlaks vastavalt selle riigi kohaldavatele raamatupidamisstandarditele, kus toetuse saaja või partner on asutatud, ning vastavalt heale raamatupidamistavale; kulu on kooskõlas Euroopa Liidu ja Eesti õigusega ning vastab maksu- ja sotsiaalvaldkonna õigusaktide nõuetele. 2 (2) Kulu käsitatakse tekkinuna, kui kaup on üle antud või teenus on osutatud ja selle",true,inForce,2021-12-20,2029-07-23,estleg:Reg_1053078_Par_9_v1053078
estleg:Reg_1053620_Par_1,estleg:Reg_1053620_Map,§ 1.,,Määruses sätestatakse Kastre valla ametiasutuse kasutuses olevate sõidukite (edaspidi ametiauto) ja isikliku sõiduauto ametisõitudeks kasutamise kord. Määruses sätestatakse Kastre valla ametiasutuse kasutuses olevate sõidukite (edaspidi ametiauto) ja isikliku sõiduauto ametisõitudeks kasutamise kord.,true,inForce,2022-03-01,,
estleg:Reg_1053620_Par_2,estleg:Reg_1053620_Map,§ 2.,,"1 (1) Kastre valla ametiasutuse kasutuses olevate sõidukite kasutamise õigus teenistus- või tööülesannete täitmisel on vallavalitsuse teenistujatel, kellel on kehtiv juhiluba. Kastre valla ametiasutuse kasutuses olevate sõidukite kasutamise õigus teenistus- või tööülesannete täitmisel on vallavalitsuse teenistujatel, kellel on kehtiv juhiluba. 2 (2) Vallavalitsuse ametiasutuse kasutuses olevate ametiautode vastutavad kasutajad määrab vallavanem käskkirjaga. Vallavalitsuse ametiasutuse kasutuses olevate ametiautode vastutavad kasutajad määrab vallavanem käskkirjaga. 3 (3) Ametiauto kasutamise kulud kaetakse valla eelarvest ametiautode ülalpidamiseks ettenähtud vahenditest. Ametiauto kasutamise kulud kaetakse valla eelarvest ametiautode ülalpidamiseks ettenähtud vahenditest. 4 (4) Ametiauto kasutamise kohta peetakse sõidupäevikut, milles näidatakse: 1 1) ametiautot kasutava isiku ees- ja perekonnanimi ning allkiri; 2 2) ametiauto läbisõidumõõdiku alg- ja lõppnäit iga teenistus-, töö- või ametiülesannete täitmisel tehtud sõidu korral; 3 3) kuupäev ja sõidu eesmärk teenistus-, töö- või ametiülesannete täitmisel tehtud sõidu korral. Ametiauto kasutamise kohta peetakse sõidupäevikut, milles näidatakse: ametiautot kasutava isiku ees- ja perekonnanimi ning allkiri; ametiauto läbisõidumõõdiku alg- ja lõppnäit iga teenistus-, töö- või ametiülesannete täitmisel tehtud sõidu korral; kuupäev ja sõidu eesmärk teenistus-, töö- või ametiülesannete täitmisel tehtud sõidu korral. 5 (5) Vastutav kasutaja peab tagama ametiauto tehnohoolduse vastavalt ettenähtud läbisõidu vahemikule, tagama tähtaegse tehnilise ülevaatuse läbimise ning vastavalt vajadusele korraldama ametiauto remondi. Vastutav kasutaja peab tagama ametiauto tehnohoolduse vastavalt ettenähtud läbisõidu vahemikule, tagama tähtaegse tehnilise ülevaatuse läbimise ning vastavalt vajadusele korraldama ametiauto remondi. 6 (6) Ametiauto kasutajad on kohustatud enne väljasõitu veenduma sõiduki korrasolekus ning jälgima teel oll",true,inForce,2022-03-01,,
estleg:Reg_1053620_Par_3,estleg:Reg_1053620_Map,§ 3.,,"1 (1) Ametiautode garažeerimiskohaks on vallavalitsuse ametiasutuse hoone parkla. Ametiautode garažeerimiskohaks on vallavalitsuse ametiasutuse hoone parkla. 2 (2) Ametiautot võib garažeerida väljaspool garažeerimise kohta, kui see on seotud teenistusülesannete täitmisega ning materiaalset vastutust ametiauto säilimise ja korrasoleku eest kannab garažeerija. Ametiautot võib garažeerida väljaspool garažeerimise kohta, kui see on seotud teenistusülesannete täitmisega ning materiaalset vastutust ametiauto säilimise ja korrasoleku eest kannab garažeerija. 3 (3) Sõitu garažeerimise kohast tööle ja tagasi loetakse ametisõiduks. Sõitu garažeerimise kohast tööle ja tagasi loetakse ametisõiduks.",true,inForce,2022-03-01,,
estleg:Reg_1053620_Par_4,estleg:Reg_1053620_Map,§ 4.,,Sõidupäevik esitatakse igakuiselt eelneva kuu kohta iga kuu viimaseks kuupäevaks ülevaatamiseks ja viseerimiseks otsesele juhile. Sõidupäevik esitatakse igakuiselt eelneva kuu kohta iga kuu viimaseks kuupäevaks ülevaatamiseks ja viseerimiseks otsesele juhile.,true,inForce,2022-03-01,,
estleg:Reg_1053620_Par_5,estleg:Reg_1053620_Map,§ 5.,,"1 (1) Vallavalitsuse ametnikule ning valla hallatava asutuse töötajale makstakse hüvitist tema isiklikus omandis oleva või kasutusõiguse alusel kasutatava sõiduauto kasutamisel teenistus-, töö-või ametiülesannete täitmiseks. Vallavalitsuse ametnikule ning valla hallatava asutuse töötajale makstakse hüvitist tema isiklikus omandis oleva või kasutusõiguse alusel kasutatava sõiduauto kasutamisel teenistus-, töö-või ametiülesannete täitmiseks. 2 (2) Isikliku sõiduauto ametisõitudeks kasutamise kulude hüvitise (edaspidi hüvitis) maksmine võib toimuda ainult eelarves sõiduautode ülalpidamiseks ettenähtud vahendite piires. Isikliku sõiduauto ametisõitudeks kasutamise kulude hüvitise (edaspidi hüvitis) maksmine võib toimuda ainult eelarves sõiduautode ülalpidamiseks ettenähtud vahendite piires. 3 (3) Hüvitise maksmise aluseks on isikliku sõiduauto ametisõitudeks kasutamise kulude hüvitamise aruanne (Lisa 1), milles on ära näidatud: 1 1) sõiduauto omanik või kasutusõiguse alusel kasutaja isiku ees-ja perekonnanimi; 2 2) auto mark ja riikliku registreerimismärgi andmed; 3 3) sõidu kuupäev, sõidu marsruut ja eesmärk iga sõidukorra puhul; 4 4) sõiduauto läbisõidumõõdiku alg- ja lõppnäit või läbitud kilomeetrid iga sõidukorra puhul. Hüvitise maksmise aluseks on isikliku sõiduauto ametisõitudeks kasutamise kulude hüvitamise aruanne (Lisa 1), milles on ära näidatud: sõiduauto omanik või kasutusõiguse alusel kasutaja isiku ees-ja perekonnanimi; auto mark ja riikliku registreerimismärgi andmed; sõidu kuupäev, sõidu marsruut ja eesmärk iga sõidukorra puhul; sõiduauto läbisõidumõõdiku alg- ja lõppnäit või läbitud kilomeetrid iga sõidukorra puhul. 4 (4) Isikliku sõiduauto kasutamist ametisõitudeks hüvitatakse kuni 0,30 euro ulatuses ühe sõidukilomeetri kohta, kuid mitte rohkem kui 335 eurot kuus. Isikliku sõiduauto kasutamist ametisõitudeks hüvitatakse kuni 0,30 euro ulatuses ühe sõidukilomeetri kohta, kuid mitte rohkem kui 335 eurot kuus.",true,inForce,2022-03-01,,
estleg:Reg_1053620_Par_6,estleg:Reg_1053620_Map,§ 6.,,"1 (1) Kastre valla ametiasutuse ametnikele ja töötajatele ning hallatava asutuste töötajatele võib hüvitada isikliku sõiduauto kasutamise kulud transpordiks elu- ja töökoha vahel. Isikliku sõiduautona käsitatakse ametniku või töötaja kasutuses olevat sõiduautot või muud mootorsõidukit, mis ei ole tööandja omanduses ega valduses. Kastre valla ametiasutuse ametnikele ja töötajatele ning hallatava asutuste töötajatele võib hüvitada isikliku sõiduauto kasutamise kulud transpordiks elu- ja töökoha vahel. Isikliku sõiduautona käsitatakse ametniku või töötaja kasutuses olevat sõiduautot või muud mootorsõidukit, mis ei ole tööandja omanduses ega valduses. 2 (2) Elu- ja töökoha vahelised sõidud hüvitatakse juhul, kui ühistransporti kasutades ei ole võimalik teekonda tööle läbida mõistliku aja- või rahakuluga. Elu- ja töökoha vahelised sõidud hüvitatakse juhul, kui ühistransporti kasutades ei ole võimalik teekonda tööle läbida mõistliku aja- või rahakuluga. 3 (3) Elu- ja töökoha vaheliste sõitude hüvitist (edaspidi hüvitis) makstakse sõitude kohta peetud arvestuse (Lisa 1) ja vallavanema käskkirja alusel. Elu- ja töökoha vaheliste sõitude hüvitist (edaspidi hüvitis) makstakse sõitude kohta peetud arvestuse (Lisa 1) ja vallavanema käskkirja alusel. 4 (4) Elu- ja töökoha vaheliste sõitude hüvitise piirmäärad on järgmised: 1 1) mitte rohkem kui 45 eurot kuus, kui vahemaa elu- ja töökoha vahel on 10-20 km; 2 2) mitte rohkem kui 90 eurot kuus, kui vahemaa elu- ja töökoha vahel on 21-35 km; 3 3) mitte rohkem kui 135 eurot kuus, kui vahemaa elu- ja töökoha vahel ületab 35 km. Elu- ja töökoha vaheliste sõitude hüvitise piirmäärad on järgmised: mitte rohkem kui 45 eurot kuus, kui vahemaa elu- ja töökoha vahel on 10-20 km; mitte rohkem kui 90 eurot kuus, kui vahemaa elu- ja töökoha vahel on 21-35 km; mitte rohkem kui 135 eurot kuus, kui vahemaa elu- ja töökoha vahel ületab 35 km. 5 (5) Hüvitist ei maksta isikule tema puhkuse ajal või kui ameti- ja töösuhe on peatunud. Hüvitist ei makst",true,inForce,2022-03-01,,
estleg:Reg_1053620_Par_7,estleg:Reg_1053620_Map,§ 7.,,"1 (1) Tunnistada kehtetuks Mäksa Vallavallavalitsuse 23.07.2014 määrus nr 5 „Mäksa valla ametiautode kasutamise kord“. Tunnistada kehtetuks Mäksa Vallavallavalitsuse 23.07.2014 määrus nr 5 „Mäksa valla ametiautode kasutamise kord“. 2 (2) Tunnistada kehtetuks Haaslava Vallavolikogu 07.08.2014 määrus nr 10 „Haaslava valla omandis või valduses olevate ametiautode ja isikliku sõiduauto teenistus-, töö- või ametiülesannete täitmisel kasutamise kohta arvestuse pidamise ja hüvitise maksmise kord“. Tunnistada kehtetuks Haaslava Vallavolikogu 07.08.2014 määrus nr 10 „Haaslava valla omandis või valduses olevate ametiautode ja isikliku sõiduauto teenistus-, töö- või ametiülesannete täitmisel kasutamise kohta arvestuse pidamise ja hüvitise maksmise kord“. 3 (3) Määrus jõustub kolmandal päeval pärast avaldamist Riigi Teatajas. Määrus jõustub kolmandal päeval pärast avaldamist Riigi Teatajas.",true,inForce,2022-03-01,,
estleg:Reg_1055820_Par_1,estleg:Reg_1055820_Map,§ 1.,,Määrusega kehtestatakse kohaliku omavalitsuse poolt korraldatava sotsiaaltransporditeenuse kasutamisel kliendi poolt makstava tasu suurus. Määrusega kehtestatakse kohaliku omavalitsuse poolt korraldatava sotsiaaltransporditeenuse kasutamisel kliendi poolt makstava tasu suurus.,true,inForce,2023-01-30,,
estleg:Reg_1055820_Par_2,estleg:Reg_1055820_Map,§ 2.,,Sotsiaaltranspordi kasutaja omaosalus iga teenuse kasutaja ja kasutuskorra kohta alates 01.01.2023:1) koduvalla piires – 3 eurot; 2) maakonna piires – 5 eurot. Sotsiaaltranspordi kasutaja omaosalus iga teenuse kasutaja ja kasutuskorra kohta alates 01.01.2023:1) koduvalla piires – 3 eurot; 2) maakonna piires – 5 eurot.,true,inForce,2023-01-30,,
estleg:Reg_1055820_Par_3,estleg:Reg_1055820_Map,§ 3.,,1 (1) Määrus jõustub kolmandal päeval pärast Riigi Teatajas avaldamist. Määrus jõustub kolmandal päeval pärast Riigi Teatajas avaldamist. 2 (2) Tunnistada kehtetuks Kastre Vallavalitsuse 01.07.2021 määrus nr 4 „Sotsiaaltransporditeenuse hindade kehtestamine“. Tunnistada kehtetuks Kastre Vallavalitsuse 01.07.2021 määrus nr 4 „Sotsiaaltransporditeenuse hindade kehtestamine“.,true,inForce,2023-01-30,,
estleg:TUIS_Par_1,estleg:TUIS_Map,§ 1.,,(1) Käesolev seadus reguleerib töötajate usaldusisiku (edaspidi usaldusisik) tegevust teda volitanud töötajate ja ametnike (edaspidi töötaja) esindamisel suhetes tööandjaga ja töötajatega. (2) Käesoleva seaduse tähenduses on tööandjaks avalikus teenistuses riigi- või kohaliku omavalitsuse üksuse asutus.,true,inForce,2013-04-01,,estleg:TUIS_Par_1_v106072012041
estleg:TUIS_Par_10,estleg:TUIS_Map,§ 10.,,"Usaldusisik on kohustatud: osalema informeerimisel ja konsulteerimisel; vahendama teavet tööandjale ja töötajatele; jälgima töötingimuste täitmist ning teatama rikkumisest tööandjale ja vajadusel tööandja tegevuskohajärgsele tööinspektorile; töötaja taotlusel esindama töötajat töövaidluses tööandjaga enne töövaidlusi lahendavasse organisse pöördumist; aitama kaasa töörahu hoidmisele, kui kollektiivlepingu on kollektiivlepingu seaduses sätestatud tingimustel ja korras sõlminud usaldusisik; tegema koostööd ametiühingu usaldusisiku, töökeskkonna voliniku ja töökeskkonna nõukoguga.",true,inForce,2007-02-01,,estleg:TUIS_Par_10_v12771390
estleg:TUIS_Par_10_Lg_1,estleg:TUIS_Map,§ 10.,,"Usaldusisik on kohustatud: osalema informeerimisel ja konsulteerimisel; vahendama teavet tööandjale ja töötajatele; jälgima töötingimuste täitmist ning teatama rikkumisest tööandjale ja vajadusel tööandja tegevuskohajärgsele tööinspektorile; töötaja taotlusel esindama töötajat töövaidluses tööandjaga enne töövaidlusi lahendavasse organisse pöördumist; aitama kaasa töörahu hoidmisele, kui kollektiivlepingu on kollektiivlepingu seaduses sätestatud tingimustel ja korras sõlminud usaldusisik; tegema koostööd ametiühingu usaldusisiku, töökeskkonna voliniku ja töökeskkonna nõukoguga.",true,inForce,2007-02-01,,estleg:TUIS_Par_10_v12771390
estleg:TUIS_Par_11,estleg:TUIS_Map,§ 11.,,(1) Usaldusisik ei tohi avaldada kolmandatele isikutele volituste ajal ega pärast volituste lõppemist oma kohustuste täitmisel teatavaks saanud isikuandmeid või tööandja selgelt konfidentsiaalsena antud teavet. (2) Usaldusisik ei tohi kasutada seaduse vastaselt volituste ajal ega pärast volituste lõppemist oma kohustuste täitmisel teatavaks saanud isikuandmeid või tööandja selgelt konfidentsiaalsena antud teavet. (3) Käesoleva paragrahvi lõigetes 1 ja 2 nimetatud kohustusi ei kohaldata usaldusisiku suhtlemisele sama tööandja juures valitud teise usaldusisikuga ja konsulteerimisse kaasatud eksperdiga. (4) Usaldusisik edastab konfidentsiaalsena saadud teabe teisele usaldusisikule või eksperdile selgelt konfidentsiaalsena.,true,inForce,2007-02-01,,estleg:TUIS_Par_11_v12771390
estleg:TUIS_Par_11_Lg_1,estleg:TUIS_Map,§ 11.,1,(1) Usaldusisik ei tohi avaldada kolmandatele isikutele volituste ajal ega pärast volituste lõppemist oma kohustuste täitmisel teatavaks saanud isikuandmeid või tööandja selgelt konfidentsiaalsena antud teavet.,true,inForce,2007-02-01,,estleg:TUIS_Par_11_v12771390
estleg:TUIS_Par_11_Lg_2,estleg:TUIS_Map,§ 11.,2,(2) Usaldusisik ei tohi kasutada seaduse vastaselt volituste ajal ega pärast volituste lõppemist oma kohustuste täitmisel teatavaks saanud isikuandmeid või tööandja selgelt konfidentsiaalsena antud teavet.,true,inForce,2007-02-01,,estleg:TUIS_Par_11_v12771390
estleg:TUIS_Par_11_Lg_3,estleg:TUIS_Map,§ 11.,3,(3) Käesoleva paragrahvi lõigetes 1 ja 2 nimetatud kohustusi ei kohaldata usaldusisiku suhtlemisele sama tööandja juures valitud teise usaldusisikuga ja konsulteerimisse kaasatud eksperdiga.,true,inForce,2007-02-01,,estleg:TUIS_Par_11_v12771390
estleg:TUIS_Par_11_Lg_4,estleg:TUIS_Map,§ 11.,4,(4) Usaldusisik edastab konfidentsiaalsena saadud teabe teisele usaldusisikule või eksperdile selgelt konfidentsiaalsena.,true,inForce,2007-02-01,,estleg:TUIS_Par_11_v12771390
estleg:TUIS_Par_12,estleg:TUIS_Map,§ 12.,,(1) Käesoleva seaduse § 11 lõigetes 1 ja 2 nimetatud kohustustega on seotud konsulteerimisse kaasatud ekspert. (2) Käesoleva seaduse § 11 lõigetes 1 ja 2 nimetatud kohustusi ei kohaldata eksperdi suhtlemisele sama tööandja juures valitud teise usaldusisikuga. (3) Ekspert peab edastama konfidentsiaalsena saadud teabe teisele usaldusisikule selgelt konfidentsiaalsena.,true,inForce,2007-02-01,,estleg:TUIS_Par_12_v12771390
estleg:TUIS_Par_12_Lg_1,estleg:TUIS_Map,§ 12.,1,(1) Käesoleva seaduse § 11 lõigetes 1 ja 2 nimetatud kohustustega on seotud konsulteerimisse kaasatud ekspert.,true,inForce,2007-02-01,,estleg:TUIS_Par_12_v12771390
estleg:TUIS_Par_12_Lg_2,estleg:TUIS_Map,§ 12.,2,(2) Käesoleva seaduse § 11 lõigetes 1 ja 2 nimetatud kohustusi ei kohaldata eksperdi suhtlemisele sama tööandja juures valitud teise usaldusisikuga.,true,inForce,2007-02-01,,estleg:TUIS_Par_12_v12771390
estleg:TUIS_Par_12_Lg_3,estleg:TUIS_Map,§ 12.,3,(3) Ekspert peab edastama konfidentsiaalsena saadud teabe teisele usaldusisikule selgelt konfidentsiaalsena.,true,inForce,2007-02-01,,estleg:TUIS_Par_12_v12771390
estleg:TUIS_Par_13,estleg:TUIS_Map,§ 13.,,(1) Usaldusisiku ülesandeid täidab töötaja kokkuleppel tööandjaga tööajal või väljaspool tööaega. (2) Usaldusisiku ülesannete täitmise tingimused ja kord lepitakse kokku tööandja ja usaldusisiku vahel. (3) Tööandja tagab vähemalt ühele usaldusisikule tema ülesannete täitmiseks tööajal: 5 kuni 100 töötaja esindamise korral vähemalt 4 tundi töönädalas; 101 kuni 300 töötaja esindamise korral vähemalt 8 tundi töönädalas; 301 kuni 500 töötaja esindamise korral vähemalt 16 tundi töönädalas; üle 500 töötaja esindamise korral vähemalt 40 tundi töönädalas. (4) Kahe või enama usaldusisiku korral tagab tööandja usaldusisikutele ülesannete täitmiseks aja kahele usaldusisikule ettenähtud ulatuses. Usaldusisikud lepivad kokku aja omavahelise jaotamise.,true,inForce,2021-11-22,,estleg:TUIS_Par_13_v112112021018
estleg:TUIS_Par_13_Lg_1,estleg:TUIS_Map,§ 13.,1,(1) Usaldusisiku ülesandeid täidab töötaja kokkuleppel tööandjaga tööajal või väljaspool tööaega.,true,inForce,2021-11-22,,estleg:TUIS_Par_13_v112112021018
estleg:TUIS_Par_13_Lg_2,estleg:TUIS_Map,§ 13.,2,(2) Usaldusisiku ülesannete täitmise tingimused ja kord lepitakse kokku tööandja ja usaldusisiku vahel.,true,inForce,2021-11-22,,estleg:TUIS_Par_13_v112112021018
estleg:TUIS_Par_13_Lg_3,estleg:TUIS_Map,§ 13.,3,(3) Tööandja tagab vähemalt ühele usaldusisikule tema ülesannete täitmiseks tööajal: 5 kuni 100 töötaja esindamise korral vähemalt 4 tundi töönädalas; 101 kuni 300 töötaja esindamise korral vähemalt 8 tundi töönädalas; 301 kuni 500 töötaja esindamise korral vähemalt 16 tundi töönädalas; üle 500 töötaja esindamise korral vähemalt 40 tundi töönädalas.,true,inForce,2021-11-22,,estleg:TUIS_Par_13_v112112021018
estleg:TUIS_Par_13_Lg_4,estleg:TUIS_Map,§ 13.,4,(4) Kahe või enama usaldusisiku korral tagab tööandja usaldusisikutele ülesannete täitmiseks aja kahele usaldusisikule ettenähtud ulatuses. Usaldusisikud lepivad kokku aja omavahelise jaotamise.,true,inForce,2021-11-22,,estleg:TUIS_Par_13_v112112021018
estleg:TUIS_Par_14,estleg:TUIS_Map,§ 14.,,"(1) Tööandja võimaldab usaldusisikul osaleda tema ülesannete täitmiseks vajalikul koolitusel mõistlikus ulatuses. (2) Pooled võivad kokku leppida, et koolituse kulud kannab tööandja.",true,inForce,2007-02-01,,estleg:TUIS_Par_14_v12771390
estleg:TUIS_Par_14_1,estleg:TUIS_Map,§ 14¹.,,Usaldusisikule säilitatakse tema ülesannete täitmise aja eest vastavalt käesoleva seaduse § 13 lõikele 3 ja koolitusel osalemise aja eest keskmine töötasu.,true,inForce,2009-07-01,,estleg:TUIS_Par_14_1_v13125354
estleg:TUIS_Par_14_1_Lg_1,estleg:TUIS_Map,§ 14¹.,,Usaldusisikule säilitatakse tema ülesannete täitmise aja eest vastavalt käesoleva seaduse § 13 lõikele 3 ja koolitusel osalemise aja eest keskmine töötasu.,true,inForce,2009-07-01,,estleg:TUIS_Par_14_1_v13125354
estleg:TUIS_Par_14_Lg_1,estleg:TUIS_Map,§ 14.,1,(1) Tööandja võimaldab usaldusisikul osaleda tema ülesannete täitmiseks vajalikul koolitusel mõistlikus ulatuses.,true,inForce,2007-02-01,,estleg:TUIS_Par_14_v12771390
estleg:TUIS_Par_14_Lg_2,estleg:TUIS_Map,§ 14.,2,"(2) Pooled võivad kokku leppida, et koolituse kulud kannab tööandja.",true,inForce,2007-02-01,,estleg:TUIS_Par_14_v12771390
estleg:TUIS_Par_15,estleg:TUIS_Map,§ 15.,,"(1) Konfidentsiaalne on teave, mille tööandja annab usaldusisikule selgelt konfidentsiaalsena. (2) Tööandja peab teabe konfidentsiaalsust põhjendama, kui usaldusisik ei nõustu teabe konfidentsiaalsusega.",true,inForce,2007-02-01,,estleg:TUIS_Par_15_v12771390
estleg:TUIS_Par_15_1,estleg:TUIS_Map,§ 15¹.,,"Tööandja, kes on raamatupidamise seaduse § 24 lõikes 2 nimetatud kestlikkusaruande koostaja, teavitab usaldusisikut või töötajate esindajat, kes ei ole usaldusisik, kestlikkusaruande sisust ning selle koostamise protsessist ja kontrollimise vahenditest käesoleva seaduse §-s 19, § 20 lõikes 2 ja §-s 21 sätestatud viisil ning vajaduse korral esitab töötajate arvamuse kestlikkusaruande kohta raamatupidamise seaduse § 3 punktis 12 nimetatud kõrgemale juhtorganile.",true,inForce,2025-01-17,,estleg:TUIS_Par_15_1_v107012025003
estleg:TUIS_Par_15_1_Lg_1,estleg:TUIS_Map,§ 15¹.,,"Tööandja, kes on raamatupidamise seaduse § 24 lõikes 2 nimetatud kestlikkusaruande koostaja, teavitab usaldusisikut või töötajate esindajat, kes ei ole usaldusisik, kestlikkusaruande sisust ning selle koostamise protsessist ja kontrollimise vahenditest käesoleva seaduse §-s 19, § 20 lõikes 2 ja §-s 21 sätestatud viisil ning vajaduse korral esitab töötajate arvamuse kestlikkusaruande kohta raamatupidamise seaduse § 3 punktis 12 nimetatud kõrgemale juhtorganile.",true,inForce,2025-01-17,,estleg:TUIS_Par_15_1_v107012025003
estleg:TUIS_Par_15_Lg_1,estleg:TUIS_Map,§ 15.,1,"(1) Konfidentsiaalne on teave, mille tööandja annab usaldusisikule selgelt konfidentsiaalsena.",true,inForce,2007-02-01,,estleg:TUIS_Par_15_v12771390
estleg:TUIS_Par_15_Lg_2,estleg:TUIS_Map,§ 15.,2,"(2) Tööandja peab teabe konfidentsiaalsust põhjendama, kui usaldusisik ei nõustu teabe konfidentsiaalsusega.",true,inForce,2007-02-01,,estleg:TUIS_Par_15_v12771390
estleg:TUIS_Par_16,estleg:TUIS_Map,§ 16.,,"(1) Tööandja võib keelduda teabe andmisest, kui selle teabe avalikustamine oluliselt kahjustab või võib kahjustada tööandja tegevust. (2) Teabe andmisest keeldumisel esitab tööandja objektiivsetele kriteeriumitele tugineva põhjenduse, miks teabe avaldamine oluliselt kahjustab või võib kahjustada tööandja tegevust. (3) Tööandja ei või keelduda teabe andmisest töötajate arvu kohta.",true,inForce,2007-02-01,,estleg:TUIS_Par_16_v12771390
estleg:TUIS_Par_16_Lg_1,estleg:TUIS_Map,§ 16.,1,"(1) Tööandja võib keelduda teabe andmisest, kui selle teabe avalikustamine oluliselt kahjustab või võib kahjustada tööandja tegevust.",true,inForce,2007-02-01,,estleg:TUIS_Par_16_v12771390
estleg:TUIS_Par_16_Lg_2,estleg:TUIS_Map,§ 16.,2,"(2) Teabe andmisest keeldumisel esitab tööandja objektiivsetele kriteeriumitele tugineva põhjenduse, miks teabe avaldamine oluliselt kahjustab või võib kahjustada tööandja tegevust.",true,inForce,2007-02-01,,estleg:TUIS_Par_16_v12771390
estleg:TUIS_Par_16_Lg_3,estleg:TUIS_Map,§ 16.,3,(3) Tööandja ei või keelduda teabe andmisest töötajate arvu kohta.,true,inForce,2007-02-01,,estleg:TUIS_Par_16_v12771390
estleg:TUIS_Par_17,estleg:TUIS_Map,§ 17.,,"(1) Tööandja, kelle juures töötab vähemalt 30 töötajat, on kohustatud rakendama käesolevas peatükis sätestatud informeerimist ja konsulteerimist. (2) Käesolevas peatükis sätestatut ei kohaldata informeerimisele ja konsulteerimisele avalikus teenistuses.",true,inForce,2007-02-01,,estleg:TUIS_Par_17_v12771390
estleg:TUIS_Par_17_Lg_1,estleg:TUIS_Map,§ 17.,1,"(1) Tööandja, kelle juures töötab vähemalt 30 töötajat, on kohustatud rakendama käesolevas peatükis sätestatud informeerimist ja konsulteerimist.",true,inForce,2007-02-01,,estleg:TUIS_Par_17_v12771390
estleg:TUIS_Par_17_Lg_2,estleg:TUIS_Map,§ 17.,2,(2) Käesolevas peatükis sätestatut ei kohaldata informeerimisele ja konsulteerimisele avalikus teenistuses.,true,inForce,2007-02-01,,estleg:TUIS_Par_17_v12771390
estleg:TUIS_Par_18,estleg:TUIS_Map,§ 18.,,(1) Tööandja määrab töötajate arvu: majandusaasta aruande kinnitamisel; käesoleva seaduse § 20 lõikes 1 nimetatud informeerimise ja konsulteerimise kohustuse tekkimisel. (2) Töötajate arvu määramisel võtab tööandja arvesse kuue kuu keskmise töötajate arvu informeerimise ja konsulteerimise kohustuse tekkimise päevast arvates.,true,inForce,2007-02-01,,estleg:TUIS_Par_18_v12771390
estleg:TUIS_Par_18_Lg_1,estleg:TUIS_Map,§ 18.,1,(1) Tööandja määrab töötajate arvu: majandusaasta aruande kinnitamisel; käesoleva seaduse § 20 lõikes 1 nimetatud informeerimise ja konsulteerimise kohustuse tekkimisel.,true,inForce,2007-02-01,,estleg:TUIS_Par_18_v12771390
estleg:TUIS_Par_18_Lg_2,estleg:TUIS_Map,§ 18.,2,(2) Töötajate arvu määramisel võtab tööandja arvesse kuue kuu keskmise töötajate arvu informeerimise ja konsulteerimise kohustuse tekkimise päevast arvates.,true,inForce,2007-02-01,,estleg:TUIS_Par_18_v12771390
estleg:TUIS_Par_19,estleg:TUIS_Map,§ 19.,,"(1) Informeerimine tähendab usaldusisikule või tema puudumisel töötajatele asjakohasel tasandil teabe edastamist, mis võimaldab töötajatel saada õigeaegselt selget ja piisavalt põhjalikku ülevaadet tööandja struktuurist, majanduslikust ja tööhõive olukorrast ning nende võimalikust arengust ja muudest töötajate huve puudutavatest asjaoludest, samuti saada aru olukorra ja muude asjaolude mõjust töötajatele. (2) Konsulteerimine tähendab usaldusisiku või tema puudumisel töötajate ja tööandja vahelist seisukohtade vahetamist ning dialoogi pidamist asjakohasel tasandil, mis võimaldab usaldusisikul või töötajatel avaldada arvamusi ning saada tööandjalt põhjendatud vastuseid avaldatud arvamustele eesmärgiga jõuda kokkuleppele käesoleva seaduse § 20 lõike 1 punktides 2 ja 3 sätestatu osas.",true,inForce,2007-02-01,,estleg:TUIS_Par_19_v12771390
estleg:TUIS_Par_19_Lg_1,estleg:TUIS_Map,§ 19.,1,"(1) Informeerimine tähendab usaldusisikule või tema puudumisel töötajatele asjakohasel tasandil teabe edastamist, mis võimaldab töötajatel saada õigeaegselt selget ja piisavalt põhjalikku ülevaadet tööandja struktuurist, majanduslikust ja tööhõive olukorrast ning nende võimalikust arengust ja muudest töötajate huve puudutavatest asjaoludest, samuti saada aru olukorra ja muude asjaolude mõjust töötajatele.",true,inForce,2007-02-01,,estleg:TUIS_Par_19_v12771390
estleg:TUIS_Par_19_Lg_2,estleg:TUIS_Map,§ 19.,2,"(2) Konsulteerimine tähendab usaldusisiku või tema puudumisel töötajate ja tööandja vahelist seisukohtade vahetamist ning dialoogi pidamist asjakohasel tasandil, mis võimaldab usaldusisikul või töötajatel avaldada arvamusi ning saada tööandjalt põhjendatud vastuseid avaldatud arvamustele eesmärgiga jõuda kokkuleppele käesoleva seaduse § 20 lõike 1 punktides 2 ja 3 sätestatu osas.",true,inForce,2007-02-01,,estleg:TUIS_Par_19_v12771390
estleg:TUIS_Par_1_Lg_1,estleg:TUIS_Map,§ 1.,1,(1) Käesolev seadus reguleerib töötajate usaldusisiku (edaspidi usaldusisik) tegevust teda volitanud töötajate ja ametnike (edaspidi töötaja) esindamisel suhetes tööandjaga ja töötajatega.,true,inForce,2013-04-01,,estleg:TUIS_Par_1_v106072012041
estleg:TUIS_Par_1_Lg_2,estleg:TUIS_Map,§ 1.,2,(2) Käesoleva seaduse tähenduses on tööandjaks avalikus teenistuses riigi- või kohaliku omavalitsuse üksuse asutus.,true,inForce,2013-04-01,,estleg:TUIS_Par_1_v106072012041
estleg:TUIS_Par_2,estleg:TUIS_Map,§ 2.,,"(1) Usaldusisik on tööandja töötaja, kelle on valinud tööandja töötajate üldkoosolek (edaspidi üldkoosolek) oma esindajaks seadusest tulenevate ülesannete täitmisel suhetes tööandjaga. (2) Usaldusisikut käsitletakse töötajate esindajana Eesti Vabariigi töölepingu seaduse tähenduses.",true,inForce,2011-01-01,,estleg:TUIS_Par_2_v13315515
estleg:TUIS_Par_20,estleg:TUIS_Map,§ 20.,,"(1) Tööandja informeerib ja konsulteerib vähemalt järgmistest töötajaid puudutavatest asjaoludest: tööandja struktuur, töötajate, sealhulgas tööülesandeid renditööna täitvate töötajate koosseis, nende muudatused ja kavandatavad otsused, mis avaldavad olulist mõju tööandja struktuurile ja töötajate koosseisule; kavandatavad otsused, millega tõenäoliselt kaasnevad olulised muudatused töökorralduses; kavandatavad otsused, millega tõenäoliselt kaasnevad olulised muudatused töötajate töölepingulistes suhetes, sealhulgas töösuhete lõpetamine. (2) Tööandja informeerib vastavalt raamatupidamise seadusele koostatud majandusaasta aruandest hiljemalt 14 päeva jooksul pärast majandusaasta aruande kinnitamist.",true,inForce,2012-02-20,,estleg:TUIS_Par_20_v110022012004
estleg:TUIS_Par_20_Lg_1,estleg:TUIS_Map,§ 20.,1,"(1) Tööandja informeerib ja konsulteerib vähemalt järgmistest töötajaid puudutavatest asjaoludest: tööandja struktuur, töötajate, sealhulgas tööülesandeid renditööna täitvate töötajate koosseis, nende muudatused ja kavandatavad otsused, mis avaldavad olulist mõju tööandja struktuurile ja töötajate koosseisule; kavandatavad otsused, millega tõenäoliselt kaasnevad olulised muudatused töökorralduses; kavandatavad otsused, millega tõenäoliselt kaasnevad olulised muudatused töötajate töölepingulistes suhetes, sealhulgas töösuhete lõpetamine.",true,inForce,2012-02-20,,estleg:TUIS_Par_20_v110022012004
estleg:TUIS_Par_20_Lg_2,estleg:TUIS_Map,§ 20.,2,(2) Tööandja informeerib vastavalt raamatupidamise seadusele koostatud majandusaasta aruandest hiljemalt 14 päeva jooksul pärast majandusaasta aruande kinnitamist.,true,inForce,2012-02-20,,estleg:TUIS_Par_20_v110022012004
estleg:TUIS_Par_21,estleg:TUIS_Map,§ 21.,,"(1) Tööandja annab teavet viisil, mis võimaldab teabega põhjalikult tutvuda ja vajaduse korral valmistuda tööandjaga peetavateks konsultatsioonideks. Tööandja annab teavet kirjalikult või kirjalikku taasesitamist võimaldavas vormis, kui poolte vahel ei ole kokku lepitud teisiti. (2) Usaldusisikul või tema puudumisel töötajatel on õigus esitada kirjalik arvamus või teha ettepanek tööandjalt saadud teabe kohta või teatada soovist alustada konsulteerimist 15 tööpäeva jooksul teabe kättesaamisest arvates. Kui tööandja ei arvesta tehtud ettepanekuid, põhjendab ta seda esimesel võimalusel kirjalikult või kirjalikku taasesitamist võimaldavas vormis. (3) Tööandja algatab konsulteerimise seitsme tööpäeva jooksul konsulteerimise sooviavalduse kättesaamisest arvates. (4) Tööandja selgitab konsulteerimisel kavandatavat tegevust ja selle tagajärgi töötajatele. Pooled püüavad jõuda kokkuleppele kavandatavas tegevuses. (5) Usaldusisik või tema puudumisel töötajad võivad konsulteerimisse kaasata eksperte.",true,inForce,2007-02-01,,estleg:TUIS_Par_21_v12771390
estleg:TUIS_Par_21_Lg_1,estleg:TUIS_Map,§ 21.,1,"(1) Tööandja annab teavet viisil, mis võimaldab teabega põhjalikult tutvuda ja vajaduse korral valmistuda tööandjaga peetavateks konsultatsioonideks. Tööandja annab teavet kirjalikult või kirjalikku taasesitamist võimaldavas vormis, kui poolte vahel ei ole kokku lepitud teisiti.",true,inForce,2007-02-01,,estleg:TUIS_Par_21_v12771390
estleg:TUIS_Par_21_Lg_2,estleg:TUIS_Map,§ 21.,2,"(2) Usaldusisikul või tema puudumisel töötajatel on õigus esitada kirjalik arvamus või teha ettepanek tööandjalt saadud teabe kohta või teatada soovist alustada konsulteerimist 15 tööpäeva jooksul teabe kättesaamisest arvates. Kui tööandja ei arvesta tehtud ettepanekuid, põhjendab ta seda esimesel võimalusel kirjalikult või kirjalikku taasesitamist võimaldavas vormis.",true,inForce,2007-02-01,,estleg:TUIS_Par_21_v12771390
estleg:TUIS_Par_21_Lg_3,estleg:TUIS_Map,§ 21.,3,(3) Tööandja algatab konsulteerimise seitsme tööpäeva jooksul konsulteerimise sooviavalduse kättesaamisest arvates.,true,inForce,2007-02-01,,estleg:TUIS_Par_21_v12771390
estleg:TUIS_Par_21_Lg_4,estleg:TUIS_Map,§ 21.,4,(4) Tööandja selgitab konsulteerimisel kavandatavat tegevust ja selle tagajärgi töötajatele. Pooled püüavad jõuda kokkuleppele kavandatavas tegevuses.,true,inForce,2007-02-01,,estleg:TUIS_Par_21_v12771390
estleg:TUIS_Par_21_Lg_5,estleg:TUIS_Map,§ 21.,5,(5) Usaldusisik või tema puudumisel töötajad võivad konsulteerimisse kaasata eksperte.,true,inForce,2007-02-01,,estleg:TUIS_Par_21_v12771390
estleg:TUIS_Par_22,estleg:TUIS_Map,§ 22.,,"(1) Riiklikku ja haldusjärelevalvet käesoleva seaduse § 9 punktides 1 ja 2 ning § 13 lõigetes 3 ja 4 sätestatud nõuete täitmise üle teostab Tööinspektsioon. (2) Riiklikku järelevalvet käesoleva seaduse §-des 17, 18 ja 20 sätestatud nõuete täitmise üle teostab Tööinspektsioon. (3) Tööinspektsioon võib käesolevas seaduses sätestatud riikliku järelevalve teostamiseks kohaldada korrakaitseseaduse §-des 30–32 ja 49–51 sätestatud riikliku järelevalve erimeetmeid korrakaitseseaduses sätestatud alusel ja korras.",true,inForce,2021-11-22,,estleg:TUIS_Par_22_v112112021018
estleg:TUIS_Par_22_Lg_1,estleg:TUIS_Map,§ 22.,1,(1) Riiklikku ja haldusjärelevalvet käesoleva seaduse § 9 punktides 1 ja 2 ning § 13 lõigetes 3 ja 4 sätestatud nõuete täitmise üle teostab Tööinspektsioon.,true,inForce,2021-11-22,,estleg:TUIS_Par_22_v112112021018
estleg:TUIS_Par_22_Lg_2,estleg:TUIS_Map,§ 22.,2,"(2) Riiklikku järelevalvet käesoleva seaduse §-des 17, 18 ja 20 sätestatud nõuete täitmise üle teostab Tööinspektsioon.",true,inForce,2021-11-22,,estleg:TUIS_Par_22_v112112021018
estleg:TUIS_Par_22_Lg_3,estleg:TUIS_Map,§ 22.,3,(3) Tööinspektsioon võib käesolevas seaduses sätestatud riikliku järelevalve teostamiseks kohaldada korrakaitseseaduse §-des 30–32 ja 49–51 sätestatud riikliku järelevalve erimeetmeid korrakaitseseaduses sätestatud alusel ja korras.,true,inForce,2021-11-22,,estleg:TUIS_Par_22_v112112021018
estleg:TUIS_Par_23,estleg:TUIS_Map,§ 23.,,Kehtetu -,true,inForce,2017-05-08,,estleg:TUIS_Par_23_v128042017006
estleg:TUIS_Par_24,estleg:TUIS_Map,§ 24.,,"(1) Informeerimise või konsulteerimise kohustuse täitmata jätmise eest tööandja, tema juhatuse liikme või muu esindaja poolt, kellele oli vastava kohustuse täitmine delegeeritud, –karistatakse rahatrahviga kuni 300 trahviühikut. (2) Sama teo eest, kui selle on toime pannud juriidiline isik, –karistatakse rahatrahviga kuni 32 000 eurot.",true,inForce,2021-01-08,,estleg:TUIS_Par_24_v129122020027
estleg:TUIS_Par_24_Lg_1,estleg:TUIS_Map,§ 24.,1,"(1) Informeerimise või konsulteerimise kohustuse täitmata jätmise eest tööandja, tema juhatuse liikme või muu esindaja poolt, kellele oli vastava kohustuse täitmine delegeeritud, –karistatakse rahatrahviga kuni 300 trahviühikut.",true,inForce,2021-01-08,,estleg:TUIS_Par_24_v129122020027
estleg:TUIS_Par_24_Lg_2,estleg:TUIS_Map,§ 24.,2,"(2) Sama teo eest, kui selle on toime pannud juriidiline isik, –karistatakse rahatrahviga kuni 32 000 eurot.",true,inForce,2021-01-08,,estleg:TUIS_Par_24_v129122020027
estleg:TUIS_Par_25,estleg:TUIS_Map,§ 25.,,Konfidentsiaalse teabe hoidmise kohustuse rikkumise eest usaldusisiku või konsulteerimisse kaasatud eksperdi poolt –karistatakse rahatrahviga kuni 300 trahviühikut.,true,inForce,2021-01-08,,estleg:TUIS_Par_25_v129122020027
estleg:TUIS_Par_25_Lg_1,estleg:TUIS_Map,§ 25.,,Konfidentsiaalse teabe hoidmise kohustuse rikkumise eest usaldusisiku või konsulteerimisse kaasatud eksperdi poolt –karistatakse rahatrahviga kuni 300 trahviühikut.,true,inForce,2021-01-08,,estleg:TUIS_Par_25_v129122020027
estleg:TUIS_Par_26,estleg:TUIS_Map,§ 26.,,(1) Kehtetu - (2) Käesoleva seaduse §-des 24 ja 25 sätestatud väärtegude kohtuväline menetleja on Tööinspektsioon.,true,inForce,2015-01-01,,estleg:TUIS_Par_26_v112072014149
estleg:TUIS_Par_26_Lg_1,estleg:TUIS_Map,§ 26.,1,(1) Kehtetu -,true,inForce,2015-01-01,,estleg:TUIS_Par_26_v112072014149
estleg:TUIS_Par_26_Lg_2,estleg:TUIS_Map,§ 26.,2,(2) Käesoleva seaduse §-des 24 ja 25 sätestatud väärtegude kohtuväline menetleja on Tööinspektsioon.,true,inForce,2015-01-01,,estleg:TUIS_Par_26_v112072014149
estleg:TUIS_Par_27,estleg:TUIS_Map,§ 27.,,"Valitud usaldusisikute volitused kehtivad kuni nende tähtaja lõppemiseni, kuid mitte kauem kui üks aasta käesoleva seaduse jõustumisest arvates.",true,inForce,2007-02-01,,estleg:TUIS_Par_27_v12771390
estleg:TUIS_Par_27_Lg_1,estleg:TUIS_Map,§ 27.,,"Valitud usaldusisikute volitused kehtivad kuni nende tähtaja lõppemiseni, kuid mitte kauem kui üks aasta käesoleva seaduse jõustumisest arvates.",true,inForce,2007-02-01,,estleg:TUIS_Par_27_v12771390
estleg:TUIS_Par_28,estleg:TUIS_Map,§ 28.,,§ 28.,true,inForce,2007-02-01,,estleg:TUIS_Par_28_v12771390
estleg:TUIS_Par_2_Lg_1,estleg:TUIS_Map,§ 2.,1,"(1) Usaldusisik on tööandja töötaja, kelle on valinud tööandja töötajate üldkoosolek (edaspidi üldkoosolek) oma esindajaks seadusest tulenevate ülesannete täitmisel suhetes tööandjaga.",true,inForce,2011-01-01,,estleg:TUIS_Par_2_v13315515
estleg:TUIS_Par_2_Lg_2,estleg:TUIS_Map,§ 2.,2,(2) Usaldusisikut käsitletakse töötajate esindajana Eesti Vabariigi töölepingu seaduse tähenduses.,true,inForce,2011-01-01,,estleg:TUIS_Par_2_v13315515
estleg:TUIS_Par_3,estleg:TUIS_Map,§ 3.,,"Mitme usaldusisiku korral võib iga usaldusisik esindada töötajaid kõigi seadusest tulenevate ülesannete täitmisel, kui üldkoosolek ei ole otsustanud, et usaldusisikud või mõned neist võivad töötajaid esindada ühiselt.",true,inForce,2007-02-01,,estleg:TUIS_Par_3_v12771390
estleg:TUIS_Par_30,estleg:TUIS_Map,§ 30.,,[Käesolevast tekstist välja jäetud.],true,inForce,2011-01-01,,estleg:TUIS_Par_30_v13315515
estleg:TUIS_Par_31,estleg:TUIS_Map,§ 31.,,Töötajate usaldusisiku seadus tunnistatakse kehtetuks.,true,inForce,2009-07-01,,estleg:TUIS_Par_31_v13125354
estleg:TUIS_Par_31_Lg_1,estleg:TUIS_Map,§ 31.,,Töötajate usaldusisiku seadus tunnistatakse kehtetuks.,true,inForce,2009-07-01,,estleg:TUIS_Par_31_v13125354
estleg:TUIS_Par_32,estleg:TUIS_Map,§ 32.,,Käesolev seadus jõustub 2007. aasta 1. veebruaril.,true,inForce,2009-07-01,,estleg:TUIS_Par_32_v13125354
estleg:TUIS_Par_32_Lg_1,estleg:TUIS_Map,§ 32.,,Käesolev seadus jõustub 2007. aasta 1. veebruaril.,true,inForce,2009-07-01,,estleg:TUIS_Par_32_v13125354
estleg:TUIS_Par_3_Lg_1,estleg:TUIS_Map,§ 3.,,"Mitme usaldusisiku korral võib iga usaldusisik esindada töötajaid kõigi seadusest tulenevate ülesannete täitmisel, kui üldkoosolek ei ole otsustanud, et usaldusisikud või mõned neist võivad töötajaid esindada ühiselt.",true,inForce,2007-02-01,,estleg:TUIS_Par_3_v12771390
estleg:TUIS_Par_4,estleg:TUIS_Map,§ 4.,,"Usaldusisik ja tööandja peavad tegema koostööd vastastikuse usalduse alusel ja heas usus, võttes arvesse töötajate ja tööandja õigusi, kohustusi ja huve.",true,inForce,2007-02-01,,estleg:TUIS_Par_4_v12771390
estleg:TUIS_Par_4_Lg_1,estleg:TUIS_Map,§ 4.,,"Usaldusisik ja tööandja peavad tegema koostööd vastastikuse usalduse alusel ja heas usus, võttes arvesse töötajate ja tööandja õigusi, kohustusi ja huve.",true,inForce,2007-02-01,,estleg:TUIS_Par_4_v12771390
estleg:TUIS_Par_5,estleg:TUIS_Map,§ 5.,,"(1) Üldkoosoleku võib kokku kutsuda: tööandja juures tegutsev ametiühing, enamus tööandja juures töötavatest ametiühingu liikmetest, kui ametiühing ei ole loodud tööandja juures või vähemalt 10 protsenti tööandja töötajatest. (2) Üldkoosoleku kokkukutsuja teatab töötajatele üldkoosoleku kokkukutsumise põhjusest ja toimumise ajast vähemalt kaks nädalat ette.",true,inForce,2007-02-01,,estleg:TUIS_Par_5_v12771390
estleg:TUIS_Par_5_Lg_1,estleg:TUIS_Map,§ 5.,1,"(1) Üldkoosoleku võib kokku kutsuda: tööandja juures tegutsev ametiühing, enamus tööandja juures töötavatest ametiühingu liikmetest, kui ametiühing ei ole loodud tööandja juures või vähemalt 10 protsenti tööandja töötajatest.",true,inForce,2007-02-01,,estleg:TUIS_Par_5_v12771390
estleg:TUIS_Par_5_Lg_2,estleg:TUIS_Map,§ 5.,2,(2) Üldkoosoleku kokkukutsuja teatab töötajatele üldkoosoleku kokkukutsumise põhjusest ja toimumise ajast vähemalt kaks nädalat ette.,true,inForce,2007-02-01,,estleg:TUIS_Par_5_v12771390
estleg:TUIS_Par_6,estleg:TUIS_Map,§ 6.,,"Üldkoosolek on otsustusvõimeline, kui sellel osalevad vähemalt pooled tööandja töötajatest.",true,inForce,2007-02-01,,estleg:TUIS_Par_6_v12771390
estleg:TUIS_Par_6_Lg_1,estleg:TUIS_Map,§ 6.,,"Üldkoosolek on otsustusvõimeline, kui sellel osalevad vähemalt pooled tööandja töötajatest.",true,inForce,2007-02-01,,estleg:TUIS_Par_6_v12771390
estleg:TUIS_Par_7,estleg:TUIS_Map,§ 7.,,"(1) Üldkoosolek otsustab usaldusisiku valimise ja tagasikutsumise tingimused ning korra. (2) Usaldusisiku valimise ja tagasikutsumise tingimused ning kord peavad tagama kõigile töötajatele võimaluse osaleda usaldusisiku valimisel ja tagasikutsumisel. (3) Usaldusisik valitakse salajasel hääletusel. Usaldusisiku kandidaate võivad esitada kõik töötajad ja tööandja juures tegutsev ametiühing. (4) Üldkoosolek võib kokkuleppel tööandjaga valida mitu usaldusisikut. (5) Usaldusisikud võivad endi hulgast valida peausaldusisiku, kes korraldab usaldusisikute tegevust. (6) Üldkoosolek teatab tööandjale viivitamatult kirjalikult või kirjalikku taasesitamist võimaldavas vormis usaldusisiku valimisest ja tema volituste kestusest ning usaldusisiku tagasikutsumisest. (7) Üldkoosolek teatab tööandjale kirjalikult või kirjalikku taasesitamist võimaldavas vormis usaldusisikute õigusest töötajaid ühiselt esindada.",true,inForce,2007-02-01,,estleg:TUIS_Par_7_v12771390
estleg:TUIS_Par_7_Lg_1,estleg:TUIS_Map,§ 7.,1,(1) Üldkoosolek otsustab usaldusisiku valimise ja tagasikutsumise tingimused ning korra.,true,inForce,2007-02-01,,estleg:TUIS_Par_7_v12771390
estleg:TUIS_Par_7_Lg_2,estleg:TUIS_Map,§ 7.,2,(2) Usaldusisiku valimise ja tagasikutsumise tingimused ning kord peavad tagama kõigile töötajatele võimaluse osaleda usaldusisiku valimisel ja tagasikutsumisel.,true,inForce,2007-02-01,,estleg:TUIS_Par_7_v12771390
estleg:TUIS_Par_7_Lg_3,estleg:TUIS_Map,§ 7.,3,(3) Usaldusisik valitakse salajasel hääletusel. Usaldusisiku kandidaate võivad esitada kõik töötajad ja tööandja juures tegutsev ametiühing.,true,inForce,2007-02-01,,estleg:TUIS_Par_7_v12771390
estleg:TUIS_Par_7_Lg_4,estleg:TUIS_Map,§ 7.,4,(4) Üldkoosolek võib kokkuleppel tööandjaga valida mitu usaldusisikut.,true,inForce,2007-02-01,,estleg:TUIS_Par_7_v12771390
estleg:TUIS_Par_7_Lg_5,estleg:TUIS_Map,§ 7.,5,"(5) Usaldusisikud võivad endi hulgast valida peausaldusisiku, kes korraldab usaldusisikute tegevust.",true,inForce,2007-02-01,,estleg:TUIS_Par_7_v12771390
estleg:TUIS_Par_7_Lg_6,estleg:TUIS_Map,§ 7.,6,(6) Üldkoosolek teatab tööandjale viivitamatult kirjalikult või kirjalikku taasesitamist võimaldavas vormis usaldusisiku valimisest ja tema volituste kestusest ning usaldusisiku tagasikutsumisest.,true,inForce,2007-02-01,,estleg:TUIS_Par_7_v12771390
estleg:TUIS_Par_7_Lg_7,estleg:TUIS_Map,§ 7.,7,(7) Üldkoosolek teatab tööandjale kirjalikult või kirjalikku taasesitamist võimaldavas vormis usaldusisikute õigusest töötajaid ühiselt esindada.,true,inForce,2007-02-01,,estleg:TUIS_Par_7_v12771390
estleg:TUIS_Par_8,estleg:TUIS_Map,§ 8.,,"(1) Usaldusisiku volitused kehtivad kolm aastat, kui üldkoosolek ei ole otsustanud teisiti. (2) Ettevõtte üleminekul kehtivad usaldusisiku volitused nende lõppemiseni, kuid mitte kauem kui üks aasta üleminekust arvates. (3) Võlaõigusseaduse §-s 181 sätestatud piiranguid usaldusisiku volituste üleminekul ei kohaldata.",true,inForce,2009-07-01,,estleg:TUIS_Par_8_v13125354
estleg:TUIS_Par_8_Lg_1,estleg:TUIS_Map,§ 8.,1,"(1) Usaldusisiku volitused kehtivad kolm aastat, kui üldkoosolek ei ole otsustanud teisiti.",true,inForce,2009-07-01,,estleg:TUIS_Par_8_v13125354
estleg:TUIS_Par_8_Lg_2,estleg:TUIS_Map,§ 8.,2,"(2) Ettevõtte üleminekul kehtivad usaldusisiku volitused nende lõppemiseni, kuid mitte kauem kui üks aasta üleminekust arvates.",true,inForce,2009-07-01,,estleg:TUIS_Par_8_v13125354
estleg:TUIS_Par_8_Lg_3,estleg:TUIS_Map,§ 8.,3,(3) Võlaõigusseaduse §-s 181 sätestatud piiranguid usaldusisiku volituste üleminekul ei kohaldata.,true,inForce,2009-07-01,,estleg:TUIS_Par_8_v13125354
estleg:TUIS_Par_9,estleg:TUIS_Map,§ 9.,,"Usaldusisikul on õigus: tutvuda takistamatult töötingimuste, sealhulgas töökorraldusega; saada tööandjalt oma ülesannete täitmiseks vajalikku teavet ning konsulteerida selle teabe alusel tööandjaga; kehtetu - pidada tööandjaga läbirääkimisi kollektiivlepingu sõlmimiseks kollektiivlepingu seaduses sätestatud tingimustel ja korras, kui tööandja juures ei ole ametiühingut või ei tööta ametiühingusse kuuluvaid töötajaid; esindada töötajaid kollektiivse töötüli lahendamisel kollektiivse töötüli lahendamise seaduses sätestatud tingimustel ja korras, kui tööandja juures ei ole ametiühingut või ei tööta ametiühingusse kuuluvaid töötajaid; teavitada huvitatud ametiühingut ning tööandjate ja ametiühingute liitu või keskliitu tööandjapoolsest töötingimuste rikkumisest; pöörduda saadud teabe konfidentsiaalsusest või teabe andmisest keeldumisest tuleneva vaidluse lahendamiseks töövaidlusi lahendavasse organisse; saada koolitust oma ülesannete täitmiseks käesoleva seaduse §-s 14 sätestatud korras; kaasata oma ülesannete täitmiseks eksperte; kokkuleppel tööandjaga kasutada usaldusisiku ülesannete täitmiseks vajalikke tööandja ruume ja muid vahendeid.",true,inForce,2011-01-01,,estleg:TUIS_Par_9_v13315515
estleg:TUIS_Par_9_Lg_1,estleg:TUIS_Map,§ 9.,,"Usaldusisikul on õigus: tutvuda takistamatult töötingimuste, sealhulgas töökorraldusega; saada tööandjalt oma ülesannete täitmiseks vajalikku teavet ning konsulteerida selle teabe alusel tööandjaga; kehtetu - pidada tööandjaga läbirääkimisi kollektiivlepingu sõlmimiseks kollektiivlepingu seaduses sätestatud tingimustel ja korras, kui tööandja juures ei ole ametiühingut või ei tööta ametiühingusse kuuluvaid töötajaid; esindada töötajaid kollektiivse töötüli lahendamisel kollektiivse töötüli lahendamise seaduses sätestatud tingimustel ja korras, kui tööandja juures ei ole ametiühingut või ei tööta ametiühingusse kuuluvaid töötajaid; teavitada huvitatud ametiühingut ning tööandjate ja ametiühingute liitu või keskliitu tööandjapoolsest töötingimuste rikkumisest; pöörduda saadud teabe konfidentsiaalsusest või teabe andmisest keeldumisest tuleneva vaidluse lahendamiseks töövaidlusi lahendavasse organisse; saada koolitust oma ülesannete täitmiseks käesoleva seaduse §-s 14 sätestatud korras; kaasata oma ülesannete täitmiseks eksperte; kokkuleppel tööandjaga kasutada usaldusisiku ülesannete täitmiseks vajalikke tööandja ruume ja muid vahendeid.",true,inForce,2011-01-01,,estleg:TUIS_Par_9_v13315515
